CREATE DATABASE  IF NOT EXISTS `pos_dev` /*!40100 DEFAULT CHARACTER SET utf8 */;
USE `pos_dev`;
-- MySQL dump 10.13  Distrib 5.6.17, for Win32 (x86)
--
-- Host: localhost    Database: pos_dev
-- ------------------------------------------------------
-- Server version	5.5.32

/*!40101 SET @OLD_CHARACTER_SET_CLIENT=@@CHARACTER_SET_CLIENT */;
/*!40101 SET @OLD_CHARACTER_SET_RESULTS=@@CHARACTER_SET_RESULTS */;
/*!40101 SET @OLD_COLLATION_CONNECTION=@@COLLATION_CONNECTION */;
/*!40101 SET NAMES utf8 */;
/*!40103 SET @OLD_TIME_ZONE=@@TIME_ZONE */;
/*!40103 SET TIME_ZONE='+00:00' */;
/*!40014 SET @OLD_UNIQUE_CHECKS=@@UNIQUE_CHECKS, UNIQUE_CHECKS=0 */;
/*!40014 SET @OLD_FOREIGN_KEY_CHECKS=@@FOREIGN_KEY_CHECKS, FOREIGN_KEY_CHECKS=0 */;
/*!40101 SET @OLD_SQL_MODE=@@SQL_MODE, SQL_MODE='NO_AUTO_VALUE_ON_ZERO' */;
/*!40111 SET @OLD_SQL_NOTES=@@SQL_NOTES, SQL_NOTES=0 */;

--
-- Table structure for table `categories`
--

DROP TABLE IF EXISTS `categories`;
/*!40101 SET @saved_cs_client     = @@character_set_client */;
/*!40101 SET character_set_client = utf8 */;
CREATE TABLE `categories` (
  `id` int(11) NOT NULL AUTO_INCREMENT,
  `name` varchar(60) NOT NULL,
  `code` varchar(60) NOT NULL,
  `descr` varchar(60) NOT NULL,
  `created_at` timestamp NOT NULL DEFAULT CURRENT_TIMESTAMP,
  `modified_at` datetime DEFAULT NULL,
  `created_by` varchar(30) DEFAULT NULL,
  `modified_by` varchar(30) DEFAULT NULL,
  `active` tinyint(1) DEFAULT '1',
  PRIMARY KEY (`id`)
) ENGINE=InnoDB AUTO_INCREMENT=2 DEFAULT CHARSET=utf8;
/*!40101 SET character_set_client = @saved_cs_client */;

--
-- Dumping data for table `categories`
--

LOCK TABLES `categories` WRITE;
/*!40000 ALTER TABLE `categories` DISABLE KEYS */;
INSERT INTO `categories` VALUES (1,'Posion','0002','','2014-07-19 17:10:15','2014-11-08 22:43:39',NULL,NULL,1);
/*!40000 ALTER TABLE `categories` ENABLE KEYS */;
UNLOCK TABLES;

--
-- Table structure for table `communes`
--

DROP TABLE IF EXISTS `communes`;
/*!40101 SET @saved_cs_client     = @@character_set_client */;
/*!40101 SET character_set_client = utf8 */;
CREATE TABLE `communes` (
  `id` int(11) NOT NULL AUTO_INCREMENT,
  `name` varchar(50) NOT NULL,
  `descr` varchar(255) DEFAULT NULL,
  `commune_id` int(11) NOT NULL,
  `created_at` timestamp NOT NULL DEFAULT CURRENT_TIMESTAMP,
  `modified_at` datetime DEFAULT NULL,
  `created_by` varchar(30) DEFAULT NULL,
  `modified_by` varchar(30) DEFAULT NULL,
  `active` tinyint(1) DEFAULT '1',
  PRIMARY KEY (`id`)
) ENGINE=InnoDB DEFAULT CHARSET=utf8;
/*!40101 SET character_set_client = @saved_cs_client */;

--
-- Dumping data for table `communes`
--

LOCK TABLES `communes` WRITE;
/*!40000 ALTER TABLE `communes` DISABLE KEYS */;
/*!40000 ALTER TABLE `communes` ENABLE KEYS */;
UNLOCK TABLES;

--
-- Table structure for table `countries`
--

DROP TABLE IF EXISTS `countries`;
/*!40101 SET @saved_cs_client     = @@character_set_client */;
/*!40101 SET character_set_client = utf8 */;
CREATE TABLE `countries` (
  `id` int(11) NOT NULL AUTO_INCREMENT,
  `name` varchar(50) NOT NULL,
  `descr` varchar(255) DEFAULT NULL,
  `created_at` timestamp NOT NULL DEFAULT CURRENT_TIMESTAMP,
  `modified_at` datetime DEFAULT NULL,
  `created_by` varchar(30) DEFAULT NULL,
  `modified_by` varchar(30) DEFAULT NULL,
  `active` tinyint(1) DEFAULT '1',
  PRIMARY KEY (`id`)
) ENGINE=InnoDB AUTO_INCREMENT=4 DEFAULT CHARSET=utf8;
/*!40101 SET character_set_client = @saved_cs_client */;

--
-- Dumping data for table `countries`
--

LOCK TABLES `countries` WRITE;
/*!40000 ALTER TABLE `countries` DISABLE KEYS */;
INSERT INTO `countries` VALUES (1,'KH','Cambodia','2014-03-28 15:39:37',NULL,NULL,NULL,1),(2,'USA','The United States','2014-03-28 15:39:37',NULL,NULL,NULL,1),(3,'CAN','Canada','2014-03-28 15:39:37',NULL,NULL,NULL,1);
/*!40000 ALTER TABLE `countries` ENABLE KEYS */;
UNLOCK TABLES;

--
-- Table structure for table `currencies`
--

DROP TABLE IF EXISTS `currencies`;
/*!40101 SET @saved_cs_client     = @@character_set_client */;
/*!40101 SET character_set_client = utf8 */;
CREATE TABLE `currencies` (
  `id` int(11) NOT NULL AUTO_INCREMENT,
  `exchange_rate` varchar(60) DEFAULT NULL,
  `name` varchar(60) NOT NULL,
  `code` varchar(255) NOT NULL,
  `local_id` int(11) DEFAULT NULL,
  `created_at` timestamp NOT NULL DEFAULT CURRENT_TIMESTAMP,
  `modified_at` datetime DEFAULT NULL,
  `created_by` varchar(30) DEFAULT NULL,
  `modified_by` varchar(30) DEFAULT NULL,
  `active` tinyint(1) DEFAULT '1',
  PRIMARY KEY (`id`)
) ENGINE=InnoDB DEFAULT CHARSET=utf8;
/*!40101 SET character_set_client = @saved_cs_client */;

--
-- Dumping data for table `currencies`
--

LOCK TABLES `currencies` WRITE;
/*!40000 ALTER TABLE `currencies` DISABLE KEYS */;
/*!40000 ALTER TABLE `currencies` ENABLE KEYS */;
UNLOCK TABLES;

--
-- Table structure for table `customer_shipping`
--

DROP TABLE IF EXISTS `customer_shipping`;
/*!40101 SET @saved_cs_client     = @@character_set_client */;
/*!40101 SET character_set_client = utf8 */;
CREATE TABLE `customer_shipping` (
  `id` int(11) NOT NULL AUTO_INCREMENT,
  `customer_id` int(11) NOT NULL,
  `shipping_to` varchar(65) COLLATE utf8_bin NOT NULL,
  `shipping_address` varchar(255) COLLATE utf8_bin NOT NULL,
  `created_at` timestamp NOT NULL DEFAULT CURRENT_TIMESTAMP,
  `modified_at` datetime DEFAULT NULL,
  `created_by` varchar(30) COLLATE utf8_bin DEFAULT NULL,
  `modified_by` varchar(30) COLLATE utf8_bin DEFAULT NULL,
  `active` tinyint(1) DEFAULT '1',
  `note` varchar(255) COLLATE utf8_bin DEFAULT NULL,
  `phone` varchar(15) COLLATE utf8_bin DEFAULT NULL,
  `primary` int(11) DEFAULT NULL,
  PRIMARY KEY (`id`),
  KEY `fk_customer_shipping__customers` (`customer_id`),
  CONSTRAINT `fk_customer_shipping__customers` FOREIGN KEY (`customer_id`) REFERENCES `customers` (`id`)
) ENGINE=InnoDB AUTO_INCREMENT=5 DEFAULT CHARSET=utf8 COLLATE=utf8_bin;
/*!40101 SET character_set_client = @saved_cs_client */;

--
-- Dumping data for table `customer_shipping`
--

LOCK TABLES `customer_shipping` WRITE;
/*!40000 ALTER TABLE `customer_shipping` DISABLE KEYS */;
INSERT INTO `customer_shipping` VALUES (1,2,'អេង','kompnong change','2014-06-02 13:09:47','0000-00-00 00:00:00','engeung','engeung',0,NULL,NULL,NULL),(2,2,'អេង','កំពង់ឆ្មាំង​​ ផ្សាឆ្មាំង','2014-06-02 13:13:11','0000-00-00 00:00:00','engeung','engeung',0,NULL,NULL,NULL),(3,1,'Eng','Kompong','2014-06-07 13:49:39','0000-00-00 00:00:00','engeung','engeung',1,NULL,NULL,NULL),(4,2,'eng eung','phnom penh','2014-06-07 15:02:34',NULL,'engeung',NULL,0,NULL,NULL,NULL);
/*!40000 ALTER TABLE `customer_shipping` ENABLE KEYS */;
UNLOCK TABLES;

--
-- Table structure for table `customer_types`
--

DROP TABLE IF EXISTS `customer_types`;
/*!40101 SET @saved_cs_client     = @@character_set_client */;
/*!40101 SET character_set_client = utf8 */;
CREATE TABLE `customer_types` (
  `id` int(11) NOT NULL AUTO_INCREMENT,
  `name` varchar(30) DEFAULT NULL,
  `descr` varchar(255) DEFAULT NULL,
  `created_at` timestamp NOT NULL DEFAULT CURRENT_TIMESTAMP,
  `modified_at` datetime DEFAULT NULL,
  `created_by` varchar(30) DEFAULT NULL,
  `modified_by` varchar(30) DEFAULT NULL,
  `active` tinyint(1) DEFAULT '1',
  PRIMARY KEY (`id`)
) ENGINE=InnoDB AUTO_INCREMENT=3 DEFAULT CHARSET=utf8;
/*!40101 SET character_set_client = @saved_cs_client */;

--
-- Dumping data for table `customer_types`
--

LOCK TABLES `customer_types` WRITE;
/*!40000 ALTER TABLE `customer_types` DISABLE KEYS */;
INSERT INTO `customer_types` VALUES (1,'Customer is rural    ',NULL,'2014-04-13 16:10:41',NULL,NULL,NULL,1),(2,'Customer is urban',NULL,'2014-04-13 16:10:41',NULL,NULL,NULL,1);
/*!40000 ALTER TABLE `customer_types` ENABLE KEYS */;
UNLOCK TABLES;

--
-- Table structure for table `customers`
--

DROP TABLE IF EXISTS `customers`;
/*!40101 SET @saved_cs_client     = @@character_set_client */;
/*!40101 SET character_set_client = utf8 */;
CREATE TABLE `customers` (
  `id` int(11) NOT NULL AUTO_INCREMENT,
  `first_name` varchar(50) NOT NULL,
  `last_name` varchar(50) DEFAULT NULL,
  `title` varchar(20) DEFAULT NULL,
  `customer_type` int(11) DEFAULT NULL,
  `phone1` varchar(30) DEFAULT NULL,
  `phone2` varchar(30) DEFAULT NULL,
  `email1` varchar(30) DEFAULT NULL,
  `country_id` int(11) DEFAULT NULL,
  `province_id` int(11) DEFAULT NULL,
  `commune_id` int(11) DEFAULT NULL,
  `district_id` int(11) DEFAULT NULL,
  `created_at` timestamp NOT NULL DEFAULT CURRENT_TIMESTAMP,
  `modified_at` datetime DEFAULT NULL,
  `created_by` varchar(30) DEFAULT NULL,
  `modified_by` varchar(30) DEFAULT NULL,
  `active` tinyint(1) DEFAULT '1',
  `location_id` int(11) DEFAULT NULL,
  `address` varchar(255) DEFAULT NULL,
  `picture_id` int(11) DEFAULT NULL,
  `fax` varchar(10) DEFAULT NULL,
  `note` varchar(255) DEFAULT NULL,
  PRIMARY KEY (`id`)
) ENGINE=InnoDB AUTO_INCREMENT=3 DEFAULT CHARSET=utf8;
/*!40101 SET character_set_client = @saved_cs_client */;

--
-- Dumping data for table `customers`
--

LOCK TABLES `customers` WRITE;
/*!40000 ALTER TABLE `customers` DISABLE KEYS */;
INSERT INTO `customers` VALUES (1,'eng','eung','1',1,'(092) 302-605','(010) 577-246','',NULL,NULL,NULL,NULL,'2014-04-28 06:30:04',NULL,NULL,NULL,1,1,'Kompong ',1,NULL,NULL),(2,'enngsdf','la','1',1,'(092) 302-605','(010) 577-246',NULL,NULL,NULL,NULL,NULL,'2014-04-29 07:32:30',NULL,NULL,NULL,1,1,'Kompong ',1,NULL,NULL);
/*!40000 ALTER TABLE `customers` ENABLE KEYS */;
UNLOCK TABLES;

--
-- Table structure for table `districts`
--

DROP TABLE IF EXISTS `districts`;
/*!40101 SET @saved_cs_client     = @@character_set_client */;
/*!40101 SET character_set_client = utf8 */;
CREATE TABLE `districts` (
  `id` int(11) NOT NULL AUTO_INCREMENT,
  `name` varchar(50) NOT NULL,
  `descr` varchar(255) DEFAULT NULL,
  `province_state_id` int(11) NOT NULL,
  `created_at` timestamp NOT NULL DEFAULT CURRENT_TIMESTAMP,
  `modified_at` datetime DEFAULT NULL,
  `created_by` varchar(30) DEFAULT NULL,
  `modified_by` varchar(30) DEFAULT NULL,
  `active` tinyint(1) DEFAULT '1',
  PRIMARY KEY (`id`)
) ENGINE=InnoDB AUTO_INCREMENT=69 DEFAULT CHARSET=utf8;
/*!40101 SET character_set_client = @saved_cs_client */;

--
-- Dumping data for table `districts`
--

LOCK TABLES `districts` WRITE;
/*!40000 ALTER TABLE `districts` DISABLE KEYS */;
INSERT INTO `districts` VALUES (1,'Chamkarmon','Chamkarmon',1,'2014-03-29 14:45:18',NULL,NULL,NULL,1),(2,'Chbar Ampov','Chbar Ampov',1,'2014-03-29 14:45:18',NULL,NULL,NULL,1),(3,'Chroy Changva','Chroy Changva',1,'2014-03-29 14:45:18',NULL,NULL,NULL,1),(4,'Dangkao','Dangkao',1,'2014-03-29 14:45:18',NULL,NULL,NULL,1),(5,'Daun Penh','Daun Penh',1,'2014-03-29 14:45:18',NULL,NULL,NULL,1),(6,'Meanchey','Meanchey',1,'2014-03-29 14:45:18',NULL,NULL,NULL,1),(7,'Prampi Makara','Prampi Makara',1,'2014-03-29 14:45:18',NULL,NULL,NULL,1),(8,'Russey Keo','Russey Keo',1,'2014-03-29 14:45:18',NULL,NULL,NULL,1),(9,'Sen Sok','Sen Sok',1,'2014-03-29 14:45:18',NULL,NULL,NULL,1),(10,'Tuol Kork','Tuol Kork',1,'2014-03-29 14:45:18',NULL,NULL,NULL,1),(11,'Porsenchey','Porsenchey',1,'2014-03-29 14:45:18',NULL,NULL,NULL,1),(12,'Prek Pnov','Prek Pnov',1,'2014-03-29 14:45:18',NULL,NULL,NULL,1),(13,'Mongkol Borey','Mongkol Borey',2,'2014-03-29 14:45:18',NULL,NULL,NULL,1),(14,'Phnom Srok','Phnom Srok',2,'2014-03-29 14:45:18',NULL,NULL,NULL,1),(15,'Preah Net Preah','Preah Net Preah',2,'2014-03-29 14:45:18',NULL,NULL,NULL,1),(16,'Ou Chrov','Ou Chrov',2,'2014-03-29 14:45:18',NULL,NULL,NULL,1),(17,'Serei Saophoan','Serei Saophoan',2,'2014-03-29 14:45:18',NULL,NULL,NULL,1),(18,'Thmar Puok','Thmar Puok',2,'2014-03-29 14:45:18',NULL,NULL,NULL,1),(19,'Svay Chek','Svay Chek',2,'2014-03-29 14:45:18',NULL,NULL,NULL,1),(20,' Malai',' Malai',2,'2014-03-29 14:45:18',NULL,NULL,NULL,1),(21,'Banan','Banan',3,'2014-03-29 14:45:18',NULL,NULL,NULL,1),(22,'Thmar Koul','Thmar Koul',3,'2014-03-29 14:45:18',NULL,NULL,NULL,1),(23,'Battambang','Battambang',3,'2014-03-29 14:45:18',NULL,NULL,NULL,1),(24,'Bavel ','Bavel ',3,'2014-03-29 14:45:18',NULL,NULL,NULL,1),(25,'Aek Phnom','Aek Phnom',3,'2014-03-29 14:45:18',NULL,NULL,NULL,1),(26,'Moung Russei','Moung Russei',3,'2014-03-29 14:45:18',NULL,NULL,NULL,1),(27,'Rotanak Mondul','Rotanak Mondul',3,'2014-03-29 14:45:18',NULL,NULL,NULL,1),(28,'Sangkhae','Sangkhae',3,'2014-03-29 14:45:18',NULL,NULL,NULL,1),(29,'Samlout','Samlout',3,'2014-03-29 14:45:18',NULL,NULL,NULL,1),(30,'Sampov Loun','Sampov Loun',3,'2014-03-29 14:45:18',NULL,NULL,NULL,1),(31,'Phnom Proek','Phnom Proek',3,'2014-03-29 14:45:18',NULL,NULL,NULL,1),(32,'Kamrieng','Kamrieng',3,'2014-03-29 14:45:18',NULL,NULL,NULL,1),(33,'Koas Krala','Koas Krala',3,'2014-03-29 14:45:18',NULL,NULL,NULL,1),(34,'Ruhakiri','Ruhakiri',3,'2014-03-29 14:45:18',NULL,NULL,NULL,1),(35,'Batheay','Batheay',4,'2014-03-29 14:57:35',NULL,NULL,NULL,1),(36,'Chamkar Leu','Chamkar Leu',4,'2014-03-29 14:57:35',NULL,NULL,NULL,1),(37,'Cheung Prey','Cheung Prey',4,'2014-03-29 14:57:35',NULL,NULL,NULL,1),(38,'Kampong Cham','Kampong Cham',4,'2014-03-29 14:57:35',NULL,NULL,NULL,1),(39,'Kampong Siem','Kampong Siem',4,'2014-03-29 14:57:35',NULL,NULL,NULL,1),(40,'Kang Meas','Kang Meas',4,'2014-03-29 14:57:35',NULL,NULL,NULL,1),(41,'Koh Sotin','Koh Sotin',4,'2014-03-29 14:57:35',NULL,NULL,NULL,1),(42,'Prey Chhor','Prey Chhor',4,'2014-03-29 14:57:35',NULL,NULL,NULL,1),(43,'Srey Santhor','Srey Santhor',4,'2014-03-29 14:57:35',NULL,NULL,NULL,1),(44,'Stueng Trang','Stueng Trang',4,'2014-03-29 14:57:35',NULL,NULL,NULL,1),(45,'Baribour','Baribour',5,'2014-03-29 14:57:35',NULL,NULL,NULL,1),(46,'Chol Kiri','Chol Kiri',5,'2014-03-29 14:57:35',NULL,NULL,NULL,1),(47,'Kampong Chhnang','Kampong Chhnang',5,'2014-03-29 14:57:35',NULL,NULL,NULL,1),(48,'Kampong Leng','Kampong Leng',5,'2014-03-29 14:57:35',NULL,NULL,NULL,1),(49,'Kampong Tralach','Kampong Tralach',5,'2014-03-29 14:57:35',NULL,NULL,NULL,1),(50,'Rolea Bier','Rolea Bier',5,'2014-03-29 14:57:35',NULL,NULL,NULL,1),(51,'Samaki Meanchey','Samaki Meanchey',5,'2014-03-29 14:57:35',NULL,NULL,NULL,1),(52,'Tuek Phos','Tuek Phos',5,'2014-03-29 14:57:35',NULL,NULL,NULL,1),(53,'Kong Pisei','Kong Pisei',6,'2014-03-29 14:59:35',NULL,NULL,NULL,1),(54,'Baset','Baset',6,'2014-03-29 14:59:35',NULL,NULL,NULL,1),(55,'Chbar Mon','Chbar Mon',6,'2014-03-29 14:59:35',NULL,NULL,NULL,1),(56,'Aural','Aural',6,'2014-03-29 14:59:35',NULL,NULL,NULL,1),(57,'Udong','Udong',6,'2014-03-29 14:59:35',NULL,NULL,NULL,1),(58,'Phnom Sruoch','Phnom Sruoch',6,'2014-03-29 14:59:35',NULL,NULL,NULL,1),(59,'Samraong Tong','Samraong Tong',6,'2014-03-29 14:59:35',NULL,NULL,NULL,1),(60,'Thpong','Thpong',6,'2014-03-29 14:59:35',NULL,NULL,NULL,1),(61,'Baray','Baray',7,'2014-03-29 15:01:38',NULL,NULL,NULL,1),(62,'Kampong Svay','Kampong Svay',7,'2014-03-29 15:01:38',NULL,NULL,NULL,1),(63,'Stung Sen','Stung Sen',7,'2014-03-29 15:01:38',NULL,NULL,NULL,1),(64,'Prasat Balang','Prasat Balang',7,'2014-03-29 15:01:38',NULL,NULL,NULL,1),(65,'Prasat Sambour','Prasat Sambour',7,'2014-03-29 15:01:38',NULL,NULL,NULL,1),(66,'Sandan','Sandan',7,'2014-03-29 15:01:38',NULL,NULL,NULL,1),(67,'Santuk','Santuk',7,'2014-03-29 15:01:38',NULL,NULL,NULL,1),(68,'Stoung','Stoung',7,'2014-03-29 15:01:38',NULL,NULL,NULL,1);
/*!40000 ALTER TABLE `districts` ENABLE KEYS */;
UNLOCK TABLES;

--
-- Table structure for table `item_codes`
--

DROP TABLE IF EXISTS `item_codes`;
/*!40101 SET @saved_cs_client     = @@character_set_client */;
/*!40101 SET character_set_client = utf8 */;
CREATE TABLE `item_codes` (
  `id` int(11) NOT NULL AUTO_INCREMENT,
  `catgory_id` varchar(64) DEFAULT NULL,
  `item_type_id` varchar(64) DEFAULT NULL,
  `item_code` varchar(64) DEFAULT NULL,
  `descr` varchar(128) DEFAULT NULL,
  `barcode` varchar(25) DEFAULT NULL,
  `unit_group_code` varchar(16) DEFAULT NULL,
  `note` varchar(255) DEFAULT NULL,
  `created_at` timestamp NOT NULL DEFAULT CURRENT_TIMESTAMP,
  `modified_at` datetime DEFAULT NULL,
  `created_by` varchar(30) DEFAULT NULL,
  `modified_by` varchar(30) DEFAULT NULL,
  `active` tinyint(1) DEFAULT '1',
  PRIMARY KEY (`id`),
  UNIQUE KEY `id_UNIQUE` (`id`)
) ENGINE=InnoDB AUTO_INCREMENT=2 DEFAULT CHARSET=utf8;
/*!40101 SET character_set_client = @saved_cs_client */;

--
-- Dumping data for table `item_codes`
--

LOCK TABLES `item_codes` WRITE;
/*!40000 ALTER TABLE `item_codes` DISABLE KEYS */;
INSERT INTO `item_codes` VALUES (1,'1','1','1','1','1','1',NULL,'2014-09-30 17:43:21',NULL,NULL,NULL,1);
/*!40000 ALTER TABLE `item_codes` ENABLE KEYS */;
UNLOCK TABLES;

--
-- Table structure for table `item_size_details`
--

DROP TABLE IF EXISTS `item_size_details`;
/*!40101 SET @saved_cs_client     = @@character_set_client */;
/*!40101 SET character_set_client = utf8 */;
CREATE TABLE `item_size_details` (
  `id` int(11) NOT NULL AUTO_INCREMENT,
  `qty_per_unit` varchar(20) DEFAULT NULL,
  `unit_code` varchar(10) DEFAULT NULL,
  `size_group_code` varchar(20) DEFAULT NULL,
  `created_at` timestamp NOT NULL DEFAULT CURRENT_TIMESTAMP,
  `modified_at` datetime DEFAULT NULL,
  `created_by` varchar(30) DEFAULT NULL,
  `modified_by` varchar(30) DEFAULT NULL,
  `active` tinyint(1) DEFAULT '1',
  PRIMARY KEY (`id`)
) ENGINE=InnoDB AUTO_INCREMENT=5 DEFAULT CHARSET=utf8;
/*!40101 SET character_set_client = @saved_cs_client */;

--
-- Dumping data for table `item_size_details`
--

LOCK TABLES `item_size_details` WRITE;
/*!40000 ALTER TABLE `item_size_details` DISABLE KEYS */;
INSERT INTO `item_size_details` VALUES (3,'5','Pkg','5x10','2014-09-18 18:22:29',NULL,NULL,NULL,1),(4,'10','Unit','5x10','2014-09-18 18:22:29',NULL,NULL,NULL,1);
/*!40000 ALTER TABLE `item_size_details` ENABLE KEYS */;
UNLOCK TABLES;

--
-- Table structure for table `item_size_groups`
--

DROP TABLE IF EXISTS `item_size_groups`;
/*!40101 SET @saved_cs_client     = @@character_set_client */;
/*!40101 SET character_set_client = utf8 */;
CREATE TABLE `item_size_groups` (
  `id` int(11) NOT NULL AUTO_INCREMENT,
  `code` varchar(20) DEFAULT NULL,
  `descr` varchar(65) DEFAULT NULL,
  `unit_group_code` varchar(20) DEFAULT NULL,
  `created_at` timestamp NOT NULL DEFAULT CURRENT_TIMESTAMP,
  `modified_at` datetime DEFAULT NULL,
  `created_by` varchar(30) DEFAULT NULL,
  `modified_by` varchar(30) DEFAULT NULL,
  `active` tinyint(1) DEFAULT '1',
  PRIMARY KEY (`id`)
) ENGINE=InnoDB AUTO_INCREMENT=4 DEFAULT CHARSET=utf8;
/*!40101 SET character_set_client = @saved_cs_client */;

--
-- Dumping data for table `item_size_groups`
--

LOCK TABLES `item_size_groups` WRITE;
/*!40000 ALTER TABLE `item_size_groups` DISABLE KEYS */;
INSERT INTO `item_size_groups` VALUES (3,'5x10','5x10','Ctn','2014-09-18 18:22:29',NULL,NULL,NULL,1);
/*!40000 ALTER TABLE `item_size_groups` ENABLE KEYS */;
UNLOCK TABLES;

--
-- Table structure for table `item_types`
--

DROP TABLE IF EXISTS `item_types`;
/*!40101 SET @saved_cs_client     = @@character_set_client */;
/*!40101 SET character_set_client = utf8 */;
CREATE TABLE `item_types` (
  `id` int(11) NOT NULL AUTO_INCREMENT,
  `category_id` int(11) NOT NULL,
  `name` varchar(65) NOT NULL,
  `code` varchar(65) NOT NULL,
  `descr` varchar(255) NOT NULL,
  `created_at` timestamp NOT NULL DEFAULT CURRENT_TIMESTAMP,
  `modified_at` datetime DEFAULT NULL,
  `created_by` varchar(30) DEFAULT NULL,
  `modified_by` varchar(30) DEFAULT NULL,
  `active` tinyint(1) DEFAULT '1',
  PRIMARY KEY (`id`),
  KEY `fk_item_types__categories` (`category_id`),
  CONSTRAINT `fk_item_types__categories` FOREIGN KEY (`category_id`) REFERENCES `categories` (`id`)
) ENGINE=InnoDB AUTO_INCREMENT=3 DEFAULT CHARSET=utf8;
/*!40101 SET character_set_client = @saved_cs_client */;

--
-- Dumping data for table `item_types`
--

LOCK TABLES `item_types` WRITE;
/*!40000 ALTER TABLE `item_types` DISABLE KEYS */;
INSERT INTO `item_types` VALUES (1,1,'Noc','Noc','Noc','2014-10-06 13:58:58','2014-10-06 21:12:59',NULL,NULL,1),(2,1,'DD','DD','DD','2014-10-06 14:04:09','2014-10-06 21:12:49',NULL,NULL,1);
/*!40000 ALTER TABLE `item_types` ENABLE KEYS */;
UNLOCK TABLES;

--
-- Table structure for table `item_unit_details`
--

DROP TABLE IF EXISTS `item_unit_details`;
/*!40101 SET @saved_cs_client     = @@character_set_client */;
/*!40101 SET character_set_client = utf8 */;
CREATE TABLE `item_unit_details` (
  `id` int(11) NOT NULL AUTO_INCREMENT,
  `code` varchar(100) DEFAULT NULL,
  `descr` varchar(50) DEFAULT NULL,
  `unit_group_code` varchar(20) DEFAULT NULL,
  `main_unit` tinyint(1) DEFAULT NULL,
  `created_at` timestamp NOT NULL DEFAULT CURRENT_TIMESTAMP,
  `modified_at` datetime DEFAULT NULL,
  `created_by` varchar(30) DEFAULT NULL,
  `modified_by` varchar(30) DEFAULT NULL,
  `active` tinyint(1) DEFAULT '1',
  PRIMARY KEY (`id`)
) ENGINE=InnoDB AUTO_INCREMENT=32 DEFAULT CHARSET=utf8;
/*!40101 SET character_set_client = @saved_cs_client */;

--
-- Dumping data for table `item_unit_details`
--

LOCK TABLES `item_unit_details` WRITE;
/*!40000 ALTER TABLE `item_unit_details` DISABLE KEYS */;
INSERT INTO `item_unit_details` VALUES (28,'Pkg','Pkg','Ctn',1,'2014-09-18 16:17:54',NULL,'53344b5685ba0',NULL,1),(29,'Unit','Unit','Ctn',0,'2014-09-18 16:17:54',NULL,'53344b5685ba0',NULL,1),(30,'Bag','Bag','Bag',1,'2014-11-07 16:16:17',NULL,'53344b5685ba0',NULL,1),(31,'Kg','Kg','Bag',0,'2014-11-07 16:16:17',NULL,'53344b5685ba0',NULL,1);
/*!40000 ALTER TABLE `item_unit_details` ENABLE KEYS */;
UNLOCK TABLES;

--
-- Table structure for table `item_unit_groups`
--

DROP TABLE IF EXISTS `item_unit_groups`;
/*!40101 SET @saved_cs_client     = @@character_set_client */;
/*!40101 SET character_set_client = utf8 */;
CREATE TABLE `item_unit_groups` (
  `id` int(11) NOT NULL AUTO_INCREMENT,
  `code` varchar(60) DEFAULT NULL,
  `descr` varchar(65) DEFAULT NULL,
  `created_at` timestamp NOT NULL DEFAULT CURRENT_TIMESTAMP,
  `modified_at` datetime DEFAULT NULL,
  `created_by` varchar(30) DEFAULT NULL,
  `modified_by` varchar(30) DEFAULT NULL,
  `active` tinyint(1) DEFAULT '1',
  PRIMARY KEY (`id`)
) ENGINE=InnoDB AUTO_INCREMENT=22 DEFAULT CHARSET=utf8;
/*!40101 SET character_set_client = @saved_cs_client */;

--
-- Dumping data for table `item_unit_groups`
--

LOCK TABLES `item_unit_groups` WRITE;
/*!40000 ALTER TABLE `item_unit_groups` DISABLE KEYS */;
INSERT INTO `item_unit_groups` VALUES (20,'Ctn','Ctn','2014-09-18 16:17:53',NULL,'53344b5685ba0',NULL,1),(21,'Bag','Bag','2014-11-07 16:16:16',NULL,'53344b5685ba0',NULL,1);
/*!40000 ALTER TABLE `item_unit_groups` ENABLE KEYS */;
UNLOCK TABLES;

--
-- Table structure for table `locations`
--

DROP TABLE IF EXISTS `locations`;
/*!40101 SET @saved_cs_client     = @@character_set_client */;
/*!40101 SET character_set_client = utf8 */;
CREATE TABLE `locations` (
  `id` int(11) NOT NULL AUTO_INCREMENT,
  `name` varchar(50) NOT NULL,
  `type` varchar(45) DEFAULT NULL,
  `country` varchar(45) DEFAULT NULL,
  `province` varchar(45) DEFAULT NULL,
  `district` varchar(45) DEFAULT NULL,
  `commune` varchar(45) DEFAULT NULL,
  `village` varchar(45) DEFAULT NULL,
  `created_at` timestamp NOT NULL DEFAULT CURRENT_TIMESTAMP,
  `modified_at` datetime DEFAULT NULL,
  `created_by` varchar(30) DEFAULT NULL,
  `modified_by` varchar(30) DEFAULT NULL,
  `active` tinyint(1) DEFAULT '1',
  PRIMARY KEY (`id`)
) ENGINE=InnoDB AUTO_INCREMENT=2108 DEFAULT CHARSET=utf8;
/*!40101 SET character_set_client = @saved_cs_client */;

--
-- Dumping data for table `locations`
--

LOCK TABLES `locations` WRITE;
/*!40000 ALTER TABLE `locations` DISABLE KEYS */;
INSERT INTO `locations` VALUES (1,'Cambodia','1','1','0','0','0','\n','0000-00-00 00:00:00','0000-00-00 00:00:00','\n','\n',1),(2,'Banteay Meanchey','2','1','1','0','0','\n','0000-00-00 00:00:00','0000-00-00 00:00:00','\n','\n',1),(3,'Battambang','2','1','2','0','0','\n','0000-00-00 00:00:00','0000-00-00 00:00:00','\n','\n',1),(4,'Kampong Cham','2','1','3','0','0','\n','0000-00-00 00:00:00','0000-00-00 00:00:00','\n','\n',1),(5,'Kampong Chhnang','2','1','4','0','0','\n','0000-00-00 00:00:00','0000-00-00 00:00:00','\n','\n',1),(6,'Kampong Speu','2','1','5','0','0','\n','0000-00-00 00:00:00','0000-00-00 00:00:00','\n','\n',1),(7,'Kampong Thom','2','1','6','0','0','\n','0000-00-00 00:00:00','0000-00-00 00:00:00','\n','\n',1),(8,'Kampot','2','1','7','0','0','\n','0000-00-00 00:00:00','0000-00-00 00:00:00','\n','\n',1),(9,'Kandal','2','1','8','0','0','\n','0000-00-00 00:00:00','0000-00-00 00:00:00','\n','\n',1),(10,'Koh Kong','2','1','9','0','0','\n','0000-00-00 00:00:00','0000-00-00 00:00:00','\n','\n',1),(11,'Kratie','2','1','10','0','0','\n','0000-00-00 00:00:00','0000-00-00 00:00:00','\n','\n',1),(12,'Mondol Kiri','2','1','11','0','0','\n','0000-00-00 00:00:00','0000-00-00 00:00:00','\n','\n',1),(13,'Phnom Penh','2','1','12','0','0','\n','0000-00-00 00:00:00','0000-00-00 00:00:00','\n','\n',1),(14,'Preah Vihear','2','1','13','0','0','\n','0000-00-00 00:00:00','0000-00-00 00:00:00','\n','\n',1),(15,'Prey Veng','2','1','14','0','0','\n','0000-00-00 00:00:00','0000-00-00 00:00:00','\n','\n',1),(16,'Pursat','2','1','15','0','0','\n','0000-00-00 00:00:00','0000-00-00 00:00:00','\n','\n',1),(17,'Rattanak Kiri','2','1','16','0','0','\n','0000-00-00 00:00:00','0000-00-00 00:00:00','\n','\n',1),(18,'Siem Reap','2','1','17','0','0','\n','0000-00-00 00:00:00','0000-00-00 00:00:00','\n','\n',1),(19,'Sihanouk Province','2','1','18','0','0','\n','0000-00-00 00:00:00','0000-00-00 00:00:00','\n','\n',1),(20,'Stung Treng','2','1','19','0','0','\n','0000-00-00 00:00:00','0000-00-00 00:00:00','\n','\n',1),(21,'Svay Rieng','2','1','20','0','0','\n','0000-00-00 00:00:00','0000-00-00 00:00:00','\n','\n',1),(22,'Takeo','2','1','21','0','0','\n','0000-00-00 00:00:00','0000-00-00 00:00:00','\n','\n',1),(23,'Otdar Mean Chey','2','1','22','0','0','\n','0000-00-00 00:00:00','0000-00-00 00:00:00','\n','\n',1),(24,'Krong Keab','2','1','23','0','0','\n','0000-00-00 00:00:00','0000-00-00 00:00:00','\n','\n',1),(25,'Krong Pailin','2','1','24','0','0','\n','0000-00-00 00:00:00','0000-00-00 00:00:00','\n','\n',1),(26,'Mongkol Borei','3','1','1','1','0','\n','0000-00-00 00:00:00','0000-00-00 00:00:00','\n','\n',1),(27,'Phnum Srok','3','1','1','2','0','\n','0000-00-00 00:00:00','0000-00-00 00:00:00','\n','\n',1),(28,'Preah Netr Preah','3','1','1','3','0','\n','0000-00-00 00:00:00','0000-00-00 00:00:00','\n','\n',1),(29,'Ou Chrov','3','1','1','4','0','\n','0000-00-00 00:00:00','0000-00-00 00:00:00','\n','\n',1),(30,'Serei Saophoan','3','1','1','5','0','\n','0000-00-00 00:00:00','0000-00-00 00:00:00','\n','\n',1),(31,'Thma Puok','3','1','1','6','0','\n','0000-00-00 00:00:00','0000-00-00 00:00:00','\n','\n',1),(32,'Svay Chek','3','1','1','7','0','\n','0000-00-00 00:00:00','0000-00-00 00:00:00','\n','\n',1),(33,'Malai','3','1','1','8','0','\n','0000-00-00 00:00:00','0000-00-00 00:00:00','\n','\n',1),(34,'Banan','3','1','2','1','0','\n','0000-00-00 00:00:00','0000-00-00 00:00:00','\n','\n',1),(35,'Bat Dambang','3','1','2','2','0','\n','0000-00-00 00:00:00','0000-00-00 00:00:00','\n','\n',1),(36,'Svay Pao','3','1','2','3','0','\n','0000-00-00 00:00:00','0000-00-00 00:00:00','\n','\n',1),(37,'Bavel','3','1','2','4','0','\n','0000-00-00 00:00:00','0000-00-00 00:00:00','\n','\n',1),(38,'Aek Phnum','3','1','2','5','0','\n','0000-00-00 00:00:00','0000-00-00 00:00:00','\n','\n',1),(39,'Moung Ruessei','3','1','2','6','0','\n','0000-00-00 00:00:00','0000-00-00 00:00:00','\n','\n',1),(40,'Ratanak Mondol','3','1','2','7','0','\n','0000-00-00 00:00:00','0000-00-00 00:00:00','\n','\n',1),(41,'Sangkae','3','1','2','8','0','\n','0000-00-00 00:00:00','0000-00-00 00:00:00','\n','\n',1),(42,'Samlout','3','1','2','9','0','\n','0000-00-00 00:00:00','0000-00-00 00:00:00','\n','\n',1),(43,'Sampov Lun','3','1','2','10','0','\n','0000-00-00 00:00:00','0000-00-00 00:00:00','\n','\n',1),(44,'Phnum Proek','3','1','2','11','0','\n','0000-00-00 00:00:00','0000-00-00 00:00:00','\n','\n',1),(45,'Kamrieng','3','1','2','12','0','\n','0000-00-00 00:00:00','0000-00-00 00:00:00','\n','\n',1),(46,'Keas Kralo','3','1','2','13','0','\n','0000-00-00 00:00:00','0000-00-00 00:00:00','\n','\n',1),(47,'Thma Koul','3','1','2','14','0','\n','0000-00-00 00:00:00','0000-00-00 00:00:00','\n','\n',1),(48,'Batheay','3','1','3','1','0','\n','0000-00-00 00:00:00','0000-00-00 00:00:00','\n','\n',1),(49,'Chamkar Leu','3','1','3','2','0','\n','0000-00-00 00:00:00','0000-00-00 00:00:00','\n','\n',1),(50,'Cheung Prey','3','1','3','3','0','\n','0000-00-00 00:00:00','0000-00-00 00:00:00','\n','\n',1),(51,'Dambae','3','1','3','4','0','\n','0000-00-00 00:00:00','0000-00-00 00:00:00','\n','\n',1),(52,'Kampong Cham','3','1','3','5','0','\n','0000-00-00 00:00:00','0000-00-00 00:00:00','\n','\n',1),(53,'Kampong Siem','3','1','3','6','0','\n','0000-00-00 00:00:00','0000-00-00 00:00:00','\n','\n',1),(54,'Kang Meas','3','1','3','7','0','\n','0000-00-00 00:00:00','0000-00-00 00:00:00','\n','\n',1),(55,'Kaoh Soutin','3','1','3','8','0','\n','0000-00-00 00:00:00','0000-00-00 00:00:00','\n','\n',1),(56,'Krouch Chhmar','3','1','3','9','0','\n','0000-00-00 00:00:00','0000-00-00 00:00:00','\n','\n',1),(57,'Memot','3','1','3','10','0','\n','0000-00-00 00:00:00','0000-00-00 00:00:00','\n','\n',1),(58,'Ou Reang Ov','3','1','3','11','0','\n','0000-00-00 00:00:00','0000-00-00 00:00:00','\n','\n',1),(59,'Ponhea Kraek','3','1','3','12','0','\n','0000-00-00 00:00:00','0000-00-00 00:00:00','\n','\n',1),(60,'Prey Chhor','3','1','3','13','0','\n','0000-00-00 00:00:00','0000-00-00 00:00:00','\n','\n',1),(61,'Srei Santhor','3','1','3','14','0','\n','0000-00-00 00:00:00','0000-00-00 00:00:00','\n','\n',1),(62,'Stueng Trang','3','1','3','15','0','\n','0000-00-00 00:00:00','0000-00-00 00:00:00','\n','\n',1),(63,'Tboung Khmum','3','1','3','16','0','\n','0000-00-00 00:00:00','0000-00-00 00:00:00','\n','\n',1),(64,'Baribour','3','1','4','1','0','\n','0000-00-00 00:00:00','0000-00-00 00:00:00','\n','\n',1),(65,'Chol Kiri','3','1','4','2','0','\n','0000-00-00 00:00:00','0000-00-00 00:00:00','\n','\n',1),(66,'Kampong Chhnang','3','1','4','3','0','\n','0000-00-00 00:00:00','0000-00-00 00:00:00','\n','\n',1),(67,'Kampong Leaeng','3','1','4','4','0','\n','0000-00-00 00:00:00','0000-00-00 00:00:00','\n','\n',1),(68,'Kampong Tralach','3','1','4','5','0','\n','0000-00-00 00:00:00','0000-00-00 00:00:00','\n','\n',1),(69,'Rolea Bier','3','1','4','6','0','\n','0000-00-00 00:00:00','0000-00-00 00:00:00','\n','\n',1),(70,'Sameakki Mean Chey','3','1','4','7','0','\n','0000-00-00 00:00:00','0000-00-00 00:00:00','\n','\n',1),(71,'Tuek Phos','3','1','4','8','0','\n','0000-00-00 00:00:00','0000-00-00 00:00:00','\n','\n',1),(72,'Basedth','3','1','5','1','0','\n','0000-00-00 00:00:00','0000-00-00 00:00:00','\n','\n',1),(73,'Chbar Mon','3','1','5','2','0','\n','0000-00-00 00:00:00','0000-00-00 00:00:00','\n','\n',1),(74,'Kong Pisei','3','1','5','3','0','\n','0000-00-00 00:00:00','0000-00-00 00:00:00','\n','\n',1),(75,'Aoral','3','1','5','4','0','\n','0000-00-00 00:00:00','0000-00-00 00:00:00','\n','\n',1),(76,'Odongk','3','1','5','5','0','\n','0000-00-00 00:00:00','0000-00-00 00:00:00','\n','\n',1),(77,'Phnum Sruoch','3','1','5','6','0','\n','0000-00-00 00:00:00','0000-00-00 00:00:00','\n','\n',1),(78,'Samraong Tong','3','1','5','7','0','\n','0000-00-00 00:00:00','0000-00-00 00:00:00','\n','\n',1),(79,'Thpong','3','1','5','8','0','\n','0000-00-00 00:00:00','0000-00-00 00:00:00','\n','\n',1),(80,'Baray','3','1','6','1','0','\n','0000-00-00 00:00:00','0000-00-00 00:00:00','\n','\n',1),(81,'Kampong Svay','3','1','6','2','0','\n','0000-00-00 00:00:00','0000-00-00 00:00:00','\n','\n',1),(82,'Stueng Saen','3','1','6','3','0','\n','0000-00-00 00:00:00','0000-00-00 00:00:00','\n','\n',1),(83,'Prasat Balangk','3','1','6','4','0','\n','0000-00-00 00:00:00','0000-00-00 00:00:00','\n','\n',1),(84,'Prasat Sambour','3','1','6','5','0','\n','0000-00-00 00:00:00','0000-00-00 00:00:00','\n','\n',1),(85,'Sandan','3','1','6','6','0','\n','0000-00-00 00:00:00','0000-00-00 00:00:00','\n','\n',1),(86,'Santuk','3','1','6','7','0','\n','0000-00-00 00:00:00','0000-00-00 00:00:00','\n','\n',1),(87,'Stoung','3','1','6','8','0','\n','0000-00-00 00:00:00','0000-00-00 00:00:00','\n','\n',1),(88,'Angkor Chey','3','1','7','1','0','\n','0000-00-00 00:00:00','0000-00-00 00:00:00','\n','\n',1),(89,'Banteay Meas','3','1','7','2','0','\n','0000-00-00 00:00:00','0000-00-00 00:00:00','\n','\n',1),(90,'Chhuk','3','1','7','3','0','\n','0000-00-00 00:00:00','0000-00-00 00:00:00','\n','\n',1),(91,'Chum Kiri','3','1','7','4','0','\n','0000-00-00 00:00:00','0000-00-00 00:00:00','\n','\n',1),(92,'Dang Tong','3','1','7','5','0','\n','0000-00-00 00:00:00','0000-00-00 00:00:00','\n','\n',1),(93,'Kampong Trach','3','1','7','6','0','\n','0000-00-00 00:00:00','0000-00-00 00:00:00','\n','\n',1),(94,'Kampot','3','1','7','7','0','\n','0000-00-00 00:00:00','0000-00-00 00:00:00','\n','\n',1),(95,'Kampong Bay','3','1','7','8','0','\n','0000-00-00 00:00:00','0000-00-00 00:00:00','\n','\n',1),(96,'Kandal Stung','3','1','8','1','0','\n','0000-00-00 00:00:00','0000-00-00 00:00:00','\n','\n',1),(97,'Kien Svay','3','1','8','2','0','\n','0000-00-00 00:00:00','0000-00-00 00:00:00','\n','\n',1),(98,'Khsach Kandal','3','1','8','3','0','\n','0000-00-00 00:00:00','0000-00-00 00:00:00','\n','\n',1),(99,'Koh Thom','3','1','8','4','0','\n','0000-00-00 00:00:00','0000-00-00 00:00:00','\n','\n',1),(100,'Leuk Dek','3','1','8','5','0','\n','0000-00-00 00:00:00','0000-00-00 00:00:00','\n','\n',1),(101,'Lvea Em','3','1','8','6','0','\n','0000-00-00 00:00:00','0000-00-00 00:00:00','\n','\n',1),(102,'Muk Kampul','3','1','8','7','0','\n','0000-00-00 00:00:00','0000-00-00 00:00:00','\n','\n',1),(103,'Ang Snuol','3','1','8','8','0','\n','0000-00-00 00:00:00','0000-00-00 00:00:00','\n','\n',1),(104,'PorngearLeur','3','1','8','9','0','\n','0000-00-00 00:00:00','0000-00-00 00:00:00','\n','\n',1),(105,'Saang','3','1','8','10','0','\n','0000-00-00 00:00:00','0000-00-00 00:00:00','\n','\n',1),(106,'Takhmao','3','1','8','11','0','\n','0000-00-00 00:00:00','0000-00-00 00:00:00','\n','\n',1),(107,'Botum Sakor','3','1','9','1','0','\n','0000-00-00 00:00:00','0000-00-00 00:00:00','\n','\n',1),(108,'Kiri Sakor','3','1','9','2','0','\n','0000-00-00 00:00:00','0000-00-00 00:00:00','\n','\n',1),(109,'Kaoh Kong','3','1','9','3','0','\n','0000-00-00 00:00:00','0000-00-00 00:00:00','\n','\n',1),(110,'Smach Mean Chey','3','1','9','4','0','\n','0000-00-00 00:00:00','0000-00-00 00:00:00','\n','\n',1),(111,'Mondol Seima','3','1','9','5','0','\n','0000-00-00 00:00:00','0000-00-00 00:00:00','\n','\n',1),(112,'Srae Ambel','3','1','9','6','0','\n','0000-00-00 00:00:00','0000-00-00 00:00:00','\n','\n',1),(113,'Thma Bang','3','1','9','7','0','\n','0000-00-00 00:00:00','0000-00-00 00:00:00','\n','\n',1),(114,'Kampong Seila','3','1','9','8','0','\n','0000-00-00 00:00:00','0000-00-00 00:00:00','\n','\n',1),(115,'Chhloung','3','1','10','1','0','\n','0000-00-00 00:00:00','0000-00-00 00:00:00','\n','\n',1),(116,'Kracheh','3','1','10','2','0','\n','0000-00-00 00:00:00','0000-00-00 00:00:00','\n','\n',1),(117,'Preaek Prasab','3','1','10','3','0','\n','0000-00-00 00:00:00','0000-00-00 00:00:00','\n','\n',1),(118,'Sambour','3','1','10','4','0','\n','0000-00-00 00:00:00','0000-00-00 00:00:00','\n','\n',1),(119,'Snuol','3','1','10','5','0','\n','0000-00-00 00:00:00','0000-00-00 00:00:00','\n','\n',1),(120,'Kaev Seima','3','1','11','1','0','\n','0000-00-00 00:00:00','0000-00-00 00:00:00','\n','\n',1),(121,'Kaoh Nheaek','3','1','11','2','0','\n','0000-00-00 00:00:00','0000-00-00 00:00:00','\n','\n',1),(122,'Ou Reang','3','1','11','3','0','\n','0000-00-00 00:00:00','0000-00-00 00:00:00','\n','\n',1),(123,'Pechr Chenda','3','1','11','4','0','\n','0000-00-00 00:00:00','0000-00-00 00:00:00','\n','\n',1),(124,'Saen Monourom','3','1','11','5','0','\n','0000-00-00 00:00:00','0000-00-00 00:00:00','\n','\n',1),(125,'Chamkarmorn','3','1','12','1','0','\n','0000-00-00 00:00:00','0000-00-00 00:00:00','\n','\n',1),(126,'Daun Penh','3','1','12','2','0','\n','0000-00-00 00:00:00','0000-00-00 00:00:00','\n','\n',1),(127,'7 Makara','3','1','12','3','0','\n','0000-00-00 00:00:00','0000-00-00 00:00:00','\n','\n',1),(128,'Tuol Kork','3','1','12','4','0','\n','0000-00-00 00:00:00','0000-00-00 00:00:00','\n','\n',1),(129,'Dangkor','3','1','12','5','0','\n','0000-00-00 00:00:00','0000-00-00 00:00:00','\n','\n',1),(130,'Mean Chey','3','1','12','6','0','\n','0000-00-00 00:00:00','0000-00-00 00:00:00','\n','\n',1),(131,'Reusseykeo','3','1','12','7','0','\n','0000-00-00 00:00:00','0000-00-00 00:00:00','\n','\n',1),(132,'Chet Saen','3','1','13','1','0','\n','0000-00-00 00:00:00','0000-00-00 00:00:00','\n','\n',1),(133,'Chhaeb','3','1','13','2','0','\n','0000-00-00 00:00:00','0000-00-00 00:00:00','\n','\n',1),(134,'Choam Ksant','3','1','13','3','0','\n','0000-00-00 00:00:00','0000-00-00 00:00:00','\n','\n',1),(135,'Kuleaen','3','1','13','4','0','\n','0000-00-00 00:00:00','0000-00-00 00:00:00','\n','\n',1),(136,'Rovieng','3','1','13','5','0','\n','0000-00-00 00:00:00','0000-00-00 00:00:00','\n','\n',1),(137,'Sangkom Thmei','3','1','13','6','0','\n','0000-00-00 00:00:00','0000-00-00 00:00:00','\n','\n',1),(138,'Tbaeng Mean Chey','3','1','13','7','0','\n','0000-00-00 00:00:00','0000-00-00 00:00:00','\n','\n',1),(139,'Ba Phnum','3','1','14','1','0','\n','0000-00-00 00:00:00','0000-00-00 00:00:00','\n','\n',1),(140,'Kamchay Mear','3','1','14','2','0','\n','0000-00-00 00:00:00','0000-00-00 00:00:00','\n','\n',1),(141,'Kampong Trabaek','3','1','14','3','0','\n','0000-00-00 00:00:00','0000-00-00 00:00:00','\n','\n',1),(142,'Kanhchriech','3','1','14','4','0','\n','0000-00-00 00:00:00','0000-00-00 00:00:00','\n','\n',1),(143,'Me Sang','3','1','14','5','0','\n','0000-00-00 00:00:00','0000-00-00 00:00:00','\n','\n',1),(144,'Peam Chor','3','1','14','6','0','\n','0000-00-00 00:00:00','0000-00-00 00:00:00','\n','\n',1),(145,'Peam Ro','3','1','14','7','0','\n','0000-00-00 00:00:00','0000-00-00 00:00:00','\n','\n',1),(146,'Pea Reang','3','1','14','8','0','\n','0000-00-00 00:00:00','0000-00-00 00:00:00','\n','\n',1),(147,'Preah Sdach','3','1','14','9','0','\n','0000-00-00 00:00:00','0000-00-00 00:00:00','\n','\n',1),(148,'Prey Veaeng','3','1','14','10','0','\n','0000-00-00 00:00:00','0000-00-00 00:00:00','\n','\n',1),(149,'Kampong Leav','3','1','14','11','0','\n','0000-00-00 00:00:00','0000-00-00 00:00:00','\n','\n',1),(150,'Sithor Kandal','3','1','14','12','0','\n','0000-00-00 00:00:00','0000-00-00 00:00:00','\n','\n',1),(151,'Bakan','3','1','15','1','0','\n','0000-00-00 00:00:00','0000-00-00 00:00:00','\n','\n',1),(152,'Kandieng','3','1','15','2','0','\n','0000-00-00 00:00:00','0000-00-00 00:00:00','\n','\n',1),(153,'Krakor','3','1','15','3','0','\n','0000-00-00 00:00:00','0000-00-00 00:00:00','\n','\n',1),(154,'Phnum Kravanh','3','1','15','4','0','\n','0000-00-00 00:00:00','0000-00-00 00:00:00','\n','\n',1),(155,'Sampov Meas','3','1','15','5','0','\n','0000-00-00 00:00:00','0000-00-00 00:00:00','\n','\n',1),(156,'Veal Veng','3','1','15','6','0','\n','0000-00-00 00:00:00','0000-00-00 00:00:00','\n','\n',1),(157,'Andoung Meas','3','1','16','1','0','\n','0000-00-00 00:00:00','0000-00-00 00:00:00','\n','\n',1),(158,'Ban Lung','3','1','16','2','0','\n','0000-00-00 00:00:00','0000-00-00 00:00:00','\n','\n',1),(159,'Bar Kaev','3','1','16','3','0','\n','0000-00-00 00:00:00','0000-00-00 00:00:00','\n','\n',1),(160,'Koun Mom','3','1','16','4','0','\n','0000-00-00 00:00:00','0000-00-00 00:00:00','\n','\n',1),(161,'Lumphat','3','1','16','5','0','\n','0000-00-00 00:00:00','0000-00-00 00:00:00','\n','\n',1),(162,'Ou Chum','3','1','16','6','0','\n','0000-00-00 00:00:00','0000-00-00 00:00:00','\n','\n',1),(163,'Ou Ya Dav','3','1','16','7','0','\n','0000-00-00 00:00:00','0000-00-00 00:00:00','\n','\n',1),(164,'Ta Veaeng','3','1','16','8','0','\n','0000-00-00 00:00:00','0000-00-00 00:00:00','\n','\n',1),(165,'Veun Sai','3','1','16','9','0','\n','0000-00-00 00:00:00','0000-00-00 00:00:00','\n','\n',1),(166,'Angkor Chum','3','1','17','1','0','\n','0000-00-00 00:00:00','0000-00-00 00:00:00','\n','\n',1),(167,'Angkor Thum','3','1','17','2','0','\n','0000-00-00 00:00:00','0000-00-00 00:00:00','\n','\n',1),(168,'Banteay Srei','3','1','17','3','0','\n','0000-00-00 00:00:00','0000-00-00 00:00:00','\n','\n',1),(169,'Chi Kraeng','3','1','17','4','0','\n','0000-00-00 00:00:00','0000-00-00 00:00:00','\n','\n',1),(170,'Kralanh','3','1','17','5','0','\n','0000-00-00 00:00:00','0000-00-00 00:00:00','\n','\n',1),(171,'Puok','3','1','17','6','0','\n','0000-00-00 00:00:00','0000-00-00 00:00:00','\n','\n',1),(172,'Prasat Bakong','3','1','17','7','0','\n','0000-00-00 00:00:00','0000-00-00 00:00:00','\n','\n',1),(173,'Siem Reap','3','1','17','8','0','\n','0000-00-00 00:00:00','0000-00-00 00:00:00','\n','\n',1),(174,'Soutr Nikom','3','1','17','9','0','\n','0000-00-00 00:00:00','0000-00-00 00:00:00','\n','\n',1),(175,'Srei Snam','3','1','17','10','0','\n','0000-00-00 00:00:00','0000-00-00 00:00:00','\n','\n',1),(176,'Svay Leu','3','1','17','11','0','\n','0000-00-00 00:00:00','0000-00-00 00:00:00','\n','\n',1),(177,'Varin','3','1','17','12','0','\n','0000-00-00 00:00:00','0000-00-00 00:00:00','\n','\n',1),(178,'Sihanouk Ville','3','1','18','1','0','\n','0000-00-00 00:00:00','0000-00-00 00:00:00','\n','\n',1),(179,'Prey Nob','3','1','18','2','0','\n','0000-00-00 00:00:00','0000-00-00 00:00:00','\n','\n',1),(180,'Stueng Hav','3','1','18','3','0','\n','0000-00-00 00:00:00','0000-00-00 00:00:00','\n','\n',1),(181,'Sesan','3','1','19','1','0','\n','0000-00-00 00:00:00','0000-00-00 00:00:00','\n','\n',1),(182,'Siem Bouk','3','1','19','2','0','\n','0000-00-00 00:00:00','0000-00-00 00:00:00','\n','\n',1),(183,'Siem Pang','3','1','19','3','0','\n','0000-00-00 00:00:00','0000-00-00 00:00:00','\n','\n',1),(184,'Stueng Traeng','3','1','19','4','0','\n','0000-00-00 00:00:00','0000-00-00 00:00:00','\n','\n',1),(185,'Thala Barivat','3','1','19','5','0','\n','0000-00-00 00:00:00','0000-00-00 00:00:00','\n','\n',1),(186,'Chantrea','3','1','20','1','0','\n','0000-00-00 00:00:00','0000-00-00 00:00:00','\n','\n',1),(187,'Kampong Rou','3','1','20','2','0','\n','0000-00-00 00:00:00','0000-00-00 00:00:00','\n','\n',1),(188,'Rumduol','3','1','20','3','0','\n','0000-00-00 00:00:00','0000-00-00 00:00:00','\n','\n',1),(189,'Romeas Haek','3','1','20','4','0','\n','0000-00-00 00:00:00','0000-00-00 00:00:00','\n','\n',1),(190,'Svay Chrum','3','1','20','5','0','\n','0000-00-00 00:00:00','0000-00-00 00:00:00','\n','\n',1),(191,'Svay Rieng','3','1','20','6','0','\n','0000-00-00 00:00:00','0000-00-00 00:00:00','\n','\n',1),(192,'Svay Teab','3','1','20','7','0','\n','0000-00-00 00:00:00','0000-00-00 00:00:00','\n','\n',1),(193,'Angkor Borei','3','1','21','1','0','\n','0000-00-00 00:00:00','0000-00-00 00:00:00','\n','\n',1),(194,'Bati','3','1','21','2','0','\n','0000-00-00 00:00:00','0000-00-00 00:00:00','\n','\n',1),(195,'Bourei Cholsar','3','1','21','3','0','\n','0000-00-00 00:00:00','0000-00-00 00:00:00','\n','\n',1),(196,'Kiri Vong','3','1','21','4','0','\n','0000-00-00 00:00:00','0000-00-00 00:00:00','\n','\n',1),(197,'Kaoh Andaet','3','1','21','5','0','\n','0000-00-00 00:00:00','0000-00-00 00:00:00','\n','\n',1),(198,'Prey Kabbas','3','1','21','6','0','\n','0000-00-00 00:00:00','0000-00-00 00:00:00','\n','\n',1),(199,'Samraong','3','1','21','7','0','\n','0000-00-00 00:00:00','0000-00-00 00:00:00','\n','\n',1),(200,'Doun Kaev','3','1','21','8','0','\n','0000-00-00 00:00:00','0000-00-00 00:00:00','\n','\n',1),(201,'Tram Kak','3','1','21','9','0','\n','0000-00-00 00:00:00','0000-00-00 00:00:00','\n','\n',1),(202,'Treang','3','1','21','10','0','\n','0000-00-00 00:00:00','0000-00-00 00:00:00','\n','\n',1),(203,'Banteay Ampil','3','1','22','1','0','\n','0000-00-00 00:00:00','0000-00-00 00:00:00','\n','\n',1),(204,'Chong Kal','3','1','22','2','0','\n','0000-00-00 00:00:00','0000-00-00 00:00:00','\n','\n',1),(205,'Samraong','3','1','22','3','0','\n','0000-00-00 00:00:00','0000-00-00 00:00:00','\n','\n',1),(206,'Anlong Veang','3','1','22','4','0','\n','0000-00-00 00:00:00','0000-00-00 00:00:00','\n','\n',1),(207,'Trapeang Prasat','3','1','22','5','0','\n','0000-00-00 00:00:00','0000-00-00 00:00:00','\n','\n',1),(208,'Damnak Chang aeur','3','1','23','1','0','\n','0000-00-00 00:00:00','0000-00-00 00:00:00','\n','\n',1),(209,'Keab','3','1','23','2','0','\n','0000-00-00 00:00:00','0000-00-00 00:00:00','\n','\n',1),(210,'Pailin','3','1','24','1','0','\n','0000-00-00 00:00:00','0000-00-00 00:00:00','\n','\n',1),(211,'Sala Krau','3','1','24','2','0','\n','0000-00-00 00:00:00','0000-00-00 00:00:00','\n','\n',1),(212,'BanteayNeang','4','1','1','1','1','\n','0000-00-00 00:00:00','0000-00-00 00:00:00','\n','\n',1),(213,'Bat Trang','4','1','1','1','2','\n','0000-00-00 00:00:00','0000-00-00 00:00:00','\n','\n',1),(214,'Chamnaom','4','1','1','1','3','\n','0000-00-00 00:00:00','0000-00-00 00:00:00','\n','\n',1),(215,'kouk Ballangk','4','1','1','1','4','\n','0000-00-00 00:00:00','0000-00-00 00:00:00','\n','\n',1),(216,'Koy Maeng','4','1','1','1','5','\n','0000-00-00 00:00:00','0000-00-00 00:00:00','\n','\n',1),(217,'Ou Prasat','4','1','1','1','6','\n','0000-00-00 00:00:00','0000-00-00 00:00:00','\n','\n',1),(218,'Phnum Touch','4','1','1','1','7','\n','0000-00-00 00:00:00','0000-00-00 00:00:00','\n','\n',1),(219,'Rohat Tuek','4','1','1','1','8','\n','0000-00-00 00:00:00','0000-00-00 00:00:00','\n','\n',1),(220,'Ruessei Kraok','4','1','1','1','9','\n','0000-00-00 00:00:00','0000-00-00 00:00:00','\n','\n',1),(221,'Sanbuor','4','1','1','1','10','\n','0000-00-00 00:00:00','0000-00-00 00:00:00','\n','\n',1),(222,'Soea','4','1','1','1','11','\n','0000-00-00 00:00:00','0000-00-00 00:00:00','\n','\n',1),(223,'Srah Reang','4','1','1','1','12','\n','0000-00-00 00:00:00','0000-00-00 00:00:00','\n','\n',1),(224,'Ta lum','4','1','1','1','13','\n','0000-00-00 00:00:00','0000-00-00 00:00:00','\n','\n',1),(225,'Lub','4','1','1','1','14','\n','0000-00-00 00:00:00','0000-00-00 00:00:00','\n','\n',1),(226,'Nam Tau','4','1','1','2','1','\n','0000-00-00 00:00:00','0000-00-00 00:00:00','\n','\n',1),(227,'Paoy Char','4','1','1','2','2','\n','0000-00-00 00:00:00','0000-00-00 00:00:00','\n','\n',1),(228,'Ponley','4','1','1','2','3','\n','0000-00-00 00:00:00','0000-00-00 00:00:00','\n','\n',1),(229,'Spean Sraeng','4','1','1','2','4','\n','0000-00-00 00:00:00','0000-00-00 00:00:00','\n','\n',1),(230,'Srah Chik','4','1','1','2','5','\n','0000-00-00 00:00:00','0000-00-00 00:00:00','\n','\n',1),(231,'Phnum Dei','4','1','1','2','6','\n','0000-00-00 00:00:00','0000-00-00 00:00:00','\n','\n',1),(232,'Chhuor Nean Chey','4','1','1','3','1','\n','0000-00-00 00:00:00','0000-00-00 00:00:00','\n','\n',1),(233,'Chob Veari','4','1','1','3','2','\n','0000-00-00 00:00:00','0000-00-00 00:00:00','\n','\n',1),(234,'Phnum Leib','4','1','1','3','3','\n','0000-00-00 00:00:00','0000-00-00 00:00:00','\n','\n',1),(235,'Prasat','4','1','1','3','4','\n','0000-00-00 00:00:00','0000-00-00 00:00:00','\n','\n',1),(236,'Preah Netr Preah','4','1','1','3','5','\n','0000-00-00 00:00:00','0000-00-00 00:00:00','\n','\n',1),(237,'Rohal','4','1','1','3','6','\n','0000-00-00 00:00:00','0000-00-00 00:00:00','\n','\n',1),(238,'Tean Kam','4','1','1','3','7','\n','0000-00-00 00:00:00','0000-00-00 00:00:00','\n','\n',1),(239,'Tuek Chour','4','1','1','3','8','\n','0000-00-00 00:00:00','0000-00-00 00:00:00','\n','\n',1),(240,'Changha','4','1','1','4','1','\n','0000-00-00 00:00:00','0000-00-00 00:00:00','\n','\n',1),(241,'Koub','4','1','1','4','2','\n','0000-00-00 00:00:00','0000-00-00 00:00:00','\n','\n',1),(242,'Kuttasat','4','1','1','4','3','\n','0000-00-00 00:00:00','0000-00-00 00:00:00','\n','\n',1),(243,'Nimitt','4','1','1','4','4','\n','0000-00-00 00:00:00','0000-00-00 00:00:00','\n','\n',1),(244,'Samraong','4','1','1','4','5','\n','0000-00-00 00:00:00','0000-00-00 00:00:00','\n','\n',1),(245,'Souphi','4','1','1','4','6','\n','0000-00-00 00:00:00','0000-00-00 00:00:00','\n','\n',1),(246,'Soengh','4','1','1','4','7','\n','0000-00-00 00:00:00','0000-00-00 00:00:00','\n','\n',1),(247,'Paoy Peat','4','1','1','4','8','\n','0000-00-00 00:00:00','0000-00-00 00:00:00','\n','\n',1),(248,'Oh Bey Chhan','4','1','1','4','9','\n','0000-00-00 00:00:00','0000-00-00 00:00:00','\n','\n',1),(249,'Bos Sbov','4','1','1','5','1','\n','0000-00-00 00:00:00','0000-00-00 00:00:00','\n','\n',1),(250,'Kampong Svay','4','1','1','5','2','\n','0000-00-00 00:00:00','0000-00-00 00:00:00','\n','\n',1),(251,'Koah Pong Satv','4','1','1','5','3','\n','0000-00-00 00:00:00','0000-00-00 00:00:00','\n','\n',1),(252,'Mkak','4','1','1','5','4','\n','0000-00-00 00:00:00','0000-00-00 00:00:00','\n','\n',1),(253,'Ou Ambel','4','1','1','5','5','\n','0000-00-00 00:00:00','0000-00-00 00:00:00','\n','\n',1),(254,'Phiet','4','1','1','5','6','\n','0000-00-00 00:00:00','0000-00-00 00:00:00','\n','\n',1),(255,'Preah Ponlea','4','1','1','5','7','\n','0000-00-00 00:00:00','0000-00-00 00:00:00','\n','\n',1),(256,'Tuek Thla','4','1','1','5','8','\n','0000-00-00 00:00:00','0000-00-00 00:00:00','\n','\n',1),(257,'Banteay Chhmar','4','1','1','6','1','\n','0000-00-00 00:00:00','0000-00-00 00:00:00','\n','\n',1),(258,'Kouk Kakthen','4','1','1','6','2','\n','0000-00-00 00:00:00','0000-00-00 00:00:00','\n','\n',1),(259,'Thma Puok','4','1','1','6','3','\n','0000-00-00 00:00:00','0000-00-00 00:00:00','\n','\n',1),(260,'Kouk Kakthen','4','1','1','6','4','\n','0000-00-00 00:00:00','0000-00-00 00:00:00','\n','\n',1),(261,'Kumru','4','1','1','6','5','\n','0000-00-00 00:00:00','0000-00-00 00:00:00','\n','\n',1),(262,'Phum Thmei','4','1','1','6','6','\n','0000-00-00 00:00:00','0000-00-00 00:00:00','\n','\n',1),(263,'Phkoam','4','1','1','7','1','\n','0000-00-00 00:00:00','0000-00-00 00:00:00','\n','\n',1),(264,'Sarongk','4','1','1','7','2','\n','0000-00-00 00:00:00','0000-00-00 00:00:00','\n','\n',1),(265,'Sla Kram','4','1','1','7','3','\n','0000-00-00 00:00:00','0000-00-00 00:00:00','\n','\n',1),(266,'Svay Chek','4','1','1','7','4','\n','0000-00-00 00:00:00','0000-00-00 00:00:00','\n','\n',1),(267,'Ta Baen','4','1','1','7','5','\n','0000-00-00 00:00:00','0000-00-00 00:00:00','\n','\n',1),(268,'Ta Phou','4','1','1','7','6','\n','0000-00-00 00:00:00','0000-00-00 00:00:00','\n','\n',1),(269,'Treas','4','1','1','7','7','\n','0000-00-00 00:00:00','0000-00-00 00:00:00','\n','\n',1),(270,'Roluos','4','1','1','7','8','\n','0000-00-00 00:00:00','0000-00-00 00:00:00','\n','\n',1),(271,'Boeng Beng','4','1','1','8','1','\n','0000-00-00 00:00:00','0000-00-00 00:00:00','\n','\n',1),(272,'Malai','4','1','1','8','2','\n','0000-00-00 00:00:00','0000-00-00 00:00:00','\n','\n',1),(273,'Ou Sralau','4','1','1','8','3','\n','0000-00-00 00:00:00','0000-00-00 00:00:00','\n','\n',1),(274,'Ou Sampoar','4','1','1','8','4','\n','0000-00-00 00:00:00','0000-00-00 00:00:00','\n','\n',1),(275,'Toul Pongro','4','1','1','8','5','\n','0000-00-00 00:00:00','0000-00-00 00:00:00','\n','\n',1),(276,'Ta Kong','4','1','1','8','6','\n','0000-00-00 00:00:00','0000-00-00 00:00:00','\n','\n',1),(277,'Kantueu Muoy','4','1','2','1','1','\n','0000-00-00 00:00:00','0000-00-00 00:00:00','\n','\n',1),(278,'Kantueu Pir','4','1','2','1','2','\n','0000-00-00 00:00:00','0000-00-00 00:00:00','\n','\n',1),(279,'Bay Domrom','4','1','2','1','3','\n','0000-00-00 00:00:00','0000-00-00 00:00:00','\n','\n',1),(280,'Chheu Teal','4','1','2','1','4','\n','0000-00-00 00:00:00','0000-00-00 00:00:00','\n','\n',1),(281,'Chaeng Mean Chey','4','1','2','1','5','\n','0000-00-00 00:00:00','0000-00-00 00:00:00','\n','\n',1),(282,'Phnom Sampov','4','1','2','1','6','\n','0000-00-00 00:00:00','0000-00-00 00:00:00','\n','\n',1),(283,'Snoeng','4','1','2','1','7','\n','0000-00-00 00:00:00','0000-00-00 00:00:00','\n','\n',1),(284,'Ta Kream','4','1','2','1','8','\n','0000-00-00 00:00:00','0000-00-00 00:00:00','\n','\n',1),(285,'Ta Pung','4','1','2','2','1','\n','0000-00-00 00:00:00','0000-00-00 00:00:00','\n','\n',1),(286,'Ta Meun','4','1','2','2','2','\n','0000-00-00 00:00:00','0000-00-00 00:00:00','\n','\n',1),(287,'Ou Ta ki','4','1','2','2','3','\n','0000-00-00 00:00:00','0000-00-00 00:00:00','\n','\n',1),(288,'Chrey','4','1','2','2','4','\n','0000-00-00 00:00:00','0000-00-00 00:00:00','\n','\n',1),(289,'Anlong Run','4','1','2','2','5','\n','0000-00-00 00:00:00','0000-00-00 00:00:00','\n','\n',1),(290,'Chrouy Sdau','4','1','2','2','6','\n','0000-00-00 00:00:00','0000-00-00 00:00:00','\n','\n',1),(291,'Boeng Pring','4','1','2','2','7','\n','0000-00-00 00:00:00','0000-00-00 00:00:00','\n','\n',1),(292,'Kouk Khmum','4','1','2','2','8','\n','0000-00-00 00:00:00','0000-00-00 00:00:00','\n','\n',1),(293,'Bansay Traeng','4','1','2','2','9','\n','0000-00-00 00:00:00','0000-00-00 00:00:00','\n','\n',1),(294,'Rung Chrey','4','1','2','2','10','\n','0000-00-00 00:00:00','0000-00-00 00:00:00','\n','\n',1),(295,'Rotanak','4','1','2','2','11','\n','0000-00-00 00:00:00','0000-00-00 00:00:00','\n','\n',1),(296,'Toul Ta Aek','4','1','2','2','12','\n','0000-00-00 00:00:00','0000-00-00 00:00:00','\n','\n',1),(297,'Slakaet','4','1','2','2','13','\n','0000-00-00 00:00:00','0000-00-00 00:00:00','\n','\n',1),(298,'Watkor','4','1','2','2','14','\n','0000-00-00 00:00:00','0000-00-00 00:00:00','\n','\n',1),(299,'Kdul Duntaov','4','1','2','2','15','\n','0000-00-00 00:00:00','0000-00-00 00:00:00','\n','\n',1),(300,'Toul Ta Aek','4','1','2','3','1','\n','0000-00-00 00:00:00','0000-00-00 00:00:00','\n','\n',1),(301,'Preaek Preah Sdach','4','1','2','3','2','\n','0000-00-00 00:00:00','0000-00-00 00:00:00','\n','\n',1),(302,'Ratanak','4','1','2','3','3','\n','0000-00-00 00:00:00','0000-00-00 00:00:00','\n','\n',1),(303,'Chamkar Samraong','4','1','2','3','4','\n','0000-00-00 00:00:00','0000-00-00 00:00:00','\n','\n',1),(304,'Sla Kaet','4','1','2','3','5','\n','0000-00-00 00:00:00','0000-00-00 00:00:00','\n','\n',1),(305,'Kdol Doun Teav','4','1','2','3','6','\n','0000-00-00 00:00:00','0000-00-00 00:00:00','\n','\n',1),(306,'Ou Mal','4','1','2','3','7','\n','0000-00-00 00:00:00','0000-00-00 00:00:00','\n','\n',1),(307,'Voat Kor','4','1','2','3','8','\n','0000-00-00 00:00:00','0000-00-00 00:00:00','\n','\n',1),(308,'Ou Char','4','1','2','3','9','\n','0000-00-00 00:00:00','0000-00-00 00:00:00','\n','\n',1),(309,'Svay Pao','4','1','2','3','10','\n','0000-00-00 00:00:00','0000-00-00 00:00:00','\n','\n',1),(310,'Bavel','4','1','2','4','1','\n','0000-00-00 00:00:00','0000-00-00 00:00:00','\n','\n',1),(311,'Khnach Romeas','4','1','2','4','2','\n','0000-00-00 00:00:00','0000-00-00 00:00:00','\n','\n',1),(312,'Lvea','4','1','2','4','3','\n','0000-00-00 00:00:00','0000-00-00 00:00:00','\n','\n',1),(313,'Prey Khpos','4','1','2','4','4','\n','0000-00-00 00:00:00','0000-00-00 00:00:00','\n','\n',1),(314,'Ampil Pram Daeum','4','1','2','4','5','\n','0000-00-00 00:00:00','0000-00-00 00:00:00','\n','\n',1),(315,'Kdol Tahaen','4','1','2','4','6','\n','0000-00-00 00:00:00','0000-00-00 00:00:00','\n','\n',1),(316,'Preaek Norint','4','1','2','5','1','\n','0000-00-00 00:00:00','0000-00-00 00:00:00','\n','\n',1),(317,'Samraong Knong','4','1','2','5','2','\n','0000-00-00 00:00:00','0000-00-00 00:00:00','\n','\n',1),(318,'Preaek Khpob','4','1','2','5','3','\n','0000-00-00 00:00:00','0000-00-00 00:00:00','\n','\n',1),(319,'Preaek Luong','4','1','2','5','4','\n','0000-00-00 00:00:00','0000-00-00 00:00:00','\n','\n',1),(320,'Peam Aek','4','1','2','5','5','\n','0000-00-00 00:00:00','0000-00-00 00:00:00','\n','\n',1),(321,'Prey Chas','4','1','2','5','6','\n','0000-00-00 00:00:00','0000-00-00 00:00:00','\n','\n',1),(322,'Kaoh Chiveang','4','1','2','5','7','\n','0000-00-00 00:00:00','0000-00-00 00:00:00','\n','\n',1),(323,'Moung','4','1','2','6','1','\n','0000-00-00 00:00:00','0000-00-00 00:00:00','\n','\n',1),(324,'Kear','4','1','2','6','2','\n','0000-00-00 00:00:00','0000-00-00 00:00:00','\n','\n',1),(325,'Prey Svay','4','1','2','6','3','\n','0000-00-00 00:00:00','0000-00-00 00:00:00','\n','\n',1),(326,'Ruessei Krang','4','1','2','6','4','\n','0000-00-00 00:00:00','0000-00-00 00:00:00','\n','\n',1),(327,'Chrey','4','1','2','6','5','\n','0000-00-00 00:00:00','0000-00-00 00:00:00','\n','\n',1),(328,'Ta Laos','4','1','2','6','6','\n','0000-00-00 00:00:00','0000-00-00 00:00:00','\n','\n',1),(329,'Kakaoh','4','1','2','6','7','\n','0000-00-00 00:00:00','0000-00-00 00:00:00','\n','\n',1),(330,'Prey Touch','4','1','2','6','8','\n','0000-00-00 00:00:00','0000-00-00 00:00:00','\n','\n',1),(331,'Robas Mongkol','4','1','2','6','9','\n','0000-00-00 00:00:00','0000-00-00 00:00:00','\n','\n',1),(332,'Thipakdei','4','1','2','6','10','\n','0000-00-00 00:00:00','0000-00-00 00:00:00','\n','\n',1),(333,'Preaek Chik','4','1','2','6','11','\n','0000-00-00 00:00:00','0000-00-00 00:00:00','\n','\n',1),(334,'Prey Tralach','4','1','2','6','12','\n','0000-00-00 00:00:00','0000-00-00 00:00:00','\n','\n',1),(335,'Sdau','4','1','2','7','1','\n','0000-00-00 00:00:00','0000-00-00 00:00:00','\n','\n',1),(336,'Andaeuk Haeb','4','1','2','7','2','\n','0000-00-00 00:00:00','0000-00-00 00:00:00','\n','\n',1),(337,'Phlov Meas','4','1','2','7','3','\n','0000-00-00 00:00:00','0000-00-00 00:00:00','\n','\n',1),(338,'Traeng','4','1','2','7','4','\n','0000-00-00 00:00:00','0000-00-00 00:00:00','\n','\n',1),(339,'Anlong Vil','4','1','2','8','1','\n','0000-00-00 00:00:00','0000-00-00 00:00:00','\n','\n',1),(340,'Norea','4','1','2','8','2','\n','0000-00-00 00:00:00','0000-00-00 00:00:00','\n','\n',1),(341,'Ta pon','4','1','2','8','3','\n','0000-00-00 00:00:00','0000-00-00 00:00:00','\n','\n',1),(342,'Roka','4','1','2','8','4','\n','0000-00-00 00:00:00','0000-00-00 00:00:00','\n','\n',1),(343,'Kampong Preah','4','1','2','8','5','\n','0000-00-00 00:00:00','0000-00-00 00:00:00','\n','\n',1),(344,'Kampong Pring','4','1','2','8','6','\n','0000-00-00 00:00:00','0000-00-00 00:00:00','\n','\n',1),(345,'Reang Kesei','4','1','2','8','7','\n','0000-00-00 00:00:00','0000-00-00 00:00:00','\n','\n',1),(346,'Ou Dambang Muoy','4','1','2','8','8','\n','0000-00-00 00:00:00','0000-00-00 00:00:00','\n','\n',1),(347,'Ou Dambang Pir','4','1','2','8','9','\n','0000-00-00 00:00:00','0000-00-00 00:00:00','\n','\n',1),(348,'Voat Ta Muem','4','1','2','8','10','\n','0000-00-00 00:00:00','0000-00-00 00:00:00','\n','\n',1),(349,'Samlout','4','1','2','9','1','\n','0000-00-00 00:00:00','0000-00-00 00:00:00','\n','\n',1),(350,'Kampong Lpau','4','1','2','9','2','\n','0000-00-00 00:00:00','0000-00-00 00:00:00','\n','\n',1),(351,'Song','4','1','2','9','3','\n','0000-00-00 00:00:00','0000-00-00 00:00:00','\n','\n',1),(352,'Mean Chey','4','1','2','9','4','\n','0000-00-00 00:00:00','0000-00-00 00:00:00','\n','\n',1),(353,'Ta Taok','4','1','2','9','5','\n','0000-00-00 00:00:00','0000-00-00 00:00:00','\n','\n',1),(354,'Ou Samrel','4','1','2','9','6','\n','0000-00-00 00:00:00','0000-00-00 00:00:00','\n','\n',1),(355,'Ta Sah','4','1','2','9','7','\n','0000-00-00 00:00:00','0000-00-00 00:00:00','\n','\n',1),(356,'Angkor Ban','4','1','2','10','1','\n','0000-00-00 00:00:00','0000-00-00 00:00:00','\n','\n',1),(357,'Serei Mean Chey','4','1','2','10','2','\n','0000-00-00 00:00:00','0000-00-00 00:00:00','\n','\n',1),(358,'Santepheap','4','1','2','10','3','\n','0000-00-00 00:00:00','0000-00-00 00:00:00','\n','\n',1),(359,'Ta Sda','4','1','2','10','4','\n','0000-00-00 00:00:00','0000-00-00 00:00:00','\n','\n',1),(360,'Sampov Lun','4','1','2','10','5','\n','0000-00-00 00:00:00','0000-00-00 00:00:00','\n','\n',1),(361,'Chrey Sema','4','1','2','10','6','\n','0000-00-00 00:00:00','0000-00-00 00:00:00','\n','\n',1),(362,'Phnum Proek','4','1','2','11','1','\n','0000-00-00 00:00:00','0000-00-00 00:00:00','\n','\n',1),(363,'Barang Thleak','4','1','2','11','2','\n','0000-00-00 00:00:00','0000-00-00 00:00:00','\n','\n',1),(364,'Ou Rumdoul','4','1','2','11','3','\n','0000-00-00 00:00:00','0000-00-00 00:00:00','\n','\n',1),(365,'Pech Chenda','4','1','2','11','4','\n','0000-00-00 00:00:00','0000-00-00 00:00:00','\n','\n',1),(366,'Chak Krey','4','1','2','11','5','\n','0000-00-00 00:00:00','0000-00-00 00:00:00','\n','\n',1),(367,'Kamrieng','4','1','2','12','1','\n','0000-00-00 00:00:00','0000-00-00 00:00:00','\n','\n',1),(368,'Ou Da','4','1','2','12','2','\n','0000-00-00 00:00:00','0000-00-00 00:00:00','\n','\n',1),(369,'Beung Reang','4','1','2','12','3','\n','0000-00-00 00:00:00','0000-00-00 00:00:00','\n','\n',1),(370,'Trang','4','1','2','12','4','\n','0000-00-00 00:00:00','0000-00-00 00:00:00','\n','\n',1),(371,'Ta Saen','4','1','2','12','5','\n','0000-00-00 00:00:00','0000-00-00 00:00:00','\n','\n',1),(372,'Ta Kry','4','1','2','12','6','\n','0000-00-00 00:00:00','0000-00-00 00:00:00','\n','\n',1),(373,'Theb Dei','4','1','2','13','1','\n','0000-00-00 00:00:00','0000-00-00 00:00:00','\n','\n',1),(374,'Keas Kralo','4','1','2','13','2','\n','0000-00-00 00:00:00','0000-00-00 00:00:00','\n','\n',1),(375,'Hob','4','1','2','13','3','\n','0000-00-00 00:00:00','0000-00-00 00:00:00','\n','\n',1),(376,'Preah Phos','4','1','2','13','4','\n','0000-00-00 00:00:00','0000-00-00 00:00:00','\n','\n',1),(377,'Doun Bar','4','1','2','13','5','\n','0000-00-00 00:00:00','0000-00-00 00:00:00','\n','\n',1),(378,'Chnol Mean','4','1','2','13','6','\n','0000-00-00 00:00:00','0000-00-00 00:00:00','\n','\n',1),(379,'Chey','4','1','2','14','2','\n','0000-00-00 00:00:00','0000-00-00 00:00:00','\n','\n',1),(380,'Ou Taki','4','1','2','14','3','\n','0000-00-00 00:00:00','0000-00-00 00:00:00','\n','\n',1),(381,'Anlong Run','4','1','2','14','4','\n','0000-00-00 00:00:00','0000-00-00 00:00:00','\n','\n',1),(382,'Ta Poun','4','1','2','14','5','\n','0000-00-00 00:00:00','0000-00-00 00:00:00','\n','\n',1),(383,'Ta Muen','4','1','2','14','6','\n','0000-00-00 00:00:00','0000-00-00 00:00:00','\n','\n',1),(384,'Chroy Sdau','4','1','2','14','7','\n','0000-00-00 00:00:00','0000-00-00 00:00:00','\n','\n',1),(385,'Boeng Pring','4','1','2','14','8','\n','0000-00-00 00:00:00','0000-00-00 00:00:00','\n','\n',1),(386,'Kouk Khmom','4','1','2','14','9','\n','0000-00-00 00:00:00','0000-00-00 00:00:00','\n','\n',1),(387,'Bansay Traeng','4','1','2','14','10','\n','0000-00-00 00:00:00','0000-00-00 00:00:00','\n','\n',1),(388,'Ruong Chrey','4','1','2','14','11','\n','0000-00-00 00:00:00','0000-00-00 00:00:00','\n','\n',1),(389,'Batheay','4','1','3','1','1','\n','0000-00-00 00:00:00','0000-00-00 00:00:00','\n','\n',1),(390,'Chbar Ampov','4','1','3','1','2','\n','0000-00-00 00:00:00','0000-00-00 00:00:00','\n','\n',1),(391,'Chealea','4','1','3','1','3','\n','0000-00-00 00:00:00','0000-00-00 00:00:00','\n','\n',1),(392,'Cheung Prey','4','1','3','1','4','\n','0000-00-00 00:00:00','0000-00-00 00:00:00','\n','\n',1),(393,'Me Pring','4','1','3','1','5','\n','0000-00-00 00:00:00','0000-00-00 00:00:00','\n','\n',1),(394,'Phav','4','1','3','1','6','\n','0000-00-00 00:00:00','0000-00-00 00:00:00','\n','\n',1),(395,'Sambour','4','1','3','1','7','\n','0000-00-00 00:00:00','0000-00-00 00:00:00','\n','\n',1),(396,'Sandaek','4','1','3','1','8','\n','0000-00-00 00:00:00','0000-00-00 00:00:00','\n','\n',1),(397,'Tang Krang','4','1','3','1','9','\n','0000-00-00 00:00:00','0000-00-00 00:00:00','\n','\n',1),(398,'Tang Krasang','4','1','3','1','10','\n','0000-00-00 00:00:00','0000-00-00 00:00:00','\n','\n',1),(399,'Trab','4','1','3','1','11','\n','0000-00-00 00:00:00','0000-00-00 00:00:00','\n','\n',1),(400,'Tomnob','4','1','3','1','12','\n','0000-00-00 00:00:00','0000-00-00 00:00:00','\n','\n',1),(401,'Bos Khnaor','4','1','3','2','1','\n','0000-00-00 00:00:00','0000-00-00 00:00:00','\n','\n',1),(402,'Chamkar Andoung','4','1','3','2','2','\n','0000-00-00 00:00:00','0000-00-00 00:00:00','\n','\n',1),(403,'Cheyyou','4','1','3','2','3','\n','0000-00-00 00:00:00','0000-00-00 00:00:00','\n','\n',1),(404,'Lvea Leu','4','1','3','2','4','\n','0000-00-00 00:00:00','0000-00-00 00:00:00','\n','\n',1),(405,'Speu','4','1','3','2','5','\n','0000-00-00 00:00:00','0000-00-00 00:00:00','\n','\n',1),(406,'Svay Teab','4','1','3','2','6','\n','0000-00-00 00:00:00','0000-00-00 00:00:00','\n','\n',1),(407,'Ta Ong','4','1','3','2','7','\n','0000-00-00 00:00:00','0000-00-00 00:00:00','\n','\n',1),(408,'Ta Prok','4','1','3','2','8','\n','0000-00-00 00:00:00','0000-00-00 00:00:00','\n','\n',1),(409,'Khnor Dambang','4','1','3','3','1','\n','0000-00-00 00:00:00','0000-00-00 00:00:00','\n','\n',1),(410,'Kouk Rovieng','4','1','3','3','2','\n','0000-00-00 00:00:00','0000-00-00 00:00:00','\n','\n',1),(411,'Phdau Chum','4','1','3','3','3','\n','0000-00-00 00:00:00','0000-00-00 00:00:00','\n','\n',1),(412,'Prey Char','4','1','3','3','4','\n','0000-00-00 00:00:00','0000-00-00 00:00:00','\n','\n',1),(413,'Pring Chrum','4','1','3','3','5','\n','0000-00-00 00:00:00','0000-00-00 00:00:00','\n','\n',1),(414,'Sampong Chey','4','1','3','3','6','\n','0000-00-00 00:00:00','0000-00-00 00:00:00','\n','\n',1),(415,'Sdaeung Chey','4','1','3','3','7','\n','0000-00-00 00:00:00','0000-00-00 00:00:00','\n','\n',1),(416,'Soutip','4','1','3','3','8','\n','0000-00-00 00:00:00','0000-00-00 00:00:00','\n','\n',1),(417,'Srama','4','1','3','3','9','\n','0000-00-00 00:00:00','0000-00-00 00:00:00','\n','\n',1),(418,'Trapeang Kor','4','1','3','3','10','\n','0000-00-00 00:00:00','0000-00-00 00:00:00','\n','\n',1),(419,'Chong Cheach','4','1','3','4','1','\n','0000-00-00 00:00:00','0000-00-00 00:00:00','\n','\n',1),(420,'Dambae','4','1','3','4','2','\n','0000-00-00 00:00:00','0000-00-00 00:00:00','\n','\n',1),(421,'Kouk Srok','4','1','3','4','3','\n','0000-00-00 00:00:00','0000-00-00 00:00:00','\n','\n',1),(422,'Neang Teut','4','1','3','4','4','\n','0000-00-00 00:00:00','0000-00-00 00:00:00','\n','\n',1),(423,'Seda','4','1','3','4','5','\n','0000-00-00 00:00:00','0000-00-00 00:00:00','\n','\n',1),(424,'Tuek Chrov','4','1','3','4','6','\n','0000-00-00 00:00:00','0000-00-00 00:00:00','\n','\n',1),(425,'Trapeang Pring','4','1','3','4','7','\n','0000-00-00 00:00:00','0000-00-00 00:00:00','\n','\n',1),(426,'Boeng Kok','4','1','3','5','1','\n','0000-00-00 00:00:00','0000-00-00 00:00:00','\n','\n',1),(427,'Kampong Cham','4','1','3','5','2','\n','0000-00-00 00:00:00','0000-00-00 00:00:00','\n','\n',1),(428,'Sambuor Meas','4','1','3','5','3','\n','0000-00-00 00:00:00','0000-00-00 00:00:00','\n','\n',1),(429,'Veal Vong','4','1','3','5','4','\n','0000-00-00 00:00:00','0000-00-00 00:00:00','\n','\n',1),(430,'Ampil','4','1','3','6','1','\n','0000-00-00 00:00:00','0000-00-00 00:00:00','\n','\n',1),(431,'Han Cheay','4','1','3','6','2','\n','0000-00-00 00:00:00','0000-00-00 00:00:00','\n','\n',1),(432,'Kien Chrey','4','1','3','6','3','\n','0000-00-00 00:00:00','0000-00-00 00:00:00','\n','\n',1),(433,'Kokor','4','1','3','6','4','\n','0000-00-00 00:00:00','0000-00-00 00:00:00','\n','\n',1),(434,'Kaoh Mitt','4','1','3','6','5','\n','0000-00-00 00:00:00','0000-00-00 00:00:00','\n','\n',1),(435,'Kaoh Roka','4','1','3','6','6','\n','0000-00-00 00:00:00','0000-00-00 00:00:00','\n','\n',1),(436,'Kaoh Samraong','4','1','3','6','7','\n','0000-00-00 00:00:00','0000-00-00 00:00:00','\n','\n',1),(437,'Kaoh Tontuem','4','1','3','6','8','\n','0000-00-00 00:00:00','0000-00-00 00:00:00','\n','\n',1),(438,'Krala','4','1','3','6','9','\n','0000-00-00 00:00:00','0000-00-00 00:00:00','\n','\n',1),(439,'Ou Svay','4','1','3','6','10','\n','0000-00-00 00:00:00','0000-00-00 00:00:00','\n','\n',1),(440,'Roang ( Field )','4','1','3','6','11','\n','0000-00-00 00:00:00','0000-00-00 00:00:00','\n','\n',1),(441,'Rumchek','4','1','3','6','12','\n','0000-00-00 00:00:00','0000-00-00 00:00:00','\n','\n',1),(442,'Srak','4','1','3','6','13','\n','0000-00-00 00:00:00','0000-00-00 00:00:00','\n','\n',1),(443,'Trean','4','1','3','6','14','\n','0000-00-00 00:00:00','0000-00-00 00:00:00','\n','\n',1),(444,'Vihear Thum','4','1','3','6','15','\n','0000-00-00 00:00:00','0000-00-00 00:00:00','\n','\n',1),(445,'Angkor Ban','4','1','3','7','1','\n','0000-00-00 00:00:00','0000-00-00 00:00:00','\n','\n',1),(446,'Kang Ta Noeng','4','1','3','7','2','\n','0000-00-00 00:00:00','0000-00-00 00:00:00','\n','\n',1),(447,'Khchau','4','1','3','7','3','\n','0000-00-00 00:00:00','0000-00-00 00:00:00','\n','\n',1),(448,'Peam Chi Kang','4','1','3','7','4','\n','0000-00-00 00:00:00','0000-00-00 00:00:00','\n','\n',1),(449,'Preaek Koy','4','1','3','7','5','\n','0000-00-00 00:00:00','0000-00-00 00:00:00','\n','\n',1),(450,'Preaek Krabau','4','1','3','7','6','\n','0000-00-00 00:00:00','0000-00-00 00:00:00','\n','\n',1),(451,'Reay Pay','4','1','3','7','7','\n','0000-00-00 00:00:00','0000-00-00 00:00:00','\n','\n',1),(452,'Rokar Ar','4','1','3','7','8','\n','0000-00-00 00:00:00','0000-00-00 00:00:00','\n','\n',1),(453,'Rokar Koy','4','1','3','7','9','\n','0000-00-00 00:00:00','0000-00-00 00:00:00','\n','\n',1),(454,'Sdau','4','1','3','7','10','\n','0000-00-00 00:00:00','0000-00-00 00:00:00','\n','\n',1),(455,'Sour Kong','4','1','3','7','11','\n','0000-00-00 00:00:00','0000-00-00 00:00:00','\n','\n',1),(456,'Kampong Reab','4','1','3','8','1','\n','0000-00-00 00:00:00','0000-00-00 00:00:00','\n','\n',1),(457,'Kaoh Soutin','4','1','3','8','2','\n','0000-00-00 00:00:00','0000-00-00 00:00:00','\n','\n',1),(458,'Lve','4','1','3','8','3','\n','0000-00-00 00:00:00','0000-00-00 00:00:00','\n','\n',1),(459,'Moha Leaph','4','1','3','8','4','\n','0000-00-00 00:00:00','0000-00-00 00:00:00','\n','\n',1),(460,'Moha Khnhoung','4','1','3','8','5','\n','0000-00-00 00:00:00','0000-00-00 00:00:00','\n','\n',1),(461,'Peam Prathnuoh','4','1','3','8','6','\n','0000-00-00 00:00:00','0000-00-00 00:00:00','\n','\n',1),(462,'Pongro','4','1','3','8','7','\n','0000-00-00 00:00:00','0000-00-00 00:00:00','\n','\n',1),(463,'Preaek Ta Nong','4','1','3','8','8','\n','0000-00-00 00:00:00','0000-00-00 00:00:00','\n','\n',1),(464,'Chhuk','4','1','3','9','1','\n','0000-00-00 00:00:00','0000-00-00 00:00:00','\n','\n',1),(465,'Chumnik','4','1','3','9','2','\n','0000-00-00 00:00:00','0000-00-00 00:00:00','\n','\n',1),(466,'Kampong Treas','4','1','3','9','3','\n','0000-00-00 00:00:00','0000-00-00 00:00:00','\n','\n',1),(467,'Kaoh Pir','4','1','3','9','4','\n','0000-00-00 00:00:00','0000-00-00 00:00:00','\n','\n',1),(468,'Krouch Chhmar','4','1','3','9','5','\n','0000-00-00 00:00:00','0000-00-00 00:00:00','\n','\n',1),(469,'Peus Muoy','4','1','3','9','6','\n','0000-00-00 00:00:00','0000-00-00 00:00:00','\n','\n',1),(470,'Peus Pir','4','1','3','9','7','\n','0000-00-00 00:00:00','0000-00-00 00:00:00','\n','\n',1),(471,'Preaek A Chi','4','1','3','9','8','\n','0000-00-00 00:00:00','0000-00-00 00:00:00','\n','\n',1),(472,'Roka Khnaor','4','1','3','9','9','\n','0000-00-00 00:00:00','0000-00-00 00:00:00','\n','\n',1),(473,'Trea','4','1','3','9','11','\n','0000-00-00 00:00:00','0000-00-00 00:00:00','\n','\n',1),(474,'Tuol Snuol','4','1','3','9','12','\n','0000-00-00 00:00:00','0000-00-00 00:00:00','\n','\n',1),(475,'Chan Mul','4','1','3','10','1','\n','0000-00-00 00:00:00','0000-00-00 00:00:00','\n','\n',1),(476,'Choam','4','1','3','10','2','\n','0000-00-00 00:00:00','0000-00-00 00:00:00','\n','\n',1),(477,'Choam Kravien','4','1','3','10','3','\n','0000-00-00 00:00:00','0000-00-00 00:00:00','\n','\n',1),(478,'Choam Ta Mau','4','1','3','10','4','\n','0000-00-00 00:00:00','0000-00-00 00:00:00','\n','\n',1),(479,'Dar','4','1','3','10','5','\n','0000-00-00 00:00:00','0000-00-00 00:00:00','\n','\n',1),(480,'Kampoan','4','1','3','10','6','\n','0000-00-00 00:00:00','0000-00-00 00:00:00','\n','\n',1),(481,'Memang','4','1','3','10','7','\n','0000-00-00 00:00:00','0000-00-00 00:00:00','\n','\n',1),(482,'Memot','4','1','3','10','8','\n','0000-00-00 00:00:00','0000-00-00 00:00:00','\n','\n',1),(483,'Rung','4','1','3','10','9','\n','0000-00-00 00:00:00','0000-00-00 00:00:00','\n','\n',1),(484,'Romchek','4','1','3','10','10','\n','0000-00-00 00:00:00','0000-00-00 00:00:00','\n','\n',1),(485,'Tromoung','4','1','3','10','11','\n','0000-00-00 00:00:00','0000-00-00 00:00:00','\n','\n',1),(486,'Tonlung','4','1','3','10','12','\n','0000-00-00 00:00:00','0000-00-00 00:00:00','\n','\n',1),(487,'Treak','4','1','3','10','13','\n','0000-00-00 00:00:00','0000-00-00 00:00:00','\n','\n',1),(488,'Kokir','4','1','3','10','14','\n','0000-00-00 00:00:00','0000-00-00 00:00:00','\n','\n',1),(489,'Ampil Ta Pok','4','1','3','11','1','\n','0000-00-00 00:00:00','0000-00-00 00:00:00','\n','\n',1),(490,'Chak','4','1','3','11','2','\n','0000-00-00 00:00:00','0000-00-00 00:00:00','\n','\n',1),(491,'Damrel','4','1','3','11','3','\n','0000-00-00 00:00:00','0000-00-00 00:00:00','\n','\n',1),(492,'Kong Chey','4','1','3','11','4','\n','0000-00-00 00:00:00','0000-00-00 00:00:00','\n','\n',1),(493,'Mean','4','1','3','11','5','\n','0000-00-00 00:00:00','0000-00-00 00:00:00','\n','\n',1),(494,'Preah Theat','4','1','3','11','6','\n','0000-00-00 00:00:00','0000-00-00 00:00:00','\n','\n',1),(495,'Tuol Sophi','4','1','3','11','7','\n','0000-00-00 00:00:00','0000-00-00 00:00:00','\n','\n',1),(496,'Doun Tei','4','1','3','12','1','\n','0000-00-00 00:00:00','0000-00-00 00:00:00','\n','\n',1),(497,'Kak','4','1','3','12','2','\n','0000-00-00 00:00:00','0000-00-00 00:00:00','\n','\n',1),(498,'Kandaol Chrum','4','1','3','12','3','\n','0000-00-00 00:00:00','0000-00-00 00:00:00','\n','\n',1),(499,'Kaong Kang','4','1','3','12','4','\n','0000-00-00 00:00:00','0000-00-00 00:00:00','\n','\n',1),(500,'Kraek','4','1','3','12','5','\n','0000-00-00 00:00:00','0000-00-00 00:00:00','\n','\n',1),(501,'Popel','4','1','3','12','6','\n','0000-00-00 00:00:00','0000-00-00 00:00:00','\n','\n',1),(502,'Trapeang Phlong','4','1','3','12','7','\n','0000-00-00 00:00:00','0000-00-00 00:00:00','\n','\n',1),(503,'Veal Mlu','4','1','3','12','8','\n','0000-00-00 00:00:00','0000-00-00 00:00:00','\n','\n',1),(504,'Baray','4','1','3','13','1','\n','0000-00-00 00:00:00','0000-00-00 00:00:00','\n','\n',1),(505,'Boeng Nay','4','1','3','13','2','\n','0000-00-00 00:00:00','0000-00-00 00:00:00','\n','\n',1),(506,'Chrey Vien','4','1','3','13','3','\n','0000-00-00 00:00:00','0000-00-00 00:00:00','\n','\n',1),(507,'Khvet Thum','4','1','3','13','4','\n','0000-00-00 00:00:00','0000-00-00 00:00:00','\n','\n',1),(508,'Kor','4','1','3','13','5','\n','0000-00-00 00:00:00','0000-00-00 00:00:00','\n','\n',1),(509,'Krouch','4','1','3','13','6','\n','0000-00-00 00:00:00','0000-00-00 00:00:00','\n','\n',1),(510,'Lvea','4','1','3','13','7','\n','0000-00-00 00:00:00','0000-00-00 00:00:00','\n','\n',1),(511,'Mien','4','1','3','13','8','\n','0000-00-00 00:00:00','0000-00-00 00:00:00','\n','\n',1),(512,'Prey Chhor','4','1','3','13','9','\n','0000-00-00 00:00:00','0000-00-00 00:00:00','\n','\n',1),(513,'Sour Saen','4','1','3','13','10','\n','0000-00-00 00:00:00','0000-00-00 00:00:00','\n','\n',1),(514,'Srange','4','1','3','13','11','\n','0000-00-00 00:00:00','0000-00-00 00:00:00','\n','\n',1),(515,'Samraong','4','1','3','13','12','\n','0000-00-00 00:00:00','0000-00-00 00:00:00','\n','\n',1),(516,'Thma Pun','4','1','3','13','13','\n','0000-00-00 00:00:00','0000-00-00 00:00:00','\n','\n',1),(517,'Tong Rong','4','1','3','13','14','\n','0000-00-00 00:00:00','0000-00-00 00:00:00','\n','\n',1),(518,'Trapeang Preah','4','1','3','13','15','\n','0000-00-00 00:00:00','0000-00-00 00:00:00','\n','\n',1),(519,'Baray','4','1','3','14','1','\n','0000-00-00 00:00:00','0000-00-00 00:00:00','\n','\n',1),(520,'Chi Bal','4','1','3','14','2','\n','0000-00-00 00:00:00','0000-00-00 00:00:00','\n','\n',1),(521,'Khnar Sa','4','1','3','14','3','\n','0000-00-00 00:00:00','0000-00-00 00:00:00','\n','\n',1),(522,'Kaoh Andaet','4','1','3','14','4','\n','0000-00-00 00:00:00','0000-00-00 00:00:00','\n','\n',1),(523,'Mean Chey','4','1','3','14','5','\n','0000-00-00 00:00:00','0000-00-00 00:00:00','\n','\n',1),(524,'Pteah Kandal','4','1','3','14','6','\n','0000-00-00 00:00:00','0000-00-00 00:00:00','\n','\n',1),(525,'Pram Yam','4','1','3','14','7','\n','0000-00-00 00:00:00','0000-00-00 00:00:00','\n','\n',1),(526,'Preaek Dambouk','4','1','3','14','8','\n','0000-00-00 00:00:00','0000-00-00 00:00:00','\n','\n',1),(527,'Preaek Pou','4','1','3','14','9','\n','0000-00-00 00:00:00','0000-00-00 00:00:00','\n','\n',1),(528,'Preaek Rumdeng','4','1','3','14','10','\n','0000-00-00 00:00:00','0000-00-00 00:00:00','\n','\n',1),(529,'Russei Srok','4','1','3','14','11','\n','0000-00-00 00:00:00','0000-00-00 00:00:00','\n','\n',1),(530,'Svay Pou','4','1','3','14','12','\n','0000-00-00 00:00:00','0000-00-00 00:00:00','\n','\n',1),(531,'Svay Sach Phnum','4','1','3','14','13','\n','0000-00-00 00:00:00','0000-00-00 00:00:00','\n','\n',1),(532,'Tong Tralach','4','1','3','14','14','\n','0000-00-00 00:00:00','0000-00-00 00:00:00','\n','\n',1),(533,'Areaks Tnaot','4','1','3','15','1','\n','0000-00-00 00:00:00','0000-00-00 00:00:00','\n','\n',1),(534,'Dang Kdar','4','1','3','15','2','\n','0000-00-00 00:00:00','0000-00-00 00:00:00','\n','\n',1),(535,'Khpob Ta Nguon','4','1','3','15','3','\n','0000-00-00 00:00:00','0000-00-00 00:00:00','\n','\n',1),(536,'Me Sa Chrey','4','1','3','15','4','\n','0000-00-00 00:00:00','0000-00-00 00:00:00','\n','\n',1),(537,'Ou Mlu','4','1','3','15','5','\n','0000-00-00 00:00:00','0000-00-00 00:00:00','\n','\n',1),(538,'Peam Kaoh Sna','4','1','3','15','6','\n','0000-00-00 00:00:00','0000-00-00 00:00:00','\n','\n',1),(539,'Preah Andoung','4','1','3','15','7','\n','0000-00-00 00:00:00','0000-00-00 00:00:00','\n','\n',1),(540,'Preaek Bak','4','1','3','15','8','\n','0000-00-00 00:00:00','0000-00-00 00:00:00','\n','\n',1),(541,'Preaek Kak','4','1','3','15','9','\n','0000-00-00 00:00:00','0000-00-00 00:00:00','\n','\n',1),(542,'Soupheas','4','1','3','15','10','\n','0000-00-00 00:00:00','0000-00-00 00:00:00','\n','\n',1),(543,'Toul Preah Khleang','4','1','3','15','11','\n','0000-00-00 00:00:00','0000-00-00 00:00:00','\n','\n',1),(544,'Tuol Sambuor','4','1','3','15','12','\n','0000-00-00 00:00:00','0000-00-00 00:00:00','\n','\n',1),(545,'Anhchaeum','4','1','3','16','1','\n','0000-00-00 00:00:00','0000-00-00 00:00:00','\n','\n',1),(546,'Boeng Pruol','4','1','3','16','2','\n','0000-00-00 00:00:00','0000-00-00 00:00:00','\n','\n',1),(547,'Chikor','4','1','3','16','3','\n','0000-00-00 00:00:00','0000-00-00 00:00:00','\n','\n',1),(548,'Chirou Muoy','4','1','3','16','4','\n','0000-00-00 00:00:00','0000-00-00 00:00:00','\n','\n',1),(549,'Chirou Pir','4','1','3','16','5','\n','0000-00-00 00:00:00','0000-00-00 00:00:00','\n','\n',1),(550,'Chob','4','1','3','16','6','\n','0000-00-00 00:00:00','0000-00-00 00:00:00','\n','\n',1),(551,'Kor','4','1','3','16','7','\n','0000-00-00 00:00:00','0000-00-00 00:00:00','\n','\n',1),(552,'Lngieng','4','1','3','16','8','\n','0000-00-00 00:00:00','0000-00-00 00:00:00','\n','\n',1),(553,'Moung Riev','4','1','3','16','9','\n','0000-00-00 00:00:00','0000-00-00 00:00:00','\n','\n',1),(554,'Peam Chileang','4','1','3','16','10','\n','0000-00-00 00:00:00','0000-00-00 00:00:00','\n','\n',1),(555,'Roka Po Pram','4','1','3','16','11','\n','0000-00-00 00:00:00','0000-00-00 00:00:00','\n','\n',1),(556,'Sralab','4','1','3','16','12','\n','0000-00-00 00:00:00','0000-00-00 00:00:00','\n','\n',1),(557,'Suong','4','1','3','16','13','\n','0000-00-00 00:00:00','0000-00-00 00:00:00','\n','\n',1),(558,'Thma Pechr','4','1','3','16','14','\n','0000-00-00 00:00:00','0000-00-00 00:00:00','\n','\n',1),(559,'Tonle Bet','4','1','3','16','15','\n','0000-00-00 00:00:00','0000-00-00 00:00:00','\n','\n',1),(560,'Vihear Luong','4','1','3','16','16','\n','0000-00-00 00:00:00','0000-00-00 00:00:00','\n','\n',1),(561,'Anhchanh Rung','4','1','4','1','1','\n','0000-00-00 00:00:00','0000-00-00 00:00:00','\n','\n',1),(562,'Chhnok Tru','4','1','4','1','2','\n','0000-00-00 00:00:00','0000-00-00 00:00:00','\n','\n',1),(563,'Chak','4','1','4','1','3','\n','0000-00-00 00:00:00','0000-00-00 00:00:00','\n','\n',1),(564,'Khon Rang','4','1','4','1','4','\n','0000-00-00 00:00:00','0000-00-00 00:00:00','\n','\n',1),(565,'Kampong Preah Kokir','4','1','4','1','5','\n','0000-00-00 00:00:00','0000-00-00 00:00:00','\n','\n',1),(566,'Melum','4','1','4','1','6','\n','0000-00-00 00:00:00','0000-00-00 00:00:00','\n','\n',1),(567,'Phsar','4','1','4','1','7','\n','0000-00-00 00:00:00','0000-00-00 00:00:00','\n','\n',1),(568,'Pech Changvar','4','1','4','1','8','\n','0000-00-00 00:00:00','0000-00-00 00:00:00','\n','\n',1),(569,'Popel','4','1','4','1','9','\n','0000-00-00 00:00:00','0000-00-00 00:00:00','\n','\n',1),(570,'Ponley','4','1','4','1','10','\n','0000-00-00 00:00:00','0000-00-00 00:00:00','\n','\n',1),(571,'Trapeang Chan','4','1','4','1','11','\n','0000-00-00 00:00:00','0000-00-00 00:00:00','\n','\n',1),(572,'Chol Sar','4','1','4','2','1','\n','0000-00-00 00:00:00','0000-00-00 00:00:00','\n','\n',1),(573,'Kaoh Thkov','4','1','4','2','2','\n','0000-00-00 00:00:00','0000-00-00 00:00:00','\n','\n',1),(574,'Kampong Os','4','1','4','2','3','\n','0000-00-00 00:00:00','0000-00-00 00:00:00','\n','\n',1),(575,'Peam Chhaok','4','1','4','2','4','\n','0000-00-00 00:00:00','0000-00-00 00:00:00','\n','\n',1),(576,'Prey Kri','4','1','4','2','5','\n','0000-00-00 00:00:00','0000-00-00 00:00:00','\n','\n',1),(577,'Phsar Chhnang','4','1','4','3','1','\n','0000-00-00 00:00:00','0000-00-00 00:00:00','\n','\n',1),(578,'Kampong Chhnang','4','1','4','3','2','\n','0000-00-00 00:00:00','0000-00-00 00:00:00','\n','\n',1),(579,'Pher','4','1','4','3','3','\n','0000-00-00 00:00:00','0000-00-00 00:00:00','\n','\n',1),(580,'Khsam','4','1','4','3','4','\n','0000-00-00 00:00:00','0000-00-00 00:00:00','\n','\n',1),(581,'Chranouk','4','1','4','4','1','\n','0000-00-00 00:00:00','0000-00-00 00:00:00','\n','\n',1),(582,'Dar','4','1','4','4','2','\n','0000-00-00 00:00:00','0000-00-00 00:00:00','\n','\n',1),(583,'Kampong Hau','4','1','4','4','3','\n','0000-00-00 00:00:00','0000-00-00 00:00:00','\n','\n',1),(584,'Phlov Tuk','4','1','4','4','4','\n','0000-00-00 00:00:00','0000-00-00 00:00:00','\n','\n',1),(585,'Pou','4','1','4','4','5','\n','0000-00-00 00:00:00','0000-00-00 00:00:00','\n','\n',1),(586,'Pralay Meas','4','1','4','4','6','\n','0000-00-00 00:00:00','0000-00-00 00:00:00','\n','\n',1),(587,'Samraong Saen','4','1','4','4','7','\n','0000-00-00 00:00:00','0000-00-00 00:00:00','\n','\n',1),(588,'Svay Rumpear','4','1','4','4','8','\n','0000-00-00 00:00:00','0000-00-00 00:00:00','\n','\n',1),(589,'Trangel','4','1','4','4','9','\n','0000-00-00 00:00:00','0000-00-00 00:00:00','\n','\n',1),(590,'Ampil Tuek','4','1','4','5','1','\n','0000-00-00 00:00:00','0000-00-00 00:00:00','\n','\n',1),(591,'Chhuk Sa','4','1','4','5','2','\n','0000-00-00 00:00:00','0000-00-00 00:00:00','\n','\n',1),(592,'Chres','4','1','4','5','3','\n','0000-00-00 00:00:00','0000-00-00 00:00:00','\n','\n',1),(593,'Kampong Tralach','4','1','4','5','4','\n','0000-00-00 00:00:00','0000-00-00 00:00:00','\n','\n',1),(594,'Longveaek','4','1','4','5','5','\n','0000-00-00 00:00:00','0000-00-00 00:00:00','\n','\n',1),(595,'Ou Russei','4','1','4','5','6','\n','0000-00-00 00:00:00','0000-00-00 00:00:00','\n','\n',1),(596,'Peani','4','1','4','5','7','\n','0000-00-00 00:00:00','0000-00-00 00:00:00','\n','\n',1),(597,'Saeb','4','1','4','5','8','\n','0000-00-00 00:00:00','0000-00-00 00:00:00','\n','\n',1),(598,'Ta Ches','4','1','4','5','9','\n','0000-00-00 00:00:00','0000-00-00 00:00:00','\n','\n',1),(599,'Thma Edth','4','1','4','5','10','\n','0000-00-00 00:00:00','0000-00-00 00:00:00','\n','\n',1),(600,'Andoung Snay','4','1','4','6','1','\n','0000-00-00 00:00:00','0000-00-00 00:00:00','\n','\n',1),(601,'Banteay Preal','4','1','4','6','2','\n','0000-00-00 00:00:00','0000-00-00 00:00:00','\n','\n',1),(602,'Cheung Kreav','4','1','4','6','3','\n','0000-00-00 00:00:00','0000-00-00 00:00:00','\n','\n',1),(603,'Chrey Bak','4','1','4','6','4','\n','0000-00-00 00:00:00','0000-00-00 00:00:00','\n','\n',1),(604,'Kouk Banteay','4','1','4','6','5','\n','0000-00-00 00:00:00','0000-00-00 00:00:00','\n','\n',1),(605,'Krang Leav','4','1','4','6','6','\n','0000-00-00 00:00:00','0000-00-00 00:00:00','\n','\n',1),(606,'Pongro','4','1','4','6','7','\n','0000-00-00 00:00:00','0000-00-00 00:00:00','\n','\n',1),(607,'Prasneb','4','1','4','6','8','\n','0000-00-00 00:00:00','0000-00-00 00:00:00','\n','\n',1),(608,'Prey Mul','4','1','4','6','9','\n','0000-00-00 00:00:00','0000-00-00 00:00:00','\n','\n',1),(609,'Rolea Bier','4','1','4','6','10','\n','0000-00-00 00:00:00','0000-00-00 00:00:00','\n','\n',1),(610,'Srae Thmei','4','1','4','6','11','\n','0000-00-00 00:00:00','0000-00-00 00:00:00','\n','\n',1),(611,'Svay Chrum','4','1','4','6','12','\n','0000-00-00 00:00:00','0000-00-00 00:00:00','\n','\n',1),(612,'Tuek Hout','4','1','4','6','13','\n','0000-00-00 00:00:00','0000-00-00 00:00:00','\n','\n',1),(613,'Chhean Laeung','4','1','4','7','1','\n','0000-00-00 00:00:00','0000-00-00 00:00:00','\n','\n',1),(614,'Khnar Chhmar','4','1','4','7','2','\n','0000-00-00 00:00:00','0000-00-00 00:00:00','\n','\n',1),(615,'Krang Lvea','4','1','4','7','3','\n','0000-00-00 00:00:00','0000-00-00 00:00:00','\n','\n',1),(616,'Peam','4','1','4','7','4','\n','0000-00-00 00:00:00','0000-00-00 00:00:00','\n','\n',1),(617,'Sedthei','4','1','4','7','5','\n','0000-00-00 00:00:00','0000-00-00 00:00:00','\n','\n',1),(618,'Svay','4','1','4','7','6','\n','0000-00-00 00:00:00','0000-00-00 00:00:00','\n','\n',1),(619,'Svay Chuk','4','1','4','7','7','\n','0000-00-00 00:00:00','0000-00-00 00:00:00','\n','\n',1),(620,'Tbaeng Khpos','4','1','4','7','8','\n','0000-00-00 00:00:00','0000-00-00 00:00:00','\n','\n',1),(621,'Thlok Vien','4','1','4','7','9','\n','0000-00-00 00:00:00','0000-00-00 00:00:00','\n','\n',1),(622,'Akphivoadth','4','1','4','8','1','\n','0000-00-00 00:00:00','0000-00-00 00:00:00','\n','\n',1),(623,'Chieb','4','1','4','8','2','\n','0000-00-00 00:00:00','0000-00-00 00:00:00','\n','\n',1),(624,'Chaong Maong','4','1','4','8','3','\n','0000-00-00 00:00:00','0000-00-00 00:00:00','\n','\n',1),(625,'Kbal Tuek','4','1','4','8','4','\n','0000-00-00 00:00:00','0000-00-00 00:00:00','\n','\n',1),(626,'Khlong Popok','4','1','4','8','5','\n','0000-00-00 00:00:00','0000-00-00 00:00:00','\n','\n',1),(627,'Krang Skear','4','1','4','8','6','\n','0000-00-00 00:00:00','0000-00-00 00:00:00','\n','\n',1),(628,'Tang Krasang','4','1','4','8','7','\n','0000-00-00 00:00:00','0000-00-00 00:00:00','\n','\n',1),(629,'Toul Khpos','4','1','4','8','8','\n','0000-00-00 00:00:00','0000-00-00 00:00:00','\n','\n',1),(630,'Basedth','4','1','5','1','1','\n','0000-00-00 00:00:00','0000-00-00 00:00:00','\n','\n',1),(631,'Kat Phluk','4','1','5','1','2','\n','0000-00-00 00:00:00','0000-00-00 00:00:00','\n','\n',1),(632,'Nitean','4','1','5','1','3','\n','0000-00-00 00:00:00','0000-00-00 00:00:00','\n','\n',1),(633,'Pheakdei','4','1','5','1','4','\n','0000-00-00 00:00:00','0000-00-00 00:00:00','\n','\n',1),(634,'Pheari Mean Chey','4','1','5','1','5','\n','0000-00-00 00:00:00','0000-00-00 00:00:00','\n','\n',1),(635,'Phong','4','1','5','1','6','\n','0000-00-00 00:00:00','0000-00-00 00:00:00','\n','\n',1),(636,'Pou Angkrang','4','1','5','1','7','\n','0000-00-00 00:00:00','0000-00-00 00:00:00','\n','\n',1),(637,'Pou Chamraeun','4','1','5','1','8','\n','0000-00-00 00:00:00','0000-00-00 00:00:00','\n','\n',1),(638,'pou Mreal','4','1','5','1','9','\n','0000-00-00 00:00:00','0000-00-00 00:00:00','\n','\n',1),(639,'Svay Chacheb','4','1','5','1','10','\n','0000-00-00 00:00:00','0000-00-00 00:00:00','\n','\n',1),(640,'Tuol Ampil','4','1','5','1','11','\n','0000-00-00 00:00:00','0000-00-00 00:00:00','\n','\n',1),(641,'Tuol Sala','4','1','5','1','12','\n','0000-00-00 00:00:00','0000-00-00 00:00:00','\n','\n',1),(642,'Kak','4','1','5','1','13','\n','0000-00-00 00:00:00','0000-00-00 00:00:00','\n','\n',1),(643,'Svay Rumpea','4','1','5','1','14','\n','0000-00-00 00:00:00','0000-00-00 00:00:00','\n','\n',1),(644,'Preah Khae','4','1','5','1','15','\n','0000-00-00 00:00:00','0000-00-00 00:00:00','\n','\n',1),(645,'Chbar Mon','4','1','5','2','1','\n','0000-00-00 00:00:00','0000-00-00 00:00:00','\n','\n',1),(646,'Kandaol Dom','4','1','5','2','2','\n','0000-00-00 00:00:00','0000-00-00 00:00:00','\n','\n',1),(647,'Roka Thum','4','1','5','2','3','\n','0000-00-00 00:00:00','0000-00-00 00:00:00','\n','\n',1),(648,'Sopoar Tep','4','1','5','2','4','\n','0000-00-00 00:00:00','0000-00-00 00:00:00','\n','\n',1),(649,'Svay Kravan','4','1','5','2','5','\n','0000-00-00 00:00:00','0000-00-00 00:00:00','\n','\n',1),(650,'Angk Popel','4','1','5','3','1','\n','0000-00-00 00:00:00','0000-00-00 00:00:00','\n','\n',1),(651,'Chongruk','4','1','5','3','2','\n','0000-00-00 00:00:00','0000-00-00 00:00:00','\n','\n',1),(652,'Moha Russei','4','1','5','3','3','\n','0000-00-00 00:00:00','0000-00-00 00:00:00','\n','\n',1),(653,'Pechr Muni','4','1','5','3','4','\n','0000-00-00 00:00:00','0000-00-00 00:00:00','\n','\n',1),(654,'Preah Nipean','4','1','5','3','5','\n','0000-00-00 00:00:00','0000-00-00 00:00:00','\n','\n',1),(655,'Prey Nheat','4','1','5','3','6','\n','0000-00-00 00:00:00','0000-00-00 00:00:00','\n','\n',1),(656,'Prey Vihear','4','1','5','3','7','\n','0000-00-00 00:00:00','0000-00-00 00:00:00','\n','\n',1),(657,'Roka Kaoh','4','1','5','3','8','\n','0000-00-00 00:00:00','0000-00-00 00:00:00','\n','\n',1),(658,'Sdok','4','1','5','3','9','\n','0000-00-00 00:00:00','0000-00-00 00:00:00','\n','\n',1),(659,'Snam Krapeu','4','1','5','3','10','\n','0000-00-00 00:00:00','0000-00-00 00:00:00','\n','\n',1),(660,'Srang','4','1','5','3','11','\n','0000-00-00 00:00:00','0000-00-00 00:00:00','\n','\n',1),(661,'Tuek Lak','4','1','5','3','12','\n','0000-00-00 00:00:00','0000-00-00 00:00:00','\n','\n',1),(662,'Veal','4','1','5','3','13','\n','0000-00-00 00:00:00','0000-00-00 00:00:00','\n','\n',1),(663,'Haong Samnam','4','1','5','4','1','\n','0000-00-00 00:00:00','0000-00-00 00:00:00','\n','\n',1),(664,'Reaksmei Sameakki','4','1','5','4','2','\n','0000-00-00 00:00:00','0000-00-00 00:00:00','\n','\n',1),(665,'Trapeang Chour','4','1','5','4','3','\n','0000-00-00 00:00:00','0000-00-00 00:00:00','\n','\n',1),(666,'Sangkae Satob','4','1','5','4','4','\n','0000-00-00 00:00:00','0000-00-00 00:00:00','\n','\n',1),(667,'Ta Sal','4','1','5','4','5','\n','0000-00-00 00:00:00','0000-00-00 00:00:00','\n','\n',1),(668,'Chant Saen','4','1','5','5','1','\n','0000-00-00 00:00:00','0000-00-00 00:00:00','\n','\n',1),(669,'Cheung Roas','4','1','5','5','2','\n','0000-00-00 00:00:00','0000-00-00 00:00:00','\n','\n',1),(670,'Chumpu Proeks','4','1','5','5','3','\n','0000-00-00 00:00:00','0000-00-00 00:00:00','\n','\n',1),(671,'Khsem Khsan','4','1','5','5','4','\n','0000-00-00 00:00:00','0000-00-00 00:00:00','\n','\n',1),(672,'Krang Chek','4','1','5','5','5','\n','0000-00-00 00:00:00','0000-00-00 00:00:00','\n','\n',1),(673,'Mean Chey','4','1','5','5','6','\n','0000-00-00 00:00:00','0000-00-00 00:00:00','\n','\n',1),(674,'Preah Srae','4','1','5','5','7','\n','0000-00-00 00:00:00','0000-00-00 00:00:00','\n','\n',1),(675,'Prey Krasang','4','1','5','5','8','\n','0000-00-00 00:00:00','0000-00-00 00:00:00','\n','\n',1),(676,'Trach Tong','4','1','5','5','9','\n','0000-00-00 00:00:00','0000-00-00 00:00:00','\n','\n',1),(677,'Veal Pung','4','1','5','5','10','\n','0000-00-00 00:00:00','0000-00-00 00:00:00','\n','\n',1),(678,'Veang Chas','4','1','5','5','11','\n','0000-00-00 00:00:00','0000-00-00 00:00:00','\n','\n',1),(679,'Yutth Sameakki','4','1','5','5','12','\n','0000-00-00 00:00:00','0000-00-00 00:00:00','\n','\n',1),(680,'Damnak Riang','4','1','5','5','13','\n','0000-00-00 00:00:00','0000-00-00 00:00:00','\n','\n',1),(681,'Peang Lvea','4','1','5','5','14','\n','0000-00-00 00:00:00','0000-00-00 00:00:00','\n','\n',1),(682,'Phnum Touch','4','1','5','5','15','\n','0000-00-00 00:00:00','0000-00-00 00:00:00','\n','\n',1),(683,'Chambak','4','1','5','6','1','\n','0000-00-00 00:00:00','0000-00-00 00:00:00','\n','\n',1),(684,'Choam Sangkae','4','1','5','6','2','\n','0000-00-00 00:00:00','0000-00-00 00:00:00','\n','\n',1),(685,'Dambouk Rung','4','1','5','6','3','\n','0000-00-00 00:00:00','0000-00-00 00:00:00','\n','\n',1),(686,'Kiri Voan','4','1','5','6','4','\n','0000-00-00 00:00:00','0000-00-00 00:00:00','\n','\n',1),(687,'Krang Dei Vay','4','1','5','6','5','\n','0000-00-00 00:00:00','0000-00-00 00:00:00','\n','\n',1),(688,'Moha Sang','4','1','5','6','6','\n','0000-00-00 00:00:00','0000-00-00 00:00:00','\n','\n',1),(689,'Ou','4','1','5','6','7','\n','0000-00-00 00:00:00','0000-00-00 00:00:00','\n','\n',1),(690,'Prey Rumduol','4','1','5','6','8','\n','0000-00-00 00:00:00','0000-00-00 00:00:00','\n','\n',1),(691,'Prey Kmeng','4','1','5','6','9','\n','0000-00-00 00:00:00','0000-00-00 00:00:00','\n','\n',1),(692,'Tang Samraong','4','1','5','6','10','\n','0000-00-00 00:00:00','0000-00-00 00:00:00','\n','\n',1),(693,'Tang Sya','4','1','5','6','11','\n','0000-00-00 00:00:00','0000-00-00 00:00:00','\n','\n',1),(694,'Traeng Trayueng','4','1','5','6','12','\n','0000-00-00 00:00:00','0000-00-00 00:00:00','\n','\n',1),(695,'Roleang Chak','4','1','5','7','1','\n','0000-00-00 00:00:00','0000-00-00 00:00:00','\n','\n',1),(696,'Kaheang','4','1','5','7','2','\n','0000-00-00 00:00:00','0000-00-00 00:00:00','\n','\n',1),(697,'khtum Krang','4','1','5','7','3','\n','0000-00-00 00:00:00','0000-00-00 00:00:00','\n','\n',1),(698,'Krang Ampil','4','1','5','7','4','\n','0000-00-00 00:00:00','0000-00-00 00:00:00','\n','\n',1),(699,'Pneay','4','1','5','7','5','\n','0000-00-00 00:00:00','0000-00-00 00:00:00','\n','\n',1),(700,'Roleang Kreul','4','1','5','7','6','\n','0000-00-00 00:00:00','0000-00-00 00:00:00','\n','\n',1),(701,'Samraong Tong','4','1','5','7','7','\n','0000-00-00 00:00:00','0000-00-00 00:00:00','\n','\n',1),(702,'Sambour','4','1','5','7','8','\n','0000-00-00 00:00:00','0000-00-00 00:00:00','\n','\n',1),(703,'Saen Dei','4','1','5','7','9','\n','0000-00-00 00:00:00','0000-00-00 00:00:00','\n','\n',1),(704,'Skuh','4','1','5','7','10','\n','0000-00-00 00:00:00','0000-00-00 00:00:00','\n','\n',1),(705,'Tiang Krouch','4','1','5','7','11','\n','0000-00-00 00:00:00','0000-00-00 00:00:00','\n','\n',1),(706,'Thormda Ar','4','1','5','7','12','\n','0000-00-00 00:00:00','0000-00-00 00:00:00','\n','\n',1),(707,'Trapeang Kong','4','1','5','7','13','\n','0000-00-00 00:00:00','0000-00-00 00:00:00','\n','\n',1),(708,'Tumpoar Meas','4','1','5','7','14','\n','0000-00-00 00:00:00','0000-00-00 00:00:00','\n','\n',1),(709,'Voa Sa','4','1','5','7','15','\n','0000-00-00 00:00:00','0000-00-00 00:00:00','\n','\n',1),(710,'Amleang','4','1','5','8','1','\n','0000-00-00 00:00:00','0000-00-00 00:00:00','\n','\n',1),(711,'Monourom','4','1','5','8','2','\n','0000-00-00 00:00:00','0000-00-00 00:00:00','\n','\n',1),(712,'Prambei Mom','4','1','5','8','3','\n','0000-00-00 00:00:00','0000-00-00 00:00:00','\n','\n',1),(713,'Rung Roeang','4','1','5','8','4','\n','0000-00-00 00:00:00','0000-00-00 00:00:00','\n','\n',1),(714,'toap Mean','4','1','5','8','5','\n','0000-00-00 00:00:00','0000-00-00 00:00:00','\n','\n',1),(715,'Veal Pon','4','1','5','8','6','\n','0000-00-00 00:00:00','0000-00-00 00:00:00','\n','\n',1),(716,'Yea Angk','4','1','5','8','7','\n','0000-00-00 00:00:00','0000-00-00 00:00:00','\n','\n',1),(717,'Bak Sna','4','1','6','1','1','\n','0000-00-00 00:00:00','0000-00-00 00:00:00','\n','\n',1),(718,'Ballangk','4','1','6','1','2','\n','0000-00-00 00:00:00','0000-00-00 00:00:00','\n','\n',1),(719,'Baray','4','1','6','1','3','\n','0000-00-00 00:00:00','0000-00-00 00:00:00','\n','\n',1),(720,'Boeng','4','1','6','1','4','\n','0000-00-00 00:00:00','0000-00-00 00:00:00','\n','\n',1),(721,'Chaeung Daeung','4','1','6','1','5','\n','0000-00-00 00:00:00','0000-00-00 00:00:00','\n','\n',1),(722,'Chra Neang','4','1','6','1','6','\n','0000-00-00 00:00:00','0000-00-00 00:00:00','\n','\n',1),(723,'Chhuk Khsach','4','1','6','1','7','\n','0000-00-00 00:00:00','0000-00-00 00:00:00','\n','\n',1),(724,'Chong Doung','4','1','6','1','8','\n','0000-00-00 00:00:00','0000-00-00 00:00:00','\n','\n',1),(725,'Chrolong','4','1','6','1','9','\n','0000-00-00 00:00:00','0000-00-00 00:00:00','\n','\n',1),(726,'Kokir Thum','4','1','6','1','10','\n','0000-00-00 00:00:00','0000-00-00 00:00:00','\n','\n',1),(727,'Krava','4','1','6','1','11','\n','0000-00-00 00:00:00','0000-00-00 00:00:00','\n','\n',1),(728,'Andoung Pou','4','1','6','1','12','\n','0000-00-00 00:00:00','0000-00-00 00:00:00','\n','\n',1),(729,'Pongro','4','1','6','1','13','\n','0000-00-00 00:00:00','0000-00-00 00:00:00','\n','\n',1),(730,'Sou Young','4','1','6','1','14','\n','0000-00-00 00:00:00','0000-00-00 00:00:00','\n','\n',1),(731,'Sralau','4','1','6','1','15','\n','0000-00-00 00:00:00','0000-00-00 00:00:00','\n','\n',1),(732,'Svay Phleung','4','1','6','1','16','\n','0000-00-00 00:00:00','0000-00-00 00:00:00','\n','\n',1),(733,'Tnaot Chum','4','1','6','1','17','\n','0000-00-00 00:00:00','0000-00-00 00:00:00','\n','\n',1),(734,'Treal','4','1','6','1','18','\n','0000-00-00 00:00:00','0000-00-00 00:00:00','\n','\n',1),(735,'Chey','4','1','6','2','1','\n','0000-00-00 00:00:00','0000-00-00 00:00:00','\n','\n',1),(736,'Damrei Slab','4','1','6','2','2','\n','0000-00-00 00:00:00','0000-00-00 00:00:00','\n','\n',1),(737,'Kampong Kou','4','1','6','2','3','\n','0000-00-00 00:00:00','0000-00-00 00:00:00','\n','\n',1),(738,'Kampong Svay','4','1','6','2','4','\n','0000-00-00 00:00:00','0000-00-00 00:00:00','\n','\n',1),(739,'Ni Pechr','4','1','6','2','5','\n','0000-00-00 00:00:00','0000-00-00 00:00:00','\n','\n',1),(740,'Phat Sanday','4','1','6','2','6','\n','0000-00-00 00:00:00','0000-00-00 00:00:00','\n','\n',1),(741,'San Kor','4','1','6','2','7','\n','0000-00-00 00:00:00','0000-00-00 00:00:00','\n','\n',1),(742,'Tbaeng','4','1','6','2','8','\n','0000-00-00 00:00:00','0000-00-00 00:00:00','\n','\n',1),(743,'Trapeang Ruessei','4','1','6','2','9','\n','0000-00-00 00:00:00','0000-00-00 00:00:00','\n','\n',1),(744,'Damrei Choan Khla','4','1','6','3','1','\n','0000-00-00 00:00:00','0000-00-00 00:00:00','\n','\n',1),(745,'Kampong Thum','4','1','6','3','2','\n','0000-00-00 00:00:00','0000-00-00 00:00:00','\n','\n',1),(746,'Kampong Roteh','4','1','6','3','3','\n','0000-00-00 00:00:00','0000-00-00 00:00:00','\n','\n',1),(747,'Ou Kanthor','4','1','6','3','4','\n','0000-00-00 00:00:00','0000-00-00 00:00:00','\n','\n',1),(748,'Kdei Doung','4','1','6','3','5','\n','0000-00-00 00:00:00','0000-00-00 00:00:00','\n','\n',1),(749,'Kampong Krabau','4','1','6','3','6','\n','0000-00-00 00:00:00','0000-00-00 00:00:00','\n','\n',1),(750,'Prey Kuy','4','1','6','3','7','\n','0000-00-00 00:00:00','0000-00-00 00:00:00','\n','\n',1),(751,'Prey Ta Hu','4','1','6','3','8','\n','0000-00-00 00:00:00','0000-00-00 00:00:00','\n','\n',1),(752,'Achar Leak','4','1','6','3','9','\n','0000-00-00 00:00:00','0000-00-00 00:00:00','\n','\n',1),(753,'Srayov','4','1','6','3','10','\n','0000-00-00 00:00:00','0000-00-00 00:00:00','\n','\n',1),(754,'Tboung Krapeu','4','1','6','3','11','\n','0000-00-00 00:00:00','0000-00-00 00:00:00','\n','\n',1),(755,'Doung','4','1','6','4','1','\n','0000-00-00 00:00:00','0000-00-00 00:00:00','\n','\n',1),(756,'Kraya','4','1','6','4','2','\n','0000-00-00 00:00:00','0000-00-00 00:00:00','\n','\n',1),(757,'Phan Nheum','4','1','6','4','3','\n','0000-00-00 00:00:00','0000-00-00 00:00:00','\n','\n',1),(758,'Sa Kream','4','1','6','4','4','\n','0000-00-00 00:00:00','0000-00-00 00:00:00','\n','\n',1),(759,'Sala Visai','4','1','6','4','5','\n','0000-00-00 00:00:00','0000-00-00 00:00:00','\n','\n',1),(760,'Sameaki','4','1','6','4','6','\n','0000-00-00 00:00:00','0000-00-00 00:00:00','\n','\n',1),(761,'Toul Kreul','4','1','6','4','7','\n','0000-00-00 00:00:00','0000-00-00 00:00:00','\n','\n',1),(762,'Chhuk','4','1','6','5','1','\n','0000-00-00 00:00:00','0000-00-00 00:00:00','\n','\n',1),(763,'Koul','4','1','6','5','2','\n','0000-00-00 00:00:00','0000-00-00 00:00:00','\n','\n',1),(764,'Sambour','4','1','6','5','3','\n','0000-00-00 00:00:00','0000-00-00 00:00:00','\n','\n',1),(765,'Sraeung','4','1','6','5','4','\n','0000-00-00 00:00:00','0000-00-00 00:00:00','\n','\n',1),(766,'Tang Krasau','4','1','6','5','5','\n','0000-00-00 00:00:00','0000-00-00 00:00:00','\n','\n',1),(767,'Chheu Teal','4','1','6','6','1','\n','0000-00-00 00:00:00','0000-00-00 00:00:00','\n','\n',1),(768,'Dang Kambet','4','1','6','6','2','\n','0000-00-00 00:00:00','0000-00-00 00:00:00','\n','\n',1),(769,'Klaeng','4','1','6','6','3','\n','0000-00-00 00:00:00','0000-00-00 00:00:00','\n','\n',1),(770,'Maen Ret','4','1','6','6','4','\n','0000-00-00 00:00:00','0000-00-00 00:00:00','\n','\n',1),(771,'Mean Chhey','4','1','6','6','5','\n','0000-00-00 00:00:00','0000-00-00 00:00:00','\n','\n',1),(772,'Ngan','4','1','6','6','6','\n','0000-00-00 00:00:00','0000-00-00 00:00:00','\n','\n',1),(773,'Sandan','4','1','6','6','7','\n','0000-00-00 00:00:00','0000-00-00 00:00:00','\n','\n',1),(774,'Sochet','4','1','6','6','8','\n','0000-00-00 00:00:00','0000-00-00 00:00:00','\n','\n',1),(775,'Tumring','4','1','6','6','9','\n','0000-00-00 00:00:00','0000-00-00 00:00:00','\n','\n',1),(776,'Boeng Lvea','4','1','6','7','1','\n','0000-00-00 00:00:00','0000-00-00 00:00:00','\n','\n',1),(777,'Chroab','4','1','6','7','2','\n','0000-00-00 00:00:00','0000-00-00 00:00:00','\n','\n',1),(778,'Kampong Thma','4','1','6','7','3','\n','0000-00-00 00:00:00','0000-00-00 00:00:00','\n','\n',1),(779,'Kakaoh','4','1','6','7','4','\n','0000-00-00 00:00:00','0000-00-00 00:00:00','\n','\n',1),(780,'Kraya','4','1','6','7','5','\n','0000-00-00 00:00:00','0000-00-00 00:00:00','\n','\n',1),(781,'Pnov','4','1','6','7','6','\n','0000-00-00 00:00:00','0000-00-00 00:00:00','\n','\n',1),(782,'Prasat','4','1','6','7','7','\n','0000-00-00 00:00:00','0000-00-00 00:00:00','\n','\n',1),(783,'Tang Krasang','4','1','6','7','8','\n','0000-00-00 00:00:00','0000-00-00 00:00:00','\n','\n',1),(784,'Ti Pou','4','1','6','7','9','\n','0000-00-00 00:00:00','0000-00-00 00:00:00','\n','\n',1),(785,'Bateay Stoung','4','1','6','8','1','\n','0000-00-00 00:00:00','0000-00-00 00:00:00','\n','\n',1),(786,'Chamnar Kraom','4','1','6','8','2','\n','0000-00-00 00:00:00','0000-00-00 00:00:00','\n','\n',1),(787,'Chamnar Leu','4','1','6','8','3','\n','0000-00-00 00:00:00','0000-00-00 00:00:00','\n','\n',1),(788,'Kampong Chen Cheung','4','1','6','8','4','\n','0000-00-00 00:00:00','0000-00-00 00:00:00','\n','\n',1),(789,'Kampong Chen Tboung','4','1','6','8','5','\n','0000-00-00 00:00:00','0000-00-00 00:00:00','\n','\n',1),(790,'Msar Krang','4','1','6','8','6','\n','0000-00-00 00:00:00','0000-00-00 00:00:00','\n','\n',1),(791,'Peam Krang','4','1','6','8','7','\n','0000-00-00 00:00:00','0000-00-00 00:00:00','\n','\n',1),(792,'Popok','4','1','6','8','8','\n','0000-00-00 00:00:00','0000-00-00 00:00:00','\n','\n',1),(793,'Pralay','4','1','6','8','9','\n','0000-00-00 00:00:00','0000-00-00 00:00:00','\n','\n',1),(794,'Preah Damrei','4','1','6','8','10','\n','0000-00-00 00:00:00','0000-00-00 00:00:00','\n','\n',1),(795,'Rung Roeang','4','1','6','8','11','\n','0000-00-00 00:00:00','0000-00-00 00:00:00','\n','\n',1),(796,'Sampouch','4','1','6','8','12','\n','0000-00-00 00:00:00','0000-00-00 00:00:00','\n','\n',1),(797,'Trea','4','1','6','8','13','\n','0000-00-00 00:00:00','0000-00-00 00:00:00','\n','\n',1),(798,'Angkor Phnum Touch','4','1','7','1','1','\n','0000-00-00 00:00:00','0000-00-00 00:00:00','\n','\n',1),(799,'Angkor Chey','4','1','7','1','2','\n','0000-00-00 00:00:00','0000-00-00 00:00:00','\n','\n',1),(800,'Champei','4','1','7','1','3','\n','0000-00-00 00:00:00','0000-00-00 00:00:00','\n','\n',1),(801,'Dambouk Khpos','4','1','7','1','4','\n','0000-00-00 00:00:00','0000-00-00 00:00:00','\n','\n',1),(802,'Dan Koum','4','1','7','1','5','\n','0000-00-00 00:00:00','0000-00-00 00:00:00','\n','\n',1),(803,'Daeum Doung','4','1','7','1','6','\n','0000-00-00 00:00:00','0000-00-00 00:00:00','\n','\n',1),(804,'Mroum','4','1','7','1','7','\n','0000-00-00 00:00:00','0000-00-00 00:00:00','\n','\n',1),(805,'Phnum Kong','4','1','7','1','8','\n','0000-00-00 00:00:00','0000-00-00 00:00:00','\n','\n',1),(806,'Praphnum','4','1','7','1','9','\n','0000-00-00 00:00:00','0000-00-00 00:00:00','\n','\n',1),(807,'Samlanh','4','1','7','1','10','\n','0000-00-00 00:00:00','0000-00-00 00:00:00','\n','\n',1),(808,'Tani','4','1','7','1','11','\n','0000-00-00 00:00:00','0000-00-00 00:00:00','\n','\n',1),(809,'Banteay Meas Khang Kaeut','4','1','7','2','1','\n','0000-00-00 00:00:00','0000-00-00 00:00:00','\n','\n',1),(810,'Banteay Meas Khang Lech','4','1','7','2','2','\n','0000-00-00 00:00:00','0000-00-00 00:00:00','\n','\n',1),(811,'Prey Tonle','4','1','7','2','3','\n','0000-00-00 00:00:00','0000-00-00 00:00:00','\n','\n',1),(812,'Samraong Kraom','4','1','7','2','4','\n','0000-00-00 00:00:00','0000-00-00 00:00:00','\n','\n',1),(813,'Samraong Leu','4','1','7','2','5','\n','0000-00-00 00:00:00','0000-00-00 00:00:00','\n','\n',1),(814,'Sdach Kong Khang Cheung','4','1','7','2','6','\n','0000-00-00 00:00:00','0000-00-00 00:00:00','\n','\n',1),(815,'Sdach Kong Khang Lech','4','1','7','2','7','\n','0000-00-00 00:00:00','0000-00-00 00:00:00','\n','\n',1),(816,'Sdach Kong Khang Tboung','4','1','7','2','8','\n','0000-00-00 00:00:00','0000-00-00 00:00:00','\n','\n',1),(817,'Tnaot Chong Srang','4','1','7','2','9','\n','0000-00-00 00:00:00','0000-00-00 00:00:00','\n','\n',1),(818,'Trapeang Sala Khang Kaeut','4','1','7','2','10','\n','0000-00-00 00:00:00','0000-00-00 00:00:00','\n','\n',1),(819,'Trapeang Sala Khang Lech','4','1','7','2','11','\n','0000-00-00 00:00:00','0000-00-00 00:00:00','\n','\n',1),(820,'Tuk Meas Khang kaeut','4','1','7','2','12','\n','0000-00-00 00:00:00','0000-00-00 00:00:00','\n','\n',1),(821,'Tuk Meas Khang Lech','4','1','7','2','13','\n','0000-00-00 00:00:00','0000-00-00 00:00:00','\n','\n',1),(822,'Voat Angk Khang Cheung','4','1','7','2','14','\n','0000-00-00 00:00:00','0000-00-00 00:00:00','\n','\n',1),(823,'Voat Angk Khang Tboung','4','1','7','2','15','\n','0000-00-00 00:00:00','0000-00-00 00:00:00','\n','\n',1),(824,'Baniev','4','1','7','3','1','\n','0000-00-00 00:00:00','0000-00-00 00:00:00','\n','\n',1),(825,'Takaen','4','1','7','3','2','\n','0000-00-00 00:00:00','0000-00-00 00:00:00','\n','\n',1),(826,'Boeg Nimol','4','1','7','3','3','\n','0000-00-00 00:00:00','0000-00-00 00:00:00','\n','\n',1),(827,'Chhuk','4','1','7','3','4','\n','0000-00-00 00:00:00','0000-00-00 00:00:00','\n','\n',1),(828,'Doun Yay','4','1','7','3','5','\n','0000-00-00 00:00:00','0000-00-00 00:00:00','\n','\n',1),(829,'Krang Sbov','4','1','7','3','6','\n','0000-00-00 00:00:00','0000-00-00 00:00:00','\n','\n',1),(830,'Krang Snay','4','1','7','3','7','\n','0000-00-00 00:00:00','0000-00-00 00:00:00','\n','\n',1),(831,'Lbaeuk','4','1','7','3','8','\n','0000-00-00 00:00:00','0000-00-00 00:00:00','\n','\n',1),(832,'Trapeang Pleang','4','1','7','3','9','\n','0000-00-00 00:00:00','0000-00-00 00:00:00','\n','\n',1),(833,'Mean Chey','4','1','7','3','10','\n','0000-00-00 00:00:00','0000-00-00 00:00:00','\n','\n',1),(834,'Neareay','4','1','7','3','11','\n','0000-00-00 00:00:00','0000-00-00 00:00:00','\n','\n',1),(835,'Satv Pong','4','1','7','3','12','\n','0000-00-00 00:00:00','0000-00-00 00:00:00','\n','\n',1),(836,'Trapeang Bei','4','1','7','3','13','\n','0000-00-00 00:00:00','0000-00-00 00:00:00','\n','\n',1),(837,'Tramaeng','4','1','7','3','14','\n','0000-00-00 00:00:00','0000-00-00 00:00:00','\n','\n',1),(838,'Chres','4','1','7','4','1','\n','0000-00-00 00:00:00','0000-00-00 00:00:00','\n','\n',1),(839,'Chompou Voin','4','1','7','4','2','\n','0000-00-00 00:00:00','0000-00-00 00:00:00','\n','\n',1),(840,'Snay Anhchet','4','1','7','4','3','\n','0000-00-00 00:00:00','0000-00-00 00:00:00','\n','\n',1),(841,'Srae Chaeng','4','1','7','4','4','\n','0000-00-00 00:00:00','0000-00-00 00:00:00','\n','\n',1),(842,'Srae Knong','4','1','7','4','5','\n','0000-00-00 00:00:00','0000-00-00 00:00:00','\n','\n',1),(843,'Srae Samraong','4','1','7','4','6','\n','0000-00-00 00:00:00','0000-00-00 00:00:00','\n','\n',1),(844,'Trapeang Reang','4','1','7','4','7','\n','0000-00-00 00:00:00','0000-00-00 00:00:00','\n','\n',1),(845,'Damnak Sokram','4','1','7','5','1','\n','0000-00-00 00:00:00','0000-00-00 00:00:00','\n','\n',1),(846,'Dang Tong','4','1','7','5','2','\n','0000-00-00 00:00:00','0000-00-00 00:00:00','\n','\n',1),(847,'Khcheay Khang Cheung','4','1','7','5','3','\n','0000-00-00 00:00:00','0000-00-00 00:00:00','\n','\n',1),(848,'Khcheay Khang Tboung','4','1','7','5','4','\n','0000-00-00 00:00:00','0000-00-00 00:00:00','\n','\n',1),(849,'Mean Ritth','4','1','7','5','5','\n','0000-00-00 00:00:00','0000-00-00 00:00:00','\n','\n',1),(850,'Srae Chea Khang Cheung','4','1','7','5','6','\n','0000-00-00 00:00:00','0000-00-00 00:00:00','\n','\n',1),(851,'Srae Chea Khang Tboung','4','1','7','5','7','\n','0000-00-00 00:00:00','0000-00-00 00:00:00','\n','\n',1),(852,'Totung','4','1','7','5','8','\n','0000-00-00 00:00:00','0000-00-00 00:00:00','\n','\n',1),(853,'Angkor Meas','4','1','7','5','9','\n','0000-00-00 00:00:00','0000-00-00 00:00:00','\n','\n',1),(854,'Lang','4','1','7','5','10','\n','0000-00-00 00:00:00','0000-00-00 00:00:00','\n','\n',1),(855,'Boeng Sala Khang Cheung','4','1','7','6','1','\n','0000-00-00 00:00:00','0000-00-00 00:00:00','\n','\n',1),(856,'Boeng Sala Khang Tboung','4','1','7','6','2','\n','0000-00-00 00:00:00','0000-00-00 00:00:00','\n','\n',1),(857,'Damnak Kantuot Khang Cheung','4','1','7','6','3','\n','0000-00-00 00:00:00','0000-00-00 00:00:00','\n','\n',1),(858,'Damnak Kantuot Khang Tbuong','4','1','7','6','4','\n','0000-00-00 00:00:00','0000-00-00 00:00:00','\n','\n',1),(859,'Kampong Trach Khang Kaeut','4','1','7','6','5','\n','0000-00-00 00:00:00','0000-00-00 00:00:00','\n','\n',1),(860,'Kampong Trach Khang Lech','4','1','7','6','6','\n','0000-00-00 00:00:00','0000-00-00 00:00:00','\n','\n',1),(861,'Kanthaor Khang Cheung','4','1','7','6','7','\n','0000-00-00 00:00:00','0000-00-00 00:00:00','\n','\n',1),(862,'Kanthaor Khang Kaeut','4','1','7','6','8','\n','0000-00-00 00:00:00','0000-00-00 00:00:00','\n','\n',1),(863,'Kanthor Khang Lech','4','1','7','6','9','\n','0000-00-00 00:00:00','0000-00-00 00:00:00','\n','\n',1),(864,'Preaek Kroes','4','1','7','6','10','\n','0000-00-00 00:00:00','0000-00-00 00:00:00','\n','\n',1),(865,'Ruessei Srok Khang Kaeut','4','1','7','6','11','\n','0000-00-00 00:00:00','0000-00-00 00:00:00','\n','\n',1),(866,'Ruessei Srok Khang Lech','4','1','7','6','12','\n','0000-00-00 00:00:00','0000-00-00 00:00:00','\n','\n',1),(867,'Svay Tong Khang Cheung','4','1','7','6','13','\n','0000-00-00 00:00:00','0000-00-00 00:00:00','\n','\n',1),(868,'Tek Thla','4','1','12','8','18','\n','0000-00-00 00:00:00','0000-00-00 00:00:00','\n','\n',1),(869,'Boeng Tuk','4','1','7','7','1','\n','0000-00-00 00:00:00','0000-00-00 00:00:00','\n','\n',1),(870,'Chum Kriel','4','1','7','7','2','\n','0000-00-00 00:00:00','0000-00-00 00:00:00','\n','\n',1),(871,'Kampong Kraeng','4','1','7','7','3','\n','0000-00-00 00:00:00','0000-00-00 00:00:00','\n','\n',1),(872,'Kampong Samraong','4','1','7','7','4','\n','0000-00-00 00:00:00','0000-00-00 00:00:00','\n','\n',1),(873,'Kandal','4','1','7','7','5','\n','0000-00-00 00:00:00','0000-00-00 00:00:00','\n','\n',1),(874,'Kaoh Touch','4','1','7','7','6','\n','0000-00-00 00:00:00','0000-00-00 00:00:00','\n','\n',1),(875,'Koun Satv','4','1','7','7','7','\n','0000-00-00 00:00:00','0000-00-00 00:00:00','\n','\n',1),(876,'Meakprang','4','1','7','7','8','\n','0000-00-00 00:00:00','0000-00-00 00:00:00','\n','\n',1),(877,'Preaek Tnaot','4','1','7','7','9','\n','0000-00-00 00:00:00','0000-00-00 00:00:00','\n','\n',1),(878,'Prey Khmom','4','1','7','7','10','\n','0000-00-00 00:00:00','0000-00-00 00:00:00','\n','\n',1),(879,'Prey Thnang','4','1','7','7','11','\n','0000-00-00 00:00:00','0000-00-00 00:00:00','\n','\n',1),(880,'Stueng Kaev','4','1','7','7','12','\n','0000-00-00 00:00:00','0000-00-00 00:00:00','\n','\n',1),(881,'Thmei','4','1','7','7','13','\n','0000-00-00 00:00:00','0000-00-00 00:00:00','\n','\n',1),(882,'Trapeang Pring','4','1','7','7','14','\n','0000-00-00 00:00:00','0000-00-00 00:00:00','\n','\n',1),(883,'Trapeang Sangkae','4','1','7','7','15','\n','0000-00-00 00:00:00','0000-00-00 00:00:00','\n','\n',1),(884,'Trapeang Thum','4','1','7','7','16','\n','0000-00-00 00:00:00','0000-00-00 00:00:00','\n','\n',1),(885,'Kampong Kandal','4','1','7','8','1','\n','0000-00-00 00:00:00','0000-00-00 00:00:00','\n','\n',1),(886,'Krang Ampil','4','1','7','8','2','\n','0000-00-00 00:00:00','0000-00-00 00:00:00','\n','\n',1),(887,'Kampong Bay','4','1','7','8','3','\n','0000-00-00 00:00:00','0000-00-00 00:00:00','\n','\n',1),(888,'Andoung Khmaer','4','1','7','8','4','\n','0000-00-00 00:00:00','0000-00-00 00:00:00','\n','\n',1),(889,'Traeuy Kaoh','4','1','7','8','5','\n','0000-00-00 00:00:00','0000-00-00 00:00:00','\n','\n',1),(890,'Ampov Prey','4','1','8','1','1','\n','0000-00-00 00:00:00','0000-00-00 00:00:00','\n','\n',1),(891,'Anlong Romiet','4','1','8','1','2','\n','0000-00-00 00:00:00','0000-00-00 00:00:00','\n','\n',1),(892,'Barku','4','1','8','1','3','\n','0000-00-00 00:00:00','0000-00-00 00:00:00','\n','\n',1),(893,'Boeng Khyang','4','1','8','1','4','\n','0000-00-00 00:00:00','0000-00-00 00:00:00','\n','\n',1),(894,'Cheung Kaeub','4','1','8','1','5','\n','0000-00-00 00:00:00','0000-00-00 00:00:00','\n','\n',1),(895,'Daeum Rues','4','1','8','1','6','\n','0000-00-00 00:00:00','0000-00-00 00:00:00','\n','\n',1),(896,'Kandaok','4','1','8','1','7','\n','0000-00-00 00:00:00','0000-00-00 00:00:00','\n','\n',1),(897,'Thmei','4','1','8','1','8','\n','0000-00-00 00:00:00','0000-00-00 00:00:00','\n','\n',1),(898,'Kouk Trab','4','1','8','1','9','\n','0000-00-00 00:00:00','0000-00-00 00:00:00','\n','\n',1),(899,'Kong Noy','4','1','12','5','10','\n','0000-00-00 00:00:00','0000-00-00 00:00:00','\n','\n',1),(900,'Preah Putth','4','1','8','1','11','\n','0000-00-00 00:00:00','0000-00-00 00:00:00','\n','\n',1),(901,'Preaek Kampis','4','1','12','5','26','\n','0000-00-00 00:00:00','0000-00-00 00:00:00','\n','\n',1),(902,'Preaek Roka','4','1','8','1','13','\n','0000-00-00 00:00:00','0000-00-00 00:00:00','\n','\n',1),(903,'Preaek Slaeng','4','1','8','1','14','\n','0000-00-00 00:00:00','0000-00-00 00:00:00','\n','\n',1),(904,'Rokar','4','1','8','1','15','\n','0000-00-00 00:00:00','0000-00-00 00:00:00','\n','\n',1),(905,'Roleang Kaen','4','1','8','1','16','\n','0000-00-00 00:00:00','0000-00-00 00:00:00','\n','\n',1),(906,'Rolous','4','1','12','5','17','\n','0000-00-00 00:00:00','0000-00-00 00:00:00','\n','\n',1),(907,'Siem Reap','4','1','8','1','18','\n','0000-00-00 00:00:00','0000-00-00 00:00:00','\n','\n',1),(908,'Spean Thma','4','1','12','5','19','\n','0000-00-00 00:00:00','0000-00-00 00:00:00','\n','\n',1),(909,'Rbaeng','4','1','8','1','20','\n','0000-00-00 00:00:00','0000-00-00 00:00:00','\n','\n',1),(910,'Tien','4','1','12','5','21','\n','0000-00-00 00:00:00','0000-00-00 00:00:00','\n','\n',1),(911,'Trapeang Veaeng','4','1','8','1','22','\n','0000-00-00 00:00:00','0000-00-00 00:00:00','\n','\n',1),(912,'Trea','4','1','8','1','23','\n','0000-00-00 00:00:00','0000-00-00 00:00:00','\n','\n',1),(913,'Bateay Daek','4','1','8','2','1','\n','0000-00-00 00:00:00','0000-00-00 00:00:00','\n','\n',1),(914,'Chheu Teal','4','1','8','2','2','\n','0000-00-00 00:00:00','0000-00-00 00:00:00','\n','\n',1),(915,'Dei Edth','4','1','8','2','3','\n','0000-00-00 00:00:00','0000-00-00 00:00:00','\n','\n',1),(916,'Kampong Svay','4','1','8','2','4','\n','0000-00-00 00:00:00','0000-00-00 00:00:00','\n','\n',1),(917,'Kbal Kaoh','4','1','12','6','13','\n','0000-00-00 00:00:00','0000-00-00 00:00:00','\n','\n',1),(918,'Kokir','4','1','8','2','6','\n','0000-00-00 00:00:00','0000-00-00 00:00:00','\n','\n',1),(919,'Kokir Thum','4','1','8','2','7','\n','0000-00-00 00:00:00','0000-00-00 00:00:00','\n','\n',1),(920,'Phum Thum','4','1','8','2','8','\n','0000-00-00 00:00:00','0000-00-00 00:00:00','\n','\n',1),(921,'Preaek Aeng','4','1','12','6','9','\n','0000-00-00 00:00:00','0000-00-00 00:00:00','\n','\n',1),(922,'Preaek Thmei','4','1','12','6','10','\n','0000-00-00 00:00:00','0000-00-00 00:00:00','\n','\n',1),(923,'Samraong Thum','4','1','8','2','11','\n','0000-00-00 00:00:00','0000-00-00 00:00:00','\n','\n',1),(924,'Veal Sbov','4','1','12','6','12','\n','0000-00-00 00:00:00','0000-00-00 00:00:00','\n','\n',1),(925,'Bak Dav','4','1','8','3','1','\n','0000-00-00 00:00:00','0000-00-00 00:00:00','\n','\n',1),(926,'Chey Thum','4','1','8','3','2','\n','0000-00-00 00:00:00','0000-00-00 00:00:00','\n','\n',1),(927,'Kampong Chamlang','4','1','8','3','3','\n','0000-00-00 00:00:00','0000-00-00 00:00:00','\n','\n',1),(928,'Kaoh Chouram','4','1','8','3','4','\n','0000-00-00 00:00:00','0000-00-00 00:00:00','\n','\n',1),(929,'Kaoh Oknha Tei','4','1','8','3','5','\n','0000-00-00 00:00:00','0000-00-00 00:00:00','\n','\n',1),(930,'Preah Prasab','4','1','8','3','6','\n','0000-00-00 00:00:00','0000-00-00 00:00:00','\n','\n',1),(931,'Preah Ampil','4','1','8','3','7','\n','0000-00-00 00:00:00','0000-00-00 00:00:00','\n','\n',1),(932,'Preaek Loung','4','1','8','3','8','\n','0000-00-00 00:00:00','0000-00-00 00:00:00','\n','\n',1),(933,'Preaek Ta Kov','4','1','8','3','9','\n','0000-00-00 00:00:00','0000-00-00 00:00:00','\n','\n',1),(934,'Preaek Ta Meak','4','1','8','3','10','\n','0000-00-00 00:00:00','0000-00-00 00:00:00','\n','\n',1),(935,'Puk Ruessei','4','1','8','3','11','\n','0000-00-00 00:00:00','0000-00-00 00:00:00','\n','\n',1),(936,'Roka Chonlueng','4','1','8','3','12','\n','0000-00-00 00:00:00','0000-00-00 00:00:00','\n','\n',1),(937,'Sanlung','4','1','8','3','13','\n','0000-00-00 00:00:00','0000-00-00 00:00:00','\n','\n',1),(938,'Sithor','4','1','8','3','14','\n','0000-00-00 00:00:00','0000-00-00 00:00:00','\n','\n',1),(939,'Svay Chrum','4','1','8','3','15','\n','0000-00-00 00:00:00','0000-00-00 00:00:00','\n','\n',1),(940,'Svay Romiet','4','1','8','3','16','\n','0000-00-00 00:00:00','0000-00-00 00:00:00','\n','\n',1),(941,'Ta Aek','4','1','8','3','17','\n','0000-00-00 00:00:00','0000-00-00 00:00:00','\n','\n',1),(942,'Vihear Suork','4','1','8','3','18','\n','0000-00-00 00:00:00','0000-00-00 00:00:00','\n','\n',1),(943,'Chheu Khmau','4','1','8','4','1','\n','0000-00-00 00:00:00','0000-00-00 00:00:00','\n','\n',1),(944,'Chroy Ta Kaev','4','1','8','4','2','\n','0000-00-00 00:00:00','0000-00-00 00:00:00','\n','\n',1),(945,'Kampong Kong','4','1','8','4','3','\n','0000-00-00 00:00:00','0000-00-00 00:00:00','\n','\n',1),(946,'Kaoh Thom Ka','4','1','8','4','4','\n','0000-00-00 00:00:00','0000-00-00 00:00:00','\n','\n',1),(947,'Kaoh Thom Khar','4','1','8','4','5','\n','0000-00-00 00:00:00','0000-00-00 00:00:00','\n','\n',1),(948,'Leuk Dek','4','1','8','4','6','\n','0000-00-00 00:00:00','0000-00-00 00:00:00','\n','\n',1),(949,'Pouthi Ban','4','1','8','4','7','\n','0000-00-00 00:00:00','0000-00-00 00:00:00','\n','\n',1),(950,'Preaek Chrey','4','1','8','4','8','\n','0000-00-00 00:00:00','0000-00-00 00:00:00','\n','\n',1),(951,'Preaek Sdei','4','1','8','4','9','\n','0000-00-00 00:00:00','0000-00-00 00:00:00','\n','\n',1),(952,'Preaek Thmei','4','1','8','4','10','\n','0000-00-00 00:00:00','0000-00-00 00:00:00','\n','\n',1),(953,'Sampov Lun','4','1','8','4','11','\n','0000-00-00 00:00:00','0000-00-00 00:00:00','\n','\n',1),(954,'Kampong Phnum','4','1','8','5','1','\n','0000-00-00 00:00:00','0000-00-00 00:00:00','\n','\n',1),(955,'Kam Samnar','4','1','8','5','2','\n','0000-00-00 00:00:00','0000-00-00 00:00:00','\n','\n',1),(956,'Khpob Ateav','4','1','8','5','3','\n','0000-00-00 00:00:00','0000-00-00 00:00:00','\n','\n',1),(957,'Peam Reang','4','1','8','5','4','\n','0000-00-00 00:00:00','0000-00-00 00:00:00','\n','\n',1),(958,'Preaek Dach','4','1','8','5','5','\n','0000-00-00 00:00:00','0000-00-00 00:00:00','\n','\n',1),(959,'Preaek Tonloab','4','1','8','5','6','\n','0000-00-00 00:00:00','0000-00-00 00:00:00','\n','\n',1),(960,'Sandar','4','1','8','5','7','\n','0000-00-00 00:00:00','0000-00-00 00:00:00','\n','\n',1),(961,'Akreiy Ksatr','4','1','8','6','1','\n','0000-00-00 00:00:00','0000-00-00 00:00:00','\n','\n',1),(962,'Barong','4','1','8','6','2','\n','0000-00-00 00:00:00','0000-00-00 00:00:00','\n','\n',1),(963,'Boeng Krum','4','1','8','6','3','\n','0000-00-00 00:00:00','0000-00-00 00:00:00','\n','\n',1),(964,'Kaoh Kaev','4','1','8','6','4','\n','0000-00-00 00:00:00','0000-00-00 00:00:00','\n','\n',1),(965,'Kaoh Reah','4','1','8','6','5','\n','0000-00-00 00:00:00','0000-00-00 00:00:00','\n','\n',1),(966,'Lvea Sa','4','1','8','6','6','\n','0000-00-00 00:00:00','0000-00-00 00:00:00','\n','\n',1),(967,'Peam Oknha Ong','4','1','8','6','7','\n','0000-00-00 00:00:00','0000-00-00 00:00:00','\n','\n',1),(968,'Phum Thum','4','1','8','6','8','\n','0000-00-00 00:00:00','0000-00-00 00:00:00','\n','\n',1),(969,'Preaek Kmeng','4','1','8','6','9','\n','0000-00-00 00:00:00','0000-00-00 00:00:00','\n','\n',1),(970,'Preaek Rey','4','1','8','6','10','\n','0000-00-00 00:00:00','0000-00-00 00:00:00','\n','\n',1),(971,'Preaek Ruessei','4','1','8','6','11','\n','0000-00-00 00:00:00','0000-00-00 00:00:00','\n','\n',1),(972,'Sambuor','4','1','8','6','12','\n','0000-00-00 00:00:00','0000-00-00 00:00:00','\n','\n',1),(973,'Sarikakaev','4','1','8','6','13','\n','0000-00-00 00:00:00','0000-00-00 00:00:00','\n','\n',1),(974,'Thmar Kor','4','1','8','6','14','\n','0000-00-00 00:00:00','0000-00-00 00:00:00','\n','\n',1),(975,'Tuek Khleang','4','1','8','6','15','\n','0000-00-00 00:00:00','0000-00-00 00:00:00','\n','\n',1),(976,'Bak Khaeng','4','1','12','7','13','\n','0000-00-00 00:00:00','0000-00-00 00:00:00','\n','\n',1),(977,'Kaoh Dach','4','1','12','7','14','\n','0000-00-00 00:00:00','0000-00-00 00:00:00','\n','\n',1),(978,'Preaek Anhchanh','4','1','8','7','3','\n','0000-00-00 00:00:00','0000-00-00 00:00:00','\n','\n',1),(979,'Preaek Dambang','4','1','8','7','4','\n','0000-00-00 00:00:00','0000-00-00 00:00:00','\n','\n',1),(980,'Roka Kaong Muoy','4','1','8','7','5','\n','0000-00-00 00:00:00','0000-00-00 00:00:00','\n','\n',1),(981,'Roka Kaong Pir','4','1','8','7','6','\n','0000-00-00 00:00:00','0000-00-00 00:00:00','\n','\n',1),(982,'Ruessei Chrouy','4','1','8','7','7','\n','0000-00-00 00:00:00','0000-00-00 00:00:00','\n','\n',1),(983,'Sambour Meas','4','1','8','7','8','\n','0000-00-00 00:00:00','0000-00-00 00:00:00','\n','\n',1),(984,'Svay Ampear','4','1','8','7','9','\n','0000-00-00 00:00:00','0000-00-00 00:00:00','\n','\n',1),(985,'Baek Chan','4','1','8','8','1','\n','0000-00-00 00:00:00','0000-00-00 00:00:00','\n','\n',1),(986,'Beoung Thom','4','1','12','9','1','\n','0000-00-00 00:00:00','0000-00-00 00:00:00','\n','\n',1),(987,'Chhak Chheu Neang','4','1','8','8','3','\n','0000-00-00 00:00:00','0000-00-00 00:00:00','\n','\n',1),(988,'Damnak Ampil','4','1','8','8','4','\n','0000-00-00 00:00:00','0000-00-00 00:00:00','\n','\n',1),(989,'Kambol','4','1','12','9','4','\n','0000-00-00 00:00:00','0000-00-00 00:00:00','\n','\n',1),(990,'Kantaok','4','1','12','9','5','\n','0000-00-00 00:00:00','0000-00-00 00:00:00','\n','\n',1),(991,'Krang Mkak','4','1','8','8','7','\n','0000-00-00 00:00:00','0000-00-00 00:00:00','\n','\n',1),(992,'Lumhach','4','1','8','8','8','\n','0000-00-00 00:00:00','0000-00-00 00:00:00','\n','\n',1),(993,'Mkak','4','1','8','8','9','\n','0000-00-00 00:00:00','0000-00-00 00:00:00','\n','\n',1),(994,'Ovluk','4','1','12','9','8','\n','0000-00-00 00:00:00','0000-00-00 00:00:00','\n','\n',1),(995,'Peuk','4','1','8','8','11','\n','0000-00-00 00:00:00','0000-00-00 00:00:00','\n','\n',1),(996,'Ponszang','4','1','12','9','10','\n','0000-00-00 00:00:00','0000-00-00 00:00:00','\n','\n',1),(997,'Prey Puoch','4','1','8','8','13','\n','0000-00-00 00:00:00','0000-00-00 00:00:00','\n','\n',1),(998,'Samraong Leu','4','1','8','8','14','\n','0000-00-00 00:00:00','0000-00-00 00:00:00','\n','\n',1),(999,'Snao','4','1','12','9','12','\n','0000-00-00 00:00:00','0000-00-00 00:00:00','\n','\n',1),(1000,'tuol Prech','4','1','8','8','16','\n','0000-00-00 00:00:00','0000-00-00 00:00:00','\n','\n',1),(1001,'Chhveang','4','1','8','9','1','\n','0000-00-00 00:00:00','0000-00-00 00:00:00','\n','\n',1),(1002,'Chrey Laos','4','1','8','9','2','\n','0000-00-00 00:00:00','0000-00-00 00:00:00','\n','\n',1),(1003,'Kampong Luong','4','1','8','9','3','\n','0000-00-00 00:00:00','0000-00-00 00:00:00','\n','\n',1),(1004,'Kampong Os','4','1','8','9','4','\n','0000-00-00 00:00:00','0000-00-00 00:00:00','\n','\n',1),(1005,'Kaoh Chen','4','1','8','9','5','\n','0000-00-00 00:00:00','0000-00-00 00:00:00','\n','\n',1),(1006,'Phnum Bat','4','1','8','9','6','\n','0000-00-00 00:00:00','0000-00-00 00:00:00','\n','\n',1),(1007,'PorngearLeur','4','1','8','9','7','\n','0000-00-00 00:00:00','0000-00-00 00:00:00','\n','\n',1),(1008,'Porngear Pon','4','1','12','8','8','\n','0000-00-00 00:00:00','0000-00-00 00:00:00','\n','\n',1),(1009,'Preaek Phnov','4','1','12','8','9','\n','0000-00-00 00:00:00','0000-00-00 00:00:00','\n','\n',1),(1010,'Preaek Ta Teaen','4','1','8','9','10','\n','0000-00-00 00:00:00','0000-00-00 00:00:00','\n','\n',1),(1011,'Phsar Daek','4','1','8','9','11','\n','0000-00-00 00:00:00','0000-00-00 00:00:00','\n','\n',1),(1012,'Samraong','4','1','12','8','12','\n','0000-00-00 00:00:00','0000-00-00 00:00:00','\n','\n',1),(1013,'Tumnob Thum','4','1','8','9','13','\n','0000-00-00 00:00:00','0000-00-00 00:00:00','\n','\n',1),(1014,'Vihear Luong','4','1','8','9','14','\n','0000-00-00 00:00:00','0000-00-00 00:00:00','\n','\n',1),(1015,'Khpob','4','1','8','10','1','\n','0000-00-00 00:00:00','0000-00-00 00:00:00','\n','\n',1),(1016,'Kaoh Anlong Chen','4','1','8','10','2','\n','0000-00-00 00:00:00','0000-00-00 00:00:00','\n','\n',1),(1017,'Kaoh Khael','4','1','8','10','3','\n','0000-00-00 00:00:00','0000-00-00 00:00:00','\n','\n',1),(1018,'Kaoh Khsach Tonlea','4','1','8','10','4','\n','0000-00-00 00:00:00','0000-00-00 00:00:00','\n','\n',1),(1019,'Krang Yov','4','1','8','10','5','\n','0000-00-00 00:00:00','0000-00-00 00:00:00','\n','\n',1),(1020,'Prasat','4','1','8','10','6','\n','0000-00-00 00:00:00','0000-00-00 00:00:00','\n','\n',1),(1021,'Preaek Ambel','4','1','8','10','7','\n','0000-00-00 00:00:00','0000-00-00 00:00:00','\n','\n',1),(1022,'Preaek Koy','4','1','8','10','8','\n','0000-00-00 00:00:00','0000-00-00 00:00:00','\n','\n',1),(1023,'Roka Khpos','4','1','8','10','9','\n','0000-00-00 00:00:00','0000-00-00 00:00:00','\n','\n',1),(1024,'Sang Phnum','4','1','8','10','10','\n','0000-00-00 00:00:00','0000-00-00 00:00:00','\n','\n',1),(1025,'Setbou','4','1','8','10','11','\n','0000-00-00 00:00:00','0000-00-00 00:00:00','\n','\n',1),(1026,'Svay Prateal','4','1','8','10','12','\n','0000-00-00 00:00:00','0000-00-00 00:00:00','\n','\n',1),(1027,'Svay Rolum','4','1','8','10','13','\n','0000-00-00 00:00:00','0000-00-00 00:00:00','\n','\n',1),(1028,'Ta Lon','4','1','8','10','14','\n','0000-00-00 00:00:00','0000-00-00 00:00:00','\n','\n',1),(1029,'Traeuy Sla','4','1','8','10','15','\n','0000-00-00 00:00:00','0000-00-00 00:00:00','\n','\n',1),(1030,'Tuek Vil','4','1','8','10','16','\n','0000-00-00 00:00:00','0000-00-00 00:00:00','\n','\n',1),(1031,'Ta Kdol','4','1','8','11','1','\n','0000-00-00 00:00:00','0000-00-00 00:00:00','\n','\n',1),(1032,'Prek Reussey','4','1','8','11','2','\n','0000-00-00 00:00:00','0000-00-00 00:00:00','\n','\n',1),(1033,'Deum Mien','4','1','8','11','3','\n','0000-00-00 00:00:00','0000-00-00 00:00:00','\n','\n',1),(1034,'Takhmao','4','1','8','11','4','\n','0000-00-00 00:00:00','0000-00-00 00:00:00','\n','\n',1),(1035,'Prek Ho','4','1','8','11','5','\n','0000-00-00 00:00:00','0000-00-00 00:00:00','\n','\n',1),(1036,'Kampong Samnanh','4','1','8','11','6','\n','0000-00-00 00:00:00','0000-00-00 00:00:00','\n','\n',1),(1037,'Andoung Tuek','4','1','9','1','1','\n','0000-00-00 00:00:00','0000-00-00 00:00:00','\n','\n',1),(1038,'Kandaol','4','1','9','1','2','\n','0000-00-00 00:00:00','0000-00-00 00:00:00','\n','\n',1),(1039,'Ta Nun','4','1','9','1','3','\n','0000-00-00 00:00:00','0000-00-00 00:00:00','\n','\n',1),(1040,'Thma Sa','4','1','9','1','4','\n','0000-00-00 00:00:00','0000-00-00 00:00:00','\n','\n',1),(1041,'Kaoh Sdach','4','1','9','2','1','\n','0000-00-00 00:00:00','0000-00-00 00:00:00','\n','\n',1),(1042,'Phnhi Meas','4','1','9','2','2','\n','0000-00-00 00:00:00','0000-00-00 00:00:00','\n','\n',1),(1043,'Preaek Khsach','4','1','9','2','3','\n','0000-00-00 00:00:00','0000-00-00 00:00:00','\n','\n',1),(1044,'Chrouy Pras','4','1','9','3','1','\n','0000-00-00 00:00:00','0000-00-00 00:00:00','\n','\n',1),(1045,'Kaoh Kapi','4','1','9','3','2','\n','0000-00-00 00:00:00','0000-00-00 00:00:00','\n','\n',1),(1046,'Ta Tai Kraom','4','1','9','3','3','\n','0000-00-00 00:00:00','0000-00-00 00:00:00','\n','\n',1),(1047,'Trapeang Rung','4','1','9','3','4','\n','0000-00-00 00:00:00','0000-00-00 00:00:00','\n','\n',1),(1048,'Smach Mean Chey','4','1','9','4','1','\n','0000-00-00 00:00:00','0000-00-00 00:00:00','\n','\n',1),(1049,'Dang Tong','4','1','9','4','2','\n','0000-00-00 00:00:00','0000-00-00 00:00:00','\n','\n',1),(1050,'Stueng Veaeng','4','1','9','4','3','\n','0000-00-00 00:00:00','0000-00-00 00:00:00','\n','\n',1),(1051,'Bak Khlang','4','1','9','5','1','\n','0000-00-00 00:00:00','0000-00-00 00:00:00','\n','\n',1),(1052,'Peam Krasaob','4','1','9','5','2','\n','0000-00-00 00:00:00','0000-00-00 00:00:00','\n','\n',1),(1053,'Tuol Kokir','4','1','9','5','3','\n','0000-00-00 00:00:00','0000-00-00 00:00:00','\n','\n',1),(1054,'Boeng Preav','4','1','9','6','1','\n','0000-00-00 00:00:00','0000-00-00 00:00:00','\n','\n',1),(1055,'Chi Kha Kraom','4','1','9','6','2','\n','0000-00-00 00:00:00','0000-00-00 00:00:00','\n','\n',1),(1056,'Chi Kha Leu','4','1','9','6','3','\n','0000-00-00 00:00:00','0000-00-00 00:00:00','\n','\n',1),(1057,'Chrouy Svay','4','1','9','6','4','\n','0000-00-00 00:00:00','0000-00-00 00:00:00','\n','\n',1),(1058,'Dang Peaeng','4','1','9','6','5','\n','0000-00-00 00:00:00','0000-00-00 00:00:00','\n','\n',1),(1059,'Srae Ambel','4','1','9','6','6','\n','0000-00-00 00:00:00','0000-00-00 00:00:00','\n','\n',1),(1060,'Pralay','4','1','9','7','1','\n','0000-00-00 00:00:00','0000-00-00 00:00:00','\n','\n',1),(1061,'Chumnoab','4','1','9','7','2','\n','0000-00-00 00:00:00','0000-00-00 00:00:00','\n','\n',1),(1062,'Ruessei Chrum','4','1','9','7','3','\n','0000-00-00 00:00:00','0000-00-00 00:00:00','\n','\n',1),(1063,'Ta Tey Leu','4','1','9','7','4','\n','0000-00-00 00:00:00','0000-00-00 00:00:00','\n','\n',1),(1064,'Chi Phat','4','1','9','7','5','\n','0000-00-00 00:00:00','0000-00-00 00:00:00','\n','\n',1),(1065,'Thma Doun Pau','4','1','9','7','6','\n','0000-00-00 00:00:00','0000-00-00 00:00:00','\n','\n',1),(1066,'Chamkar Luong','4','1','9','8','1','\n','0000-00-00 00:00:00','0000-00-00 00:00:00','\n','\n',1),(1067,'Kampong Seila','4','1','9','8','2','\n','0000-00-00 00:00:00','0000-00-00 00:00:00','\n','\n',1),(1068,'Ou Bak Roteh','4','1','9','8','3','\n','0000-00-00 00:00:00','0000-00-00 00:00:00','\n','\n',1),(1069,'Stueng Chhay','4','1','9','8','4','\n','0000-00-00 00:00:00','0000-00-00 00:00:00','\n','\n',1),(1070,'Chhloung','4','1','10','1','1','\n','0000-00-00 00:00:00','0000-00-00 00:00:00','\n','\n',1),(1071,'Domrei Phong','4','1','10','1','2','\n','0000-00-00 00:00:00','0000-00-00 00:00:00','\n','\n',1),(1072,'Han Chey','4','1','10','1','3','\n','0000-00-00 00:00:00','0000-00-00 00:00:00','\n','\n',1),(1073,'Kampong Domrei','4','1','10','1','4','\n','0000-00-00 00:00:00','0000-00-00 00:00:00','\n','\n',1),(1074,'Kanhchor','4','1','10','1','5','\n','0000-00-00 00:00:00','0000-00-00 00:00:00','\n','\n',1),(1075,'Khsach Andaet','4','1','10','1','6','\n','0000-00-00 00:00:00','0000-00-00 00:00:00','\n','\n',1),(1076,'Pongro','4','1','10','1','7','\n','0000-00-00 00:00:00','0000-00-00 00:00:00','\n','\n',1),(1077,'Preaek Saman','4','1','10','1','8','\n','0000-00-00 00:00:00','0000-00-00 00:00:00','\n','\n',1),(1078,'Bos Leav','4','1','10','2','1','\n','0000-00-00 00:00:00','0000-00-00 00:00:00','\n','\n',1),(1079,'ChangKrang','4','1','10','2','2','\n','0000-00-00 00:00:00','0000-00-00 00:00:00','\n','\n',1),(1080,'Dar','4','1','10','2','3','\n','0000-00-00 00:00:00','0000-00-00 00:00:00','\n','\n',1),(1081,'Kantuot','4','1','10','2','4','\n','0000-00-00 00:00:00','0000-00-00 00:00:00','\n','\n',1),(1082,'Kou Loab','4','1','10','2','5','\n','0000-00-00 00:00:00','0000-00-00 00:00:00','\n','\n',1),(1083,'Kaoh Chreang','4','1','10','2','6','\n','0000-00-00 00:00:00','0000-00-00 00:00:00','\n','\n',1),(1084,'Koah Trong','4','1','10','2','7','\n','0000-00-00 00:00:00','0000-00-00 00:00:00','\n','\n',1),(1085,'Krakor','4','1','10','2','8','\n','0000-00-00 00:00:00','0000-00-00 00:00:00','\n','\n',1),(1086,'Kracheh','4','1','10','2','9','\n','0000-00-00 00:00:00','0000-00-00 00:00:00','\n','\n',1),(1087,'Ou Ruessei','4','1','10','2','10','\n','0000-00-00 00:00:00','0000-00-00 00:00:00','\n','\n',1),(1088,'Roka Kandal','4','1','10','2','11','\n','0000-00-00 00:00:00','0000-00-00 00:00:00','\n','\n',1),(1089,'Sambok','4','1','10','2','12','\n','0000-00-00 00:00:00','0000-00-00 00:00:00','\n','\n',1),(1090,'Thma Andeauk','4','1','10','2','13','\n','0000-00-00 00:00:00','0000-00-00 00:00:00','\n','\n',1),(1091,'Thma Kreae','4','1','10','2','14','\n','0000-00-00 00:00:00','0000-00-00 00:00:00','\n','\n',1),(1092,'Thmei','4','1','10','2','15','\n','0000-00-00 00:00:00','0000-00-00 00:00:00','\n','\n',1),(1093,'Chambak','4','1','10','3','1','\n','0000-00-00 00:00:00','0000-00-00 00:00:00','\n','\n',1),(1094,'Chrouy Banteay','4','1','10','3','2','\n','0000-00-00 00:00:00','0000-00-00 00:00:00','\n','\n',1),(1095,'Kampong Kor','4','1','10','3','3','\n','0000-00-00 00:00:00','0000-00-00 00:00:00','\n','\n',1),(1096,'Kaoh Ta Suy','4','1','10','3','4','\n','0000-00-00 00:00:00','0000-00-00 00:00:00','\n','\n',1),(1097,'Preaek Prasab','4','1','10','3','5','\n','0000-00-00 00:00:00','0000-00-00 00:00:00','\n','\n',1),(1098,'Ruessei Kaev','4','1','10','3','6','\n','0000-00-00 00:00:00','0000-00-00 00:00:00','\n','\n',1),(1099,'Saob','4','1','10','3','7','\n','0000-00-00 00:00:00','0000-00-00 00:00:00','\n','\n',1),(1100,'Ta Mau','4','1','10','3','8','\n','0000-00-00 00:00:00','0000-00-00 00:00:00','\n','\n',1),(1101,'Boeng Char','4','1','10','4','1','\n','0000-00-00 00:00:00','0000-00-00 00:00:00','\n','\n',1),(1102,'Kampong Cham','4','1','10','4','2','\n','0000-00-00 00:00:00','0000-00-00 00:00:00','\n','\n',1),(1103,'Kbal Damrei','4','1','10','4','3','\n','0000-00-00 00:00:00','0000-00-00 00:00:00','\n','\n',1),(1104,'Kaoh Khnhaer','4','1','10','4','4','\n','0000-00-00 00:00:00','0000-00-00 00:00:00','\n','\n',1),(1105,'Ou Krieng','4','1','10','4','5','\n','0000-00-00 00:00:00','0000-00-00 00:00:00','\n','\n',1),(1106,'Roluos Mean Chey','4','1','10','4','6','\n','0000-00-00 00:00:00','0000-00-00 00:00:00','\n','\n',1),(1107,'Sambuor','4','1','10','4','7','\n','0000-00-00 00:00:00','0000-00-00 00:00:00','\n','\n',1),(1108,'Sandan','4','1','10','4','8','\n','0000-00-00 00:00:00','0000-00-00 00:00:00','\n','\n',1),(1109,'Srae Chis','4','1','10','4','9','\n','0000-00-00 00:00:00','0000-00-00 00:00:00','\n','\n',1),(1110,'Voadthonak','4','1','10','4','10','\n','0000-00-00 00:00:00','0000-00-00 00:00:00','\n','\n',1),(1111,'Khsuem','4','1','10','5','1','\n','0000-00-00 00:00:00','0000-00-00 00:00:00','\n','\n',1),(1112,'Pir Thnu','4','1','10','5','2','\n','0000-00-00 00:00:00','0000-00-00 00:00:00','\n','\n',1),(1113,'Snuol','4','1','10','5','3','\n','0000-00-00 00:00:00','0000-00-00 00:00:00','\n','\n',1),(1114,'Srae Char','4','1','10','5','4','\n','0000-00-00 00:00:00','0000-00-00 00:00:00','\n','\n',1),(1115,'Svay Chreah','4','1','10','5','5','\n','0000-00-00 00:00:00','0000-00-00 00:00:00','\n','\n',1),(1116,'Chong Phlah','4','1','11','1','1','\n','0000-00-00 00:00:00','0000-00-00 00:00:00','\n','\n',1),(1117,'Me Mang','4','1','11','1','2','\n','0000-00-00 00:00:00','0000-00-00 00:00:00','\n','\n',1),(1118,'Srae Khtuk','4','1','11','1','3','\n','0000-00-00 00:00:00','0000-00-00 00:00:00','\n','\n',1),(1119,'Srae Khtum','4','1','11','1','4','\n','0000-00-00 00:00:00','0000-00-00 00:00:00','\n','\n',1),(1120,'Srae Preah','4','1','11','1','5','\n','0000-00-00 00:00:00','0000-00-00 00:00:00','\n','\n',1),(1121,'Nang Khi Loek','4','1','11','2','1','\n','0000-00-00 00:00:00','0000-00-00 00:00:00','\n','\n',1),(1122,'Ou Buon Leu','4','1','11','2','2','\n','0000-00-00 00:00:00','0000-00-00 00:00:00','\n','\n',1),(1123,'Roya','4','1','11','2','3','\n','0000-00-00 00:00:00','0000-00-00 00:00:00','\n','\n',1),(1124,'Sokh Sant','4','1','11','2','4','\n','0000-00-00 00:00:00','0000-00-00 00:00:00','\n','\n',1),(1125,'Srae Huy','4','1','11','2','5','\n','0000-00-00 00:00:00','0000-00-00 00:00:00','\n','\n',1),(1126,'Srae Sangkom','4','1','11','2','6','\n','0000-00-00 00:00:00','0000-00-00 00:00:00','\n','\n',1),(1127,'Dak Dam','4','1','11','3','1','\n','0000-00-00 00:00:00','0000-00-00 00:00:00','\n','\n',1),(1128,'Saen Monourom','4','1','11','3','2','\n','0000-00-00 00:00:00','0000-00-00 00:00:00','\n','\n',1),(1129,'Krang Teh','4','1','11','4','1','\n','0000-00-00 00:00:00','0000-00-00 00:00:00','\n','\n',1),(1130,'Pou Chrei','4','1','11','4','2','\n','0000-00-00 00:00:00','0000-00-00 00:00:00','\n','\n',1),(1131,'Srae Ampum','4','1','11','4','3','\n','0000-00-00 00:00:00','0000-00-00 00:00:00','\n','\n',1),(1132,'Bu Sra','4','1','11','4','4','\n','0000-00-00 00:00:00','0000-00-00 00:00:00','\n','\n',1),(1133,'Monourom','4','1','11','5','1','\n','0000-00-00 00:00:00','0000-00-00 00:00:00','\n','\n',1),(1134,'Sokh Dom','4','1','11','5','2','\n','0000-00-00 00:00:00','0000-00-00 00:00:00','\n','\n',1),(1135,'Spean Men Chey','4','1','11','5','3','\n','0000-00-00 00:00:00','0000-00-00 00:00:00','\n','\n',1),(1136,'Romonea','4','1','11','5','4','\n','0000-00-00 00:00:00','0000-00-00 00:00:00','\n','\n',1),(1137,'Tunle Bassac','4','1','12','1','1','\n','0000-00-00 00:00:00','0000-00-00 00:00:00','\n','\n',1),(1138,'Beung Keng Kang I','4','1','12','1','2','\n','0000-00-00 00:00:00','0000-00-00 00:00:00','\n','\n',1),(1139,'Beung Keng Kang II','4','1','12','1','3','\n','0000-00-00 00:00:00','0000-00-00 00:00:00','\n','\n',1),(1140,'Beung Keng Kang III','4','1','12','1','4','\n','0000-00-00 00:00:00','0000-00-00 00:00:00','\n','\n',1),(1141,'Olympic','4','1','12','1','5','\n','0000-00-00 00:00:00','0000-00-00 00:00:00','\n','\n',1),(1142,'Tuol Svay Prey I','4','1','12','1','6','\n','0000-00-00 00:00:00','0000-00-00 00:00:00','\n','\n',1),(1143,'Tuol Svay Prey II','4','1','12','1','7','\n','0000-00-00 00:00:00','0000-00-00 00:00:00','\n','\n',1),(1144,'Tumnup Tek','4','1','12','1','8','\n','0000-00-00 00:00:00','0000-00-00 00:00:00','\n','\n',1),(1145,'Tuol Tumpung II','4','1','12','1','9','\n','0000-00-00 00:00:00','0000-00-00 00:00:00','\n','\n',1),(1146,'Tuol Tumpung I','4','1','12','1','10','\n','0000-00-00 00:00:00','0000-00-00 00:00:00','\n','\n',1),(1147,'Beung Trabek','4','1','12','1','11','\n','0000-00-00 00:00:00','0000-00-00 00:00:00','\n','\n',1),(1148,'Phsar Derm Thkov','4','1','12','1','12','\n','0000-00-00 00:00:00','0000-00-00 00:00:00','\n','\n',1),(1149,'Phsar Thmei I','4','1','12','2','1','\n','0000-00-00 00:00:00','0000-00-00 00:00:00','\n','\n',1),(1150,'Phsar Thmei II','4','1','12','2','2','\n','0000-00-00 00:00:00','0000-00-00 00:00:00','\n','\n',1),(1151,'Phsar Thmei III','4','1','12','2','3','\n','0000-00-00 00:00:00','0000-00-00 00:00:00','\n','\n',1),(1152,'Beung Raing','4','1','12','2','4','\n','0000-00-00 00:00:00','0000-00-00 00:00:00','\n','\n',1),(1153,'Phsar Kandal I','4','1','12','2','5','\n','0000-00-00 00:00:00','0000-00-00 00:00:00','\n','\n',1),(1154,'Phsar Kandal II','4','1','12','2','6','\n','0000-00-00 00:00:00','0000-00-00 00:00:00','\n','\n',1),(1155,'Chaktomuk','4','1','12','2','7','\n','0000-00-00 00:00:00','0000-00-00 00:00:00','\n','\n',1),(1156,'Chey Chumneah','4','1','12','2','8','\n','0000-00-00 00:00:00','0000-00-00 00:00:00','\n','\n',1),(1157,'Phsar Chas','4','1','12','2','9','\n','0000-00-00 00:00:00','0000-00-00 00:00:00','\n','\n',1),(1158,'Srah Chak','4','1','12','2','10','\n','0000-00-00 00:00:00','0000-00-00 00:00:00','\n','\n',1),(1159,'Wat Phnom','4','1','12','2','11','\n','0000-00-00 00:00:00','0000-00-00 00:00:00','\n','\n',1),(1160,'Khmuonh','4','1','12','8','19','\n','0000-00-00 00:00:00','0000-00-00 00:00:00','\n','\n',1),(1161,'O Reussey I','4','1','12','3','1','\n','0000-00-00 00:00:00','0000-00-00 00:00:00','\n','\n',1),(1162,'O Reussey II','4','1','12','3','2','\n','0000-00-00 00:00:00','0000-00-00 00:00:00','\n','\n',1),(1163,'O Reussey III','4','1','12','3','3','\n','0000-00-00 00:00:00','0000-00-00 00:00:00','\n','\n',1),(1164,'O Reussey IV','4','1','12','3','4','\n','0000-00-00 00:00:00','0000-00-00 00:00:00','\n','\n',1),(1165,'Monorom','4','1','12','3','5','\n','0000-00-00 00:00:00','0000-00-00 00:00:00','\n','\n',1),(1166,'Mittapheap','4','1','12','3','6','\n','0000-00-00 00:00:00','0000-00-00 00:00:00','\n','\n',1),(1167,'Veal Vong','4','1','12','3','7','\n','0000-00-00 00:00:00','0000-00-00 00:00:00','\n','\n',1),(1168,'Beung Pralit','4','1','12','3','8','\n','0000-00-00 00:00:00','0000-00-00 00:00:00','\n','\n',1),(1169,'Phsar Depo I','4','1','12','4','1','\n','0000-00-00 00:00:00','0000-00-00 00:00:00','\n','\n',1),(1170,'Phsar Depo II','4','1','12','4','2','\n','0000-00-00 00:00:00','0000-00-00 00:00:00','\n','\n',1),(1171,'Phsar Depo III','4','1','12','4','3','\n','0000-00-00 00:00:00','0000-00-00 00:00:00','\n','\n',1),(1172,'Tek Laak I','4','1','12','4','4','\n','0000-00-00 00:00:00','0000-00-00 00:00:00','\n','\n',1),(1173,'Tek Laak II','4','1','12','4','5','\n','0000-00-00 00:00:00','0000-00-00 00:00:00','\n','\n',1),(1174,'Tek Laak III','4','1','12','4','6','\n','0000-00-00 00:00:00','0000-00-00 00:00:00','\n','\n',1),(1175,'Beung Kak I','4','1','12','4','7','\n','0000-00-00 00:00:00','0000-00-00 00:00:00','\n','\n',1),(1176,'Beung Kak II','4','1','12','4','8','\n','0000-00-00 00:00:00','0000-00-00 00:00:00','\n','\n',1),(1177,'Phsar Deum Kor','4','1','12','4','9','\n','0000-00-00 00:00:00','0000-00-00 00:00:00','\n','\n',1),(1178,'Beung Salang','4','1','12','4','10','\n','0000-00-00 00:00:00','0000-00-00 00:00:00','\n','\n',1),(1179,'Dangkor','4','1','12','5','1','\n','0000-00-00 00:00:00','0000-00-00 00:00:00','\n','\n',1),(1180,'Trapeang Krasaing','4','1','12','9','13','\n','0000-00-00 00:00:00','0000-00-00 00:00:00','\n','\n',1),(1181,'Kok Roka','4','1','12','9','6','\n','0000-00-00 00:00:00','0000-00-00 00:00:00','\n','\n',1),(1182,'Phleung Chhesrotes','4','1','12','9','9','\n','0000-00-00 00:00:00','0000-00-00 00:00:00','\n','\n',1),(1183,'Chom Chao','4','1','12','9','2','\n','0000-00-00 00:00:00','0000-00-00 00:00:00','\n','\n',1),(1184,'Kakap','4','1','12','9','3','\n','0000-00-00 00:00:00','0000-00-00 00:00:00','\n','\n',1),(1185,'Porng Tek','4','1','12','5','7','\n','0000-00-00 00:00:00','0000-00-00 00:00:00','\n','\n',1),(1186,'Prey Veng','4','1','12','5','8','\n','0000-00-00 00:00:00','0000-00-00 00:00:00','\n','\n',1),(1187,'Samrong','4','1','12','9','11','\n','0000-00-00 00:00:00','0000-00-00 00:00:00','\n','\n',1),(1188,'Prey Sar','4','1','12','5','24','\n','0000-00-00 00:00:00','0000-00-00 00:00:00','\n','\n',1),(1189,'Kraing Thnoung','4','1','12','9','7','\n','0000-00-00 00:00:00','0000-00-00 00:00:00','\n','\n',1),(1190,'Kraing Pongro','4','1','12','5','27','\n','0000-00-00 00:00:00','0000-00-00 00:00:00','\n','\n',1),(1191,'Pratas Lang','4','1','12','5','13','\n','0000-00-00 00:00:00','0000-00-00 00:00:00','\n','\n',1),(1192,'Sak Sampov','4','1','12','5','14','\n','0000-00-00 00:00:00','0000-00-00 00:00:00','\n','\n',1),(1193,'Cheung Ek','4','1','12','5','15','\n','0000-00-00 00:00:00','0000-00-00 00:00:00','\n','\n',1),(1194,'Steung Mean Chey','4','1','12','6','1','\n','0000-00-00 00:00:00','0000-00-00 00:00:00','\n','\n',1),(1195,'Beung Tumpun','4','1','12','6','2','\n','0000-00-00 00:00:00','0000-00-00 00:00:00','\n','\n',1),(1196,'Prek Pra','4','1','12','6','3','\n','0000-00-00 00:00:00','0000-00-00 00:00:00','\n','\n',1),(1197,'Chbar Ampov I','4','1','12','6','4','\n','0000-00-00 00:00:00','0000-00-00 00:00:00','\n','\n',1),(1198,'Chbar Ampov II','4','1','12','6','5','\n','0000-00-00 00:00:00','0000-00-00 00:00:00','\n','\n',1),(1199,'Chak Angre Leu','4','1','12','6','6','\n','0000-00-00 00:00:00','0000-00-00 00:00:00','\n','\n',1),(1200,'Chak Angre Krom','4','1','12','6','7','\n','0000-00-00 00:00:00','0000-00-00 00:00:00','\n','\n',1),(1201,'Niroth','4','1','12','6','8','\n','0000-00-00 00:00:00','0000-00-00 00:00:00','\n','\n',1),(1202,'Khmuonh','4','1','12','7','1','\n','0000-00-00 00:00:00','0000-00-00 00:00:00','\n','\n',1),(1203,'Tuol Sangker','4','1','12','7','2','\n','0000-00-00 00:00:00','0000-00-00 00:00:00','\n','\n',1),(1204,'Svay Pak','4','1','12','7','3','\n','0000-00-00 00:00:00','0000-00-00 00:00:00','\n','\n',1),(1205,'Kilometer no. 6','4','1','12','7','4','\n','0000-00-00 00:00:00','0000-00-00 00:00:00','\n','\n',1),(1206,'Phnom Penh Thmey','4','1','12','7','5','\n','0000-00-00 00:00:00','0000-00-00 00:00:00','\n','\n',1),(1207,'Reussey Keo','4','1','12','7','6','\n','0000-00-00 00:00:00','0000-00-00 00:00:00','\n','\n',1),(1208,'Tek Thla','4','1','12','7','7','\n','0000-00-00 00:00:00','0000-00-00 00:00:00','\n','\n',1),(1209,'Prek Leap','4','1','12','7','8','\n','0000-00-00 00:00:00','0000-00-00 00:00:00','\n','\n',1),(1210,'Prek Ta Sek','4','1','12','7','9','\n','0000-00-00 00:00:00','0000-00-00 00:00:00','\n','\n',1),(1211,'Chroy Changva','4','1','12','7','10','\n','0000-00-00 00:00:00','0000-00-00 00:00:00','\n','\n',1),(1214,'Sang','4','1','13','1','1','\n','0000-00-00 00:00:00','0000-00-00 00:00:00','\n','\n',1),(1215,'Tasu','4','1','13','1','2','\n','0000-00-00 00:00:00','0000-00-00 00:00:00','\n','\n',1),(1216,'Khyang','4','1','13','1','3','\n','0000-00-00 00:00:00','0000-00-00 00:00:00','\n','\n',1),(1217,'Chrach','4','1','13','1','4','\n','0000-00-00 00:00:00','0000-00-00 00:00:00','\n','\n',1),(1218,'Thmea','4','1','13','1','5','\n','0000-00-00 00:00:00','0000-00-00 00:00:00','\n','\n',1),(1219,'Putrea','4','1','13','1','6','\n','0000-00-00 00:00:00','0000-00-00 00:00:00','\n','\n',1),(1220,'Chhaeb Muoy','4','1','13','2','1','\n','0000-00-00 00:00:00','0000-00-00 00:00:00','\n','\n',1),(1221,'Chhaeb Pir','4','1','13','2','2','\n','0000-00-00 00:00:00','0000-00-00 00:00:00','\n','\n',1),(1222,'Sangkae Muoy','4','1','13','2','3','\n','0000-00-00 00:00:00','0000-00-00 00:00:00','\n','\n',1),(1223,'Sangkae Pir','4','1','13','2','4','\n','0000-00-00 00:00:00','0000-00-00 00:00:00','\n','\n',1),(1224,'Mlu Prey Muoy','4','1','13','2','5','\n','0000-00-00 00:00:00','0000-00-00 00:00:00','\n','\n',1),(1225,'Mlu Prey Pir','4','1','13','2','6','\n','0000-00-00 00:00:00','0000-00-00 00:00:00','\n','\n',1),(1226,'Kampong Sralau Muoy','4','1','13','2','7','\n','0000-00-00 00:00:00','0000-00-00 00:00:00','\n','\n',1),(1227,'Kampong Sralau Pir','4','1','13','2','8','\n','0000-00-00 00:00:00','0000-00-00 00:00:00','\n','\n',1),(1228,'Choam Ksant','4','1','13','3','1','\n','0000-00-00 00:00:00','0000-00-00 00:00:00','\n','\n',1),(1229,'Tuek Kraham','4','1','13','3','2','\n','0000-00-00 00:00:00','0000-00-00 00:00:00','\n','\n',1),(1230,'Pring Thum','4','1','13','3','3','\n','0000-00-00 00:00:00','0000-00-00 00:00:00','\n','\n',1),(1231,'Rumdaoh Srae','4','1','13','3','4','\n','0000-00-00 00:00:00','0000-00-00 00:00:00','\n','\n',1),(1232,'Yeang','4','1','13','3','5','\n','0000-00-00 00:00:00','0000-00-00 00:00:00','\n','\n',1),(1233,'Kantuot','4','1','13','3','6','\n','0000-00-00 00:00:00','0000-00-00 00:00:00','\n','\n',1),(1234,'Kuleaen Tboung','4','1','13','4','1','\n','0000-00-00 00:00:00','0000-00-00 00:00:00','\n','\n',1),(1235,'Kuleaen Cheung','4','1','13','4','2','\n','0000-00-00 00:00:00','0000-00-00 00:00:00','\n','\n',1),(1236,'Thmei','4','1','13','4','3','\n','0000-00-00 00:00:00','0000-00-00 00:00:00','\n','\n',1),(1237,'Phnum Penh','4','1','13','4','4','\n','0000-00-00 00:00:00','0000-00-00 00:00:00','\n','\n',1),(1238,'Phnum Tbaeng Pir','4','1','13','4','5','\n','0000-00-00 00:00:00','0000-00-00 00:00:00','\n','\n',1),(1239,'Srayang','4','1','13','4','6','\n','0000-00-00 00:00:00','0000-00-00 00:00:00','\n','\n',1),(1240,'Robieb','4','1','13','5','1','\n','0000-00-00 00:00:00','0000-00-00 00:00:00','\n','\n',1),(1241,'Reaksmei','4','1','13','5','2','\n','0000-00-00 00:00:00','0000-00-00 00:00:00','\n','\n',1),(1242,'Rohas','4','1','13','5','3','\n','0000-00-00 00:00:00','0000-00-00 00:00:00','\n','\n',1),(1243,'Rung Roeang','4','1','13','5','4','\n','0000-00-00 00:00:00','0000-00-00 00:00:00','\n','\n',1),(1244,'Rik Reay','4','1','13','5','5','\n','0000-00-00 00:00:00','0000-00-00 00:00:00','\n','\n',1),(1245,'Ruos Roan','4','1','13','5','6','\n','0000-00-00 00:00:00','0000-00-00 00:00:00','\n','\n',1),(1246,'Rotanak','4','1','13','5','7','\n','0000-00-00 00:00:00','0000-00-00 00:00:00','\n','\n',1),(1247,'Rieb Roy','4','1','13','5','8','\n','0000-00-00 00:00:00','0000-00-00 00:00:00','\n','\n',1),(1248,'Reaksa','4','1','13','5','9','\n','0000-00-00 00:00:00','0000-00-00 00:00:00','\n','\n',1),(1249,'Rumdaoh','4','1','13','5','10','\n','0000-00-00 00:00:00','0000-00-00 00:00:00','\n','\n',1),(1250,'Romtom','4','1','13','5','11','\n','0000-00-00 00:00:00','0000-00-00 00:00:00','\n','\n',1),(1251,'Romoniy','4','1','13','5','12','\n','0000-00-00 00:00:00','0000-00-00 00:00:00','\n','\n',1),(1252,'Chamraeun','4','1','13','6','1','\n','0000-00-00 00:00:00','0000-00-00 00:00:00','\n','\n',1),(1253,'Roang','4','1','13','6','2','\n','0000-00-00 00:00:00','0000-00-00 00:00:00','\n','\n',1),(1254,'Phnum Tbaeng Muoy','4','1','13','6','3','\n','0000-00-00 00:00:00','0000-00-00 00:00:00','\n','\n',1),(1255,'Sdau','4','1','13','6','4','\n','0000-00-00 00:00:00','0000-00-00 00:00:00','\n','\n',1),(1256,'Ronak Ser','4','1','13','6','5','\n','0000-00-00 00:00:00','0000-00-00 00:00:00','\n','\n',1),(1257,'Kampong Pranak','4','1','13','7','1','\n','0000-00-00 00:00:00','0000-00-00 00:00:00','\n','\n',1),(1258,'Pal Hal','4','1','13','7','2','\n','0000-00-00 00:00:00','0000-00-00 00:00:00','\n','\n',1),(1259,'Chhean Mukh','4','1','13','7','3','\n','0000-00-00 00:00:00','0000-00-00 00:00:00','\n','\n',1),(1260,'Pou','4','1','13','7','4','\n','0000-00-00 00:00:00','0000-00-00 00:00:00','\n','\n',1),(1261,'Prame','4','1','13','7','5','\n','0000-00-00 00:00:00','0000-00-00 00:00:00','\n','\n',1),(1262,'Preah Khleang','4','1','13','7','6','\n','0000-00-00 00:00:00','0000-00-00 00:00:00','\n','\n',1),(1263,'Boeng Preah','4','1','14','1','1','\n','0000-00-00 00:00:00','0000-00-00 00:00:00','\n','\n',1),(1264,'Cheung Phnum','4','1','14','1','2','\n','0000-00-00 00:00:00','0000-00-00 00:00:00','\n','\n',1),(1265,'Chheu Kach','4','1','14','1','3','\n','0000-00-00 00:00:00','0000-00-00 00:00:00','\n','\n',1),(1266,'Reaks Chey','4','1','14','1','4','\n','0000-00-00 00:00:00','0000-00-00 00:00:00','\n','\n',1),(1267,'Roung Damrei','4','1','14','1','5','\n','0000-00-00 00:00:00','0000-00-00 00:00:00','\n','\n',1),(1268,'Sdau Kaong','4','1','14','1','6','\n','0000-00-00 00:00:00','0000-00-00 00:00:00','\n','\n',1),(1269,'Spueu Ka','4','1','14','1','7','\n','0000-00-00 00:00:00','0000-00-00 00:00:00','\n','\n',1),(1270,'Spueu Kha','4','1','14','1','8','\n','0000-00-00 00:00:00','0000-00-00 00:00:00','\n','\n',1),(1271,'Theay','4','1','14','1','9','\n','0000-00-00 00:00:00','0000-00-00 00:00:00','\n','\n',1),(1272,'Cheach','4','1','14','2','1','\n','0000-00-00 00:00:00','0000-00-00 00:00:00','\n','\n',1),(1273,'Doun Koeng','4','1','14','2','2','\n','0000-00-00 00:00:00','0000-00-00 00:00:00','\n','\n',1),(1274,'Kranhung','4','1','14','2','3','\n','0000-00-00 00:00:00','0000-00-00 00:00:00','\n','\n',1),(1275,'Krabau','4','1','14','2','4','\n','0000-00-00 00:00:00','0000-00-00 00:00:00','\n','\n',1),(1276,'Seang Khveang','4','1','14','2','5','\n','0000-00-00 00:00:00','0000-00-00 00:00:00','\n','\n',1),(1277,'Smaong Cheung','4','1','14','2','6','\n','0000-00-00 00:00:00','0000-00-00 00:00:00','\n','\n',1),(1278,'Smaong Tboung','4','1','14','2','7','\n','0000-00-00 00:00:00','0000-00-00 00:00:00','\n','\n',1),(1279,'Trabaek','4','1','14','2','8','\n','0000-00-00 00:00:00','0000-00-00 00:00:00','\n','\n',1),(1280,'Ansaong','4','1','14','3','1','\n','0000-00-00 00:00:00','0000-00-00 00:00:00','\n','\n',1),(1281,'Cham','4','1','14','3','2','\n','0000-00-00 00:00:00','0000-00-00 00:00:00','\n','\n',1),(1282,'Cheang Daek','4','1','14','3','3','\n','0000-00-00 00:00:00','0000-00-00 00:00:00','\n','\n',1),(1283,'Chrey','4','1','14','3','4','\n','0000-00-00 00:00:00','0000-00-00 00:00:00','\n','\n',1),(1284,'Kansaom Ak','4','1','14','3','5','\n','0000-00-00 00:00:00','0000-00-00 00:00:00','\n','\n',1),(1285,'Kou Khchak','4','1','14','3','6','\n','0000-00-00 00:00:00','0000-00-00 00:00:00','\n','\n',1),(1286,'Kampong Trabaek','4','1','14','3','7','\n','0000-00-00 00:00:00','0000-00-00 00:00:00','\n','\n',1),(1287,'Peam Montear','4','1','14','3','8','\n','0000-00-00 00:00:00','0000-00-00 00:00:00','\n','\n',1),(1288,'Prasat','4','1','14','3','9','\n','0000-00-00 00:00:00','0000-00-00 00:00:00','\n','\n',1),(1289,'Pratheat','4','1','14','3','10','\n','0000-00-00 00:00:00','0000-00-00 00:00:00','\n','\n',1),(1290,'Prey Chhor','4','1','14','3','11','\n','0000-00-00 00:00:00','0000-00-00 00:00:00','\n','\n',1),(1291,'Prey Poun','4','1','14','3','12','\n','0000-00-00 00:00:00','0000-00-00 00:00:00','\n','\n',1),(1292,'Thkov','4','1','14','3','13','\n','0000-00-00 00:00:00','0000-00-00 00:00:00','\n','\n',1),(1293,'Chong Ampil','4','1','14','4','1','\n','0000-00-00 00:00:00','0000-00-00 00:00:00','\n','\n',1),(1294,'Kanhchriech','4','1','14','4','2','\n','0000-00-00 00:00:00','0000-00-00 00:00:00','\n','\n',1),(1295,'Kdoeang Reay','4','1','14','4','3','\n','0000-00-00 00:00:00','0000-00-00 00:00:00','\n','\n',1),(1296,'Kouk Kong Kaeut','4','1','14','4','4','\n','0000-00-00 00:00:00','0000-00-00 00:00:00','\n','\n',1),(1297,'Kouk Kong Lech','4','1','14','4','5','\n','0000-00-00 00:00:00','0000-00-00 00:00:00','\n','\n',1),(1298,'Preal','4','1','14','4','6','\n','0000-00-00 00:00:00','0000-00-00 00:00:00','\n','\n',1),(1299,'Thma Pun','4','1','14','4','7','\n','0000-00-00 00:00:00','0000-00-00 00:00:00','\n','\n',1),(1300,'Tnaot','4','1','14','4','8','\n','0000-00-00 00:00:00','0000-00-00 00:00:00','\n','\n',1),(1301,'Angkor Sar','4','1','14','5','1','\n','0000-00-00 00:00:00','0000-00-00 00:00:00','\n','\n',1),(1302,'Chres','4','1','14','5','2','\n','0000-00-00 00:00:00','0000-00-00 00:00:00','\n','\n',1),(1303,'Chi Phoch','4','1','14','5','3','\n','0000-00-00 00:00:00','0000-00-00 00:00:00','\n','\n',1),(1304,'Prey Khnes','4','1','14','5','4','\n','0000-00-00 00:00:00','0000-00-00 00:00:00','\n','\n',1),(1305,'Prey Rumdeng','4','1','14','5','5','\n','0000-00-00 00:00:00','0000-00-00 00:00:00','\n','\n',1),(1306,'Prey Totueng','4','1','14','5','6','\n','0000-00-00 00:00:00','0000-00-00 00:00:00','\n','\n',1),(1307,'Svay Chrum','4','1','14','5','7','\n','0000-00-00 00:00:00','0000-00-00 00:00:00','\n','\n',1),(1308,'Trapeang Srae','4','1','14','5','8','\n','0000-00-00 00:00:00','0000-00-00 00:00:00','\n','\n',1),(1309,'Angkor Angk','4','1','14','6','1','\n','0000-00-00 00:00:00','0000-00-00 00:00:00','\n','\n',1),(1310,'Kampong Prasat','4','1','14','6','2','\n','0000-00-00 00:00:00','0000-00-00 00:00:00','\n','\n',1),(1311,'Kaoh Chek','4','1','14','6','3','\n','0000-00-00 00:00:00','0000-00-00 00:00:00','\n','\n',1),(1312,'Kaoh Roka','4','1','14','6','4','\n','0000-00-00 00:00:00','0000-00-00 00:00:00','\n','\n',1),(1313,'Kaoh Sampov','4','1','14','6','5','\n','0000-00-00 00:00:00','0000-00-00 00:00:00','\n','\n',1),(1314,'Krang Ta Yang','4','1','14','6','6','\n','0000-00-00 00:00:00','0000-00-00 00:00:00','\n','\n',1),(1315,'Preaek Krabau','4','1','14','6','7','\n','0000-00-00 00:00:00','0000-00-00 00:00:00','\n','\n',1),(1316,'Preaek Sambuor','4','1','14','6','8','\n','0000-00-00 00:00:00','0000-00-00 00:00:00','\n','\n',1),(1317,'Ruessei Srok','4','1','14','6','9','\n','0000-00-00 00:00:00','0000-00-00 00:00:00','\n','\n',1),(1318,'Svay Phluoh','4','1','14','6','10','\n','0000-00-00 00:00:00','0000-00-00 00:00:00','\n','\n',1),(1319,'Ba Baong','4','1','14','7','1','\n','0000-00-00 00:00:00','0000-00-00 00:00:00','\n','\n',1),(1320,'Banlich Prasat','4','1','14','7','2','\n','0000-00-00 00:00:00','0000-00-00 00:00:00','\n','\n',1),(1321,'Neak Loeang','4','1','14','7','3','\n','0000-00-00 00:00:00','0000-00-00 00:00:00','\n','\n',1),(1322,'Peam Mean Chey','4','1','14','7','4','\n','0000-00-00 00:00:00','0000-00-00 00:00:00','\n','\n',1),(1323,'Peam Ro','4','1','14','7','5','\n','0000-00-00 00:00:00','0000-00-00 00:00:00','\n','\n',1),(1324,'Preaek Khsay Ka','4','1','14','7','6','\n','0000-00-00 00:00:00','0000-00-00 00:00:00','\n','\n',1),(1325,'Preaek Khsay Kha','4','1','14','7','7','\n','0000-00-00 00:00:00','0000-00-00 00:00:00','\n','\n',1),(1326,'Preaek  Kandieng','4','1','14','7','8','\n','0000-00-00 00:00:00','0000-00-00 00:00:00','\n','\n',1),(1327,'Kampong Popil','4','1','14','8','1','\n','0000-00-00 00:00:00','0000-00-00 00:00:00','\n','\n',1),(1328,'Kanhcham','4','1','14','8','2','\n','0000-00-00 00:00:00','0000-00-00 00:00:00','\n','\n',1),(1329,'Kampong Prang','4','1','14','8','3','\n','0000-00-00 00:00:00','0000-00-00 00:00:00','\n','\n',1),(1330,'Kampong Ruessei','4','1','14','8','4','\n','0000-00-00 00:00:00','0000-00-00 00:00:00','\n','\n',1),(1331,'Mesa Prachan','4','1','14','8','5','\n','0000-00-00 00:00:00','0000-00-00 00:00:00','\n','\n',1),(1332,'Preaek Ta Sar','4','1','14','8','6','\n','0000-00-00 00:00:00','0000-00-00 00:00:00','\n','\n',1),(1333,'Prey Pnov','4','1','14','8','7','\n','0000-00-00 00:00:00','0000-00-00 00:00:00','\n','\n',1),(1334,'Prey Sniet','4','1','14','8','8','\n','0000-00-00 00:00:00','0000-00-00 00:00:00','\n','\n',1),(1335,'Prey Sralet','4','1','14','8','9','\n','0000-00-00 00:00:00','0000-00-00 00:00:00','\n','\n',1),(1336,'Reab','4','1','14','8','10','\n','0000-00-00 00:00:00','0000-00-00 00:00:00','\n','\n',1),(1337,'Roka','4','1','14','8','11','\n','0000-00-00 00:00:00','0000-00-00 00:00:00','\n','\n',1),(1338,'Angkor Reach','4','1','14','9','1','\n','0000-00-00 00:00:00','0000-00-00 00:00:00','\n','\n',1),(1339,'Banteay Chakrei','4','1','14','9','2','\n','0000-00-00 00:00:00','0000-00-00 00:00:00','\n','\n',1),(1340,'Boeng Daol','4','1','14','9','3','\n','0000-00-00 00:00:00','0000-00-00 00:00:00','\n','\n',1),(1341,'Chey Kampok','4','1','14','9','4','\n','0000-00-00 00:00:00','0000-00-00 00:00:00','\n','\n',1),(1342,'Kampong Soeng','4','1','14','9','5','\n','0000-00-00 00:00:00','0000-00-00 00:00:00','\n','\n',1),(1343,'Krang Svay','4','1','14','9','6','\n','0000-00-00 00:00:00','0000-00-00 00:00:00','\n','\n',1),(1344,'Lvea','4','1','14','9','7','\n','0000-00-00 00:00:00','0000-00-00 00:00:00','\n','\n',1),(1345,'Preah Sdach','4','1','14','9','8','\n','0000-00-00 00:00:00','0000-00-00 00:00:00','\n','\n',1),(1346,'Reathor','4','1','14','9','9','\n','0000-00-00 00:00:00','0000-00-00 00:00:00','\n','\n',1),(1347,'Rumchek','4','1','14','9','10','\n','0000-00-00 00:00:00','0000-00-00 00:00:00','\n','\n',1),(1348,'Sena Reach Otdam','4','1','14','9','11','\n','0000-00-00 00:00:00','0000-00-00 00:00:00','\n','\n',1),(1349,'Angkor Tret','4','1','14','10','1','\n','0000-00-00 00:00:00','0000-00-00 00:00:00','\n','\n',1),(1350,'Chea Khlang','4','1','14','10','2','\n','0000-00-00 00:00:00','0000-00-00 00:00:00','\n','\n',1),(1351,'Chrey','4','1','14','10','3','\n','0000-00-00 00:00:00','0000-00-00 00:00:00','\n','\n',1),(1352,'Damrei Puon','4','1','14','10','4','\n','0000-00-00 00:00:00','0000-00-00 00:00:00','\n','\n',1),(1353,'Me Bon','4','1','14','10','5','\n','0000-00-00 00:00:00','0000-00-00 00:00:00','\n','\n',1),(1354,'Pean Roung','4','1','14','10','6','\n','0000-00-00 00:00:00','0000-00-00 00:00:00','\n','\n',1),(1355,'Popueus','4','1','14','10','7','\n','0000-00-00 00:00:00','0000-00-00 00:00:00','\n','\n',1),(1356,'Prey Khla','4','1','14','10','8','\n','0000-00-00 00:00:00','0000-00-00 00:00:00','\n','\n',1),(1357,'Samraong','4','1','14','10','9','\n','0000-00-00 00:00:00','0000-00-00 00:00:00','\n','\n',1),(1358,'Svay Antor','4','1','14','10','10','\n','0000-00-00 00:00:00','0000-00-00 00:00:00','\n','\n',1),(1359,'Tuek Thla','4','1','14','10','11','\n','0000-00-00 00:00:00','0000-00-00 00:00:00','\n','\n',1),(1360,'Baray','4','1','14','11','1','\n','0000-00-00 00:00:00','0000-00-00 00:00:00','\n','\n',1),(1361,'Cheung Tuek','4','1','14','11','2','\n','0000-00-00 00:00:00','0000-00-00 00:00:00','\n','\n',1),(1362,'Kampong Leav','4','1','14','11','3','\n','0000-00-00 00:00:00','0000-00-00 00:00:00','\n','\n',1),(1363,'Pou Rieng','4','1','14','11','4','\n','0000-00-00 00:00:00','0000-00-00 00:00:00','\n','\n',1),(1364,'Preaek Anteah','4','1','14','11','5','\n','0000-00-00 00:00:00','0000-00-00 00:00:00','\n','\n',1),(1365,'Preaek chrey','4','1','14','11','6','\n','0000-00-00 00:00:00','0000-00-00 00:00:00','\n','\n',1),(1366,'Preaek Kanlaong','4','1','14','11','7','\n','0000-00-00 00:00:00','0000-00-00 00:00:00','\n','\n',1),(1367,'Ta Kao','4','1','14','11','8','\n','0000-00-00 00:00:00','0000-00-00 00:00:00','\n','\n',1),(1368,'Ampil Krau','4','1','14','12','1','\n','0000-00-00 00:00:00','0000-00-00 00:00:00','\n','\n',1),(1369,'Chrey Khmum','4','1','14','12','2','\n','0000-00-00 00:00:00','0000-00-00 00:00:00','\n','\n',1),(1370,'Lve','4','1','14','12','3','\n','0000-00-00 00:00:00','0000-00-00 00:00:00','\n','\n',1),(1371,'Pnaov Ti Muoy','4','1','14','12','4','\n','0000-00-00 00:00:00','0000-00-00 00:00:00','\n','\n',1),(1372,'Pnov Ti Pir','4','1','14','12','5','\n','0000-00-00 00:00:00','0000-00-00 00:00:00','\n','\n',1),(1373,'Pou Ti','4','1','14','12','6','\n','0000-00-00 00:00:00','0000-00-00 00:00:00','\n','\n',1),(1374,'Preaek Changkran','4','1','14','12','7','\n','0000-00-00 00:00:00','0000-00-00 00:00:00','\n','\n',1),(1375,'Prey Daeum Thnoeng','4','1','14','12','8','\n','0000-00-00 00:00:00','0000-00-00 00:00:00','\n','\n',1),(1376,'Prey Tueng','4','1','14','12','9','\n','0000-00-00 00:00:00','0000-00-00 00:00:00','\n','\n',1),(1377,'Rumlech','4','1','14','12','10','\n','0000-00-00 00:00:00','0000-00-00 00:00:00','\n','\n',1),(1378,'Ruessei Sanh','4','1','14','12','11','\n','0000-00-00 00:00:00','0000-00-00 00:00:00','\n','\n',1),(1379,'Boeng Bat Kandaol','4','1','15','1','1','\n','0000-00-00 00:00:00','0000-00-00 00:00:00','\n','\n',1),(1380,'Boeng Khnar','4','1','15','1','2','\n','0000-00-00 00:00:00','0000-00-00 00:00:00','\n','\n',1),(1381,'Khnar Totueng','4','1','15','1','3','\n','0000-00-00 00:00:00','0000-00-00 00:00:00','\n','\n',1),(1382,'Me Tuek','4','1','15','1','4','\n','0000-00-00 00:00:00','0000-00-00 00:00:00','\n','\n',1),(1383,'Ou Ta Paong','4','1','15','1','5','\n','0000-00-00 00:00:00','0000-00-00 00:00:00','\n','\n',1),(1384,'Rumlech','4','1','15','1','6','\n','0000-00-00 00:00:00','0000-00-00 00:00:00','\n','\n',1),(1385,'Snam Preah','4','1','15','1','7','\n','0000-00-00 00:00:00','0000-00-00 00:00:00','\n','\n',1),(1386,'Svay Doun Kaev','4','1','15','1','8','\n','0000-00-00 00:00:00','0000-00-00 00:00:00','\n','\n',1),(1387,'Ta Lou','4','1','15','1','9','\n','0000-00-00 00:00:00','0000-00-00 00:00:00','\n','\n',1),(1388,'Trapeang Chong','4','1','15','1','10','\n','0000-00-00 00:00:00','0000-00-00 00:00:00','\n','\n',1),(1389,'Anlong Vil','4','1','15','2','1','\n','0000-00-00 00:00:00','0000-00-00 00:00:00','\n','\n',1),(1390,'Banteay Dei','4','1','15','2','2','\n','0000-00-00 00:00:00','0000-00-00 00:00:00','\n','\n',1),(1391,'Kandieng','4','1','15','2','3','\n','0000-00-00 00:00:00','0000-00-00 00:00:00','\n','\n',1),(1392,'Kanhchor','4','1','15','2','4','\n','0000-00-00 00:00:00','0000-00-00 00:00:00','\n','\n',1),(1393,'Rang Teal','4','1','15','2','5','\n','0000-00-00 00:00:00','0000-00-00 00:00:00','\n','\n',1),(1394,'Srae Sdok','4','1','15','2','6','\n','0000-00-00 00:00:00','0000-00-00 00:00:00','\n','\n',1),(1395,'Svay Luong','4','1','15','2','7','\n','0000-00-00 00:00:00','0000-00-00 00:00:00','\n','\n',1),(1396,'Sya','4','1','15','2','8','\n','0000-00-00 00:00:00','0000-00-00 00:00:00','\n','\n',1),(1397,'Veal','4','1','15','2','9','\n','0000-00-00 00:00:00','0000-00-00 00:00:00','\n','\n',1),(1398,'Anlong Tnaot','4','1','15','3','1','\n','0000-00-00 00:00:00','0000-00-00 00:00:00','\n','\n',1),(1399,'Ansa Chambak','4','1','15','3','2','\n','0000-00-00 00:00:00','0000-00-00 00:00:00','\n','\n',1),(1400,'Boeng Kantuot','4','1','15','3','3','\n','0000-00-00 00:00:00','0000-00-00 00:00:00','\n','\n',1),(1401,'Chheu Tom','4','1','15','3','4','\n','0000-00-00 00:00:00','0000-00-00 00:00:00','\n','\n',1),(1402,'Kampong Luong','4','1','15','3','5','\n','0000-00-00 00:00:00','0000-00-00 00:00:00','\n','\n',1),(1403,'Kampong Pou','4','1','15','3','6','\n','0000-00-00 00:00:00','0000-00-00 00:00:00','\n','\n',1),(1404,'Kbal Trach','4','1','15','3','7','\n','0000-00-00 00:00:00','0000-00-00 00:00:00','\n','\n',1),(1405,'Ou Sandan','4','1','15','3','8','\n','0000-00-00 00:00:00','0000-00-00 00:00:00','\n','\n',1),(1406,'Sna Ansa','4','1','15','3','9','\n','0000-00-00 00:00:00','0000-00-00 00:00:00','\n','\n',1),(1407,'Svay Sa','4','1','15','3','10','\n','0000-00-00 00:00:00','0000-00-00 00:00:00','\n','\n',1),(1408,'Tnaot Chum','4','1','15','3','11','\n','0000-00-00 00:00:00','0000-00-00 00:00:00','\n','\n',1),(1409,'Bak Chenhchien','4','1','15','4','1','\n','0000-00-00 00:00:00','0000-00-00 00:00:00','\n','\n',1),(1410,'Leach','4','1','15','4','2','\n','0000-00-00 00:00:00','0000-00-00 00:00:00','\n','\n',1),(1411,'Phteah Rung','4','1','15','4','3','\n','0000-00-00 00:00:00','0000-00-00 00:00:00','\n','\n',1),(1412,'Prongil','4','1','15','4','4','\n','0000-00-00 00:00:00','0000-00-00 00:00:00','\n','\n',1),(1413,'Rokat','4','1','15','4','5','\n','0000-00-00 00:00:00','0000-00-00 00:00:00','\n','\n',1),(1414,'Santreae','4','1','15','4','6','\n','0000-00-00 00:00:00','0000-00-00 00:00:00','\n','\n',1),(1415,'Samraong','4','1','15','4','7','\n','0000-00-00 00:00:00','0000-00-00 00:00:00','\n','\n',1),(1416,'Chamraeun Phal','4','1','15','5','1','\n','0000-00-00 00:00:00','0000-00-00 00:00:00','\n','\n',1),(1417,'Kaoh Chum','4','1','15','5','2','\n','0000-00-00 00:00:00','0000-00-00 00:00:00','\n','\n',1),(1418,'Lolok Sa','4','1','15','5','3','\n','0000-00-00 00:00:00','0000-00-00 00:00:00','\n','\n',1),(1419,'Phteah Prey','4','1','15','5','4','\n','0000-00-00 00:00:00','0000-00-00 00:00:00','\n','\n',1),(1420,'Prey Gni','4','1','15','5','5','\n','0000-00-00 00:00:00','0000-00-00 00:00:00','\n','\n',1),(1421,'Roleab','4','1','15','5','6','\n','0000-00-00 00:00:00','0000-00-00 00:00:00','\n','\n',1),(1422,'Svay At','4','1','15','5','7','\n','0000-00-00 00:00:00','0000-00-00 00:00:00','\n','\n',1),(1423,'Krapeu Pir','4','1','15','6','1','\n','0000-00-00 00:00:00','0000-00-00 00:00:00','\n','\n',1),(1424,'Pramaoy','4','1','15','6','2','\n','0000-00-00 00:00:00','0000-00-00 00:00:00','\n','\n',1),(1425,'Ou Saom','4','1','15','6','3','\n','0000-00-00 00:00:00','0000-00-00 00:00:00','\n','\n',1),(1426,'Anlong Reap','4','1','15','6','4','\n','0000-00-00 00:00:00','0000-00-00 00:00:00','\n','\n',1),(1427,'Thmar Da','4','1','15','6','5','\n','0000-00-00 00:00:00','0000-00-00 00:00:00','\n','\n',1),(1428,'Malik','4','1','16','1','1','\n','0000-00-00 00:00:00','0000-00-00 00:00:00','\n','\n',1),(1429,'Nhang','4','1','16','1','3','\n','0000-00-00 00:00:00','0000-00-00 00:00:00','\n','\n',1),(1430,'Ta Lav','4','1','16','1','4','\n','0000-00-00 00:00:00','0000-00-00 00:00:00','\n','\n',1),(1431,'Kachanh','4','1','16','2','1','\n','0000-00-00 00:00:00','0000-00-00 00:00:00','\n','\n',1),(1432,'Labansiek','4','1','16','2','2','\n','0000-00-00 00:00:00','0000-00-00 00:00:00','\n','\n',1),(1433,'Yeak Laom','4','1','16','2','3','\n','0000-00-00 00:00:00','0000-00-00 00:00:00','\n','\n',1),(1434,'Kak','4','1','16','3','1','\n','0000-00-00 00:00:00','0000-00-00 00:00:00','\n','\n',1),(1435,'Ke Chong','4','1','16','3','2','\n','0000-00-00 00:00:00','0000-00-00 00:00:00','\n','\n',1),(1436,'Laminh','4','1','16','3','3','\n','0000-00-00 00:00:00','0000-00-00 00:00:00','\n','\n',1),(1437,'Lung Khung','4','1','16','3','4','\n','0000-00-00 00:00:00','0000-00-00 00:00:00','\n','\n',1),(1438,'Saeung','4','1','16','3','5','\n','0000-00-00 00:00:00','0000-00-00 00:00:00','\n','\n',1),(1439,'Ting Chak','4','1','16','3','6','\n','0000-00-00 00:00:00','0000-00-00 00:00:00','\n','\n',1),(1440,'Serei Mongkol','4','1','16','4','1','\n','0000-00-00 00:00:00','0000-00-00 00:00:00','\n','\n',1),(1441,'Srae Angkrong','4','1','16','4','2','\n','0000-00-00 00:00:00','0000-00-00 00:00:00','\n','\n',1),(1442,'Ta Ang','4','1','16','4','3','\n','0000-00-00 00:00:00','0000-00-00 00:00:00','\n','\n',1),(1443,'Toen','4','1','16','4','4','\n','0000-00-00 00:00:00','0000-00-00 00:00:00','\n','\n',1),(1444,'Trapeang Chres','4','1','16','4','5','\n','0000-00-00 00:00:00','0000-00-00 00:00:00','\n','\n',1),(1445,'Trapeang Kraham','4','1','16','4','6','\n','0000-00-00 00:00:00','0000-00-00 00:00:00','\n','\n',1),(1446,'Chey Otdam','4','1','16','5','1','\n','0000-00-00 00:00:00','0000-00-00 00:00:00','\n','\n',1),(1447,'Ka Kaeng','4','1','16','5','2','\n','0000-00-00 00:00:00','0000-00-00 00:00:00','\n','\n',1),(1448,'La Bang Muoy','4','1','16','5','3','\n','0000-00-00 00:00:00','0000-00-00 00:00:00','\n','\n',1),(1449,'La Bang Pir','4','1','16','5','4','\n','0000-00-00 00:00:00','0000-00-00 00:00:00','\n','\n',1),(1450,'Ba Tang','4','1','16','5','5','\n','0000-00-00 00:00:00','0000-00-00 00:00:00','\n','\n',1),(1451,'Seda','4','1','16','5','6','\n','0000-00-00 00:00:00','0000-00-00 00:00:00','\n','\n',1),(1452,'Cha Ung','4','1','16','6','1','\n','0000-00-00 00:00:00','0000-00-00 00:00:00','\n','\n',1),(1453,'Pouy','4','1','16','6','2','\n','0000-00-00 00:00:00','0000-00-00 00:00:00','\n','\n',1),(1454,'Aekakpheap','4','1','16','6','3','\n','0000-00-00 00:00:00','0000-00-00 00:00:00','\n','\n',1),(1455,'Kalai','4','1','16','6','4','\n','0000-00-00 00:00:00','0000-00-00 00:00:00','\n','\n',1),(1456,'Ou Chum','4','1','16','6','5','\n','0000-00-00 00:00:00','0000-00-00 00:00:00','\n','\n',1),(1457,'Sameakki','4','1','16','6','6','\n','0000-00-00 00:00:00','0000-00-00 00:00:00','\n','\n',1),(1458,'Lak','4','1','16','6','7','\n','0000-00-00 00:00:00','0000-00-00 00:00:00','\n','\n',1),(1459,'Bar Kham','4','1','16','7','1','\n','0000-00-00 00:00:00','0000-00-00 00:00:00','\n','\n',1),(1460,'Lum Choar','4','1','16','7','2','\n','0000-00-00 00:00:00','0000-00-00 00:00:00','\n','\n',1),(1461,'Pak Nhai','4','1','16','7','3','\n','0000-00-00 00:00:00','0000-00-00 00:00:00','\n','\n',1),(1462,'Pate','4','1','16','7','4','\n','0000-00-00 00:00:00','0000-00-00 00:00:00','\n','\n',1),(1463,'Sesant','4','1','16','7','5','\n','0000-00-00 00:00:00','0000-00-00 00:00:00','\n','\n',1),(1464,'Saom Thum','4','1','16','7','6','\n','0000-00-00 00:00:00','0000-00-00 00:00:00','\n','\n',1),(1465,'Ya Tung','4','1','16','7','7','\n','0000-00-00 00:00:00','0000-00-00 00:00:00','\n','\n',1),(1466,'Ta Veaeng Leu','4','1','16','8','1','\n','0000-00-00 00:00:00','0000-00-00 00:00:00','\n','\n',1),(1467,'Ta Veaeng Kraom','4','1','16','8','2','\n','0000-00-00 00:00:00','0000-00-00 00:00:00','\n','\n',1),(1468,'Pong','4','1','16','9','1','\n','0000-00-00 00:00:00','0000-00-00 00:00:00','\n','\n',1),(1469,'Hat Pok','4','1','16','9','2','\n','0000-00-00 00:00:00','0000-00-00 00:00:00','\n','\n',1),(1470,'Ka Choun','4','1','16','9','3','\n','0000-00-00 00:00:00','0000-00-00 00:00:00','\n','\n',1),(1471,'Kaoh Pang','4','1','16','9','4','\n','0000-00-00 00:00:00','0000-00-00 00:00:00','\n','\n',1),(1472,'Kaoh Peak','4','1','16','9','5','\n','0000-00-00 00:00:00','0000-00-00 00:00:00','\n','\n',1),(1473,'Kok Lak','4','1','16','9','6','\n','0000-00-00 00:00:00','0000-00-00 00:00:00','\n','\n',1),(1474,'Pak Kalan','4','1','16','9','7','\n','0000-00-00 00:00:00','0000-00-00 00:00:00','\n','\n',1),(1475,'Phnum Kok','4','1','16','9','8','\n','0000-00-00 00:00:00','0000-00-00 00:00:00','\n','\n',1),(1476,'Veun Sai','4','1','16','9','9','\n','0000-00-00 00:00:00','0000-00-00 00:00:00','\n','\n',1),(1477,'Char Chhuk','4','1','17','1','1','\n','0000-00-00 00:00:00','0000-00-00 00:00:00','\n','\n',1),(1478,'Doun Peaeng','4','1','17','1','2','\n','0000-00-00 00:00:00','0000-00-00 00:00:00','\n','\n',1),(1479,'Kouk Doung','4','1','17','1','3','\n','0000-00-00 00:00:00','0000-00-00 00:00:00','\n','\n',1),(1480,'Koul','4','1','17','1','4','\n','0000-00-00 00:00:00','0000-00-00 00:00:00','\n','\n',1),(1481,'Nokor Pheas','4','1','17','1','5','\n','0000-00-00 00:00:00','0000-00-00 00:00:00','\n','\n',1),(1482,'Srae Khvav','4','1','17','1','6','\n','0000-00-00 00:00:00','0000-00-00 00:00:00','\n','\n',1),(1483,'Ta Saom','4','1','17','1','7','\n','0000-00-00 00:00:00','0000-00-00 00:00:00','\n','\n',1),(1484,'Chob Ta Trav','4','1','17','2','1','\n','0000-00-00 00:00:00','0000-00-00 00:00:00','\n','\n',1),(1485,'Leang Dai','4','1','17','2','2','\n','0000-00-00 00:00:00','0000-00-00 00:00:00','\n','\n',1),(1486,'Peak Snaeng','4','1','17','2','3','\n','0000-00-00 00:00:00','0000-00-00 00:00:00','\n','\n',1),(1487,'Svay Chek','4','1','17','2','4','\n','0000-00-00 00:00:00','0000-00-00 00:00:00','\n','\n',1),(1488,'Khnar Sanday','4','1','17','3','1','\n','0000-00-00 00:00:00','0000-00-00 00:00:00','\n','\n',1),(1489,'Khun Ream','4','1','17','3','2','\n','0000-00-00 00:00:00','0000-00-00 00:00:00','\n','\n',1),(1490,'Preak Dak','4','1','17','3','3','\n','0000-00-00 00:00:00','0000-00-00 00:00:00','\n','\n',1),(1491,'Rumchek','4','1','17','3','4','\n','0000-00-00 00:00:00','0000-00-00 00:00:00','\n','\n',1),(1492,'Run Ta Aek','4','1','17','3','5','\n','0000-00-00 00:00:00','0000-00-00 00:00:00','\n','\n',1),(1493,'Tbaeng','4','1','17','3','6','\n','0000-00-00 00:00:00','0000-00-00 00:00:00','\n','\n',1),(1494,'Anlong Samnar','4','1','17','4','1','\n','0000-00-00 00:00:00','0000-00-00 00:00:00','\n','\n',1),(1495,'Chi Kraeng','4','1','17','4','2','\n','0000-00-00 00:00:00','0000-00-00 00:00:00','\n','\n',1),(1496,'Kampong Kdei','4','1','17','4','3','\n','0000-00-00 00:00:00','0000-00-00 00:00:00','\n','\n',1),(1497,'Khvav','4','1','17','4','4','\n','0000-00-00 00:00:00','0000-00-00 00:00:00','\n','\n',1),(1498,'Kouk Thlok Kraom','4','1','17','4','5','\n','0000-00-00 00:00:00','0000-00-00 00:00:00','\n','\n',1),(1499,'Kouk Thlok Leu','4','1','17','4','6','\n','0000-00-00 00:00:00','0000-00-00 00:00:00','\n','\n',1),(1500,'Lveaeng Ruessei','4','1','17','4','7','\n','0000-00-00 00:00:00','0000-00-00 00:00:00','\n','\n',1),(1501,'Pongro Kraom','4','1','17','4','8','\n','0000-00-00 00:00:00','0000-00-00 00:00:00','\n','\n',1),(1502,'Pongro Leu','4','1','17','4','9','\n','0000-00-00 00:00:00','0000-00-00 00:00:00','\n','\n',1),(1503,'Ruessei Lok','4','1','17','4','10','\n','0000-00-00 00:00:00','0000-00-00 00:00:00','\n','\n',1),(1504,'Sangvaeuy','4','1','17','4','11','\n','0000-00-00 00:00:00','0000-00-00 00:00:00','\n','\n',1),(1505,'Spean Tnaot','4','1','17','4','12','\n','0000-00-00 00:00:00','0000-00-00 00:00:00','\n','\n',1),(1506,'Chonloas Dai','4','1','17','5','1','\n','0000-00-00 00:00:00','0000-00-00 00:00:00','\n','\n',1),(1507,'Kampong Thkov','4','1','17','5','2','\n','0000-00-00 00:00:00','0000-00-00 00:00:00','\n','\n',1),(1508,'Kralanh','4','1','17','5','3','\n','0000-00-00 00:00:00','0000-00-00 00:00:00','\n','\n',1),(1509,'Krouch Kor','4','1','17','5','4','\n','0000-00-00 00:00:00','0000-00-00 00:00:00','\n','\n',1),(1510,'Roung Kou','4','1','17','5','5','\n','0000-00-00 00:00:00','0000-00-00 00:00:00','\n','\n',1),(1511,'Sambuor','4','1','17','5','6','\n','0000-00-00 00:00:00','0000-00-00 00:00:00','\n','\n',1),(1512,'Saen Sokh','4','1','17','5','7','\n','0000-00-00 00:00:00','0000-00-00 00:00:00','\n','\n',1),(1513,'Snol','4','1','17','5','8','\n','0000-00-00 00:00:00','0000-00-00 00:00:00','\n','\n',1),(1514,'Sranal','4','1','17','5','9','\n','0000-00-00 00:00:00','0000-00-00 00:00:00','\n','\n',1),(1515,'Ta An','4','1','17','5','10','\n','0000-00-00 00:00:00','0000-00-00 00:00:00','\n','\n',1),(1516,'Sasar Sdam','4','1','17','6','1','\n','0000-00-00 00:00:00','0000-00-00 00:00:00','\n','\n',1),(1517,'Doun Kaev','4','1','17','6','2','\n','0000-00-00 00:00:00','0000-00-00 00:00:00','\n','\n',1),(1518,'Kdai Run','4','1','17','6','3','\n','0000-00-00 00:00:00','0000-00-00 00:00:00','\n','\n',1),(1519,'Kaev Poar','4','1','17','6','4','\n','0000-00-00 00:00:00','0000-00-00 00:00:00','\n','\n',1),(1520,'Khnat','4','1','17','6','5','\n','0000-00-00 00:00:00','0000-00-00 00:00:00','\n','\n',1),(1521,'Krabei Riel','4','1','17','6','6','\n','0000-00-00 00:00:00','0000-00-00 00:00:00','\n','\n',1),(1522,'Lvea','4','1','17','6','7','\n','0000-00-00 00:00:00','0000-00-00 00:00:00','\n','\n',1),(1523,'Mukh Paen','4','1','17','6','8','\n','0000-00-00 00:00:00','0000-00-00 00:00:00','\n','\n',1),(1524,'Pou Treay','4','1','17','6','9','\n','0000-00-00 00:00:00','0000-00-00 00:00:00','\n','\n',1),(1525,'Puok','4','1','17','6','10','\n','0000-00-00 00:00:00','0000-00-00 00:00:00','\n','\n',1),(1526,'Prey Chruk','4','1','17','6','11','\n','0000-00-00 00:00:00','0000-00-00 00:00:00','\n','\n',1),(1527,'Reul','4','1','17','6','12','\n','0000-00-00 00:00:00','0000-00-00 00:00:00','\n','\n',1),(1528,'Samraong Yea','4','1','17','6','13','\n','0000-00-00 00:00:00','0000-00-00 00:00:00','\n','\n',1),(1529,'Tuek Vil','4','1','17','6','14','\n','0000-00-00 00:00:00','0000-00-00 00:00:00','\n','\n',1),(1530,'Trei Nhoar','4','1','17','6','15','\n','0000-00-00 00:00:00','0000-00-00 00:00:00','\n','\n',1),(1531,'Yeang','4','1','17','6','16','\n','0000-00-00 00:00:00','0000-00-00 00:00:00','\n','\n',1),(1532,'Ampil','4','1','17','7','1','\n','0000-00-00 00:00:00','0000-00-00 00:00:00','\n','\n',1),(1533,'Bakong','4','1','17','7','2','\n','0000-00-00 00:00:00','0000-00-00 00:00:00','\n','\n',1),(1534,'Ballang','4','1','17','7','3','\n','0000-00-00 00:00:00','0000-00-00 00:00:00','\n','\n',1),(1535,'Kampong Phluk','4','1','17','7','4','\n','0000-00-00 00:00:00','0000-00-00 00:00:00','\n','\n',1),(1536,'Kantreang','4','1','17','7','5','\n','0000-00-00 00:00:00','0000-00-00 00:00:00','\n','\n',1),(1537,'Kandaek','4','1','17','7','6','\n','0000-00-00 00:00:00','0000-00-00 00:00:00','\n','\n',1),(1538,'Mean Chey','4','1','17','7','7','\n','0000-00-00 00:00:00','0000-00-00 00:00:00','\n','\n',1),(1539,'Roluos','4','1','17','7','8','\n','0000-00-00 00:00:00','0000-00-00 00:00:00','\n','\n',1),(1540,'Trapeang Thum','4','1','17','7','9','\n','0000-00-00 00:00:00','0000-00-00 00:00:00','\n','\n',1),(1541,'Sla Kram','4','1','17','8','1','\n','0000-00-00 00:00:00','0000-00-00 00:00:00','\n','\n',1),(1542,'Svay Dangkum','4','1','17','8','2','\n','0000-00-00 00:00:00','0000-00-00 00:00:00','\n','\n',1),(1543,'Kouk Chak','4','1','17','8','3','\n','0000-00-00 00:00:00','0000-00-00 00:00:00','\n','\n',1),(1544,'Sala Kamraeuk','4','1','17','8','4','\n','0000-00-00 00:00:00','0000-00-00 00:00:00','\n','\n',1),(1545,'Nokor Thum','4','1','17','8','5','\n','0000-00-00 00:00:00','0000-00-00 00:00:00','\n','\n',1),(1546,'Chreav','4','1','17','8','6','\n','0000-00-00 00:00:00','0000-00-00 00:00:00','\n','\n',1),(1547,'Chong Khnies','4','1','17','8','7','\n','0000-00-00 00:00:00','0000-00-00 00:00:00','\n','\n',1),(1548,'Sambour','4','1','17','8','8','\n','0000-00-00 00:00:00','0000-00-00 00:00:00','\n','\n',1),(1549,'Siem Reap','4','1','17','8','9','\n','0000-00-00 00:00:00','0000-00-00 00:00:00','\n','\n',1),(1550,'Srangae','4','1','17','8','10','\n','0000-00-00 00:00:00','0000-00-00 00:00:00','\n','\n',1),(1551,'Chan Sar','4','1','17','9','1','\n','0000-00-00 00:00:00','0000-00-00 00:00:00','\n','\n',1),(1552,'Dam Daek','4','1','17','9','2','\n','0000-00-00 00:00:00','0000-00-00 00:00:00','\n','\n',1),(1553,'Dan Run','4','1','17','9','3','\n','0000-00-00 00:00:00','0000-00-00 00:00:00','\n','\n',1),(1554,'Kampong Khleang','4','1','17','9','4','\n','0000-00-00 00:00:00','0000-00-00 00:00:00','\n','\n',1),(1555,'Kien Sangkae','4','1','17','9','5','\n','0000-00-00 00:00:00','0000-00-00 00:00:00','\n','\n',1),(1556,'Khchas','4','1','17','9','6','\n','0000-00-00 00:00:00','0000-00-00 00:00:00','\n','\n',1),(1557,'Khnar Pou','4','1','17','9','7','\n','0000-00-00 00:00:00','0000-00-00 00:00:00','\n','\n',1),(1558,'Popel','4','1','17','9','8','\n','0000-00-00 00:00:00','0000-00-00 00:00:00','\n','\n',1),(1559,'Samraong','4','1','17','9','9','\n','0000-00-00 00:00:00','0000-00-00 00:00:00','\n','\n',1),(1560,'Ta Yaek','4','1','17','9','10','\n','0000-00-00 00:00:00','0000-00-00 00:00:00','\n','\n',1),(1561,'Chrouy Neang Nguon','4','1','17','10','1','\n','0000-00-00 00:00:00','0000-00-00 00:00:00','\n','\n',1),(1562,'Klang Hay','4','1','17','10','2','\n','0000-00-00 00:00:00','0000-00-00 00:00:00','\n','\n',1),(1563,'Tram Sasar','4','1','17','10','3','\n','0000-00-00 00:00:00','0000-00-00 00:00:00','\n','\n',1),(1564,'Moung','4','1','17','10','4','\n','0000-00-00 00:00:00','0000-00-00 00:00:00','\n','\n',1),(1565,'Prei','4','1','17','10','5','\n','0000-00-00 00:00:00','0000-00-00 00:00:00','\n','\n',1),(1566,'Slaeng Spean','4','1','17','10','6','\n','0000-00-00 00:00:00','0000-00-00 00:00:00','\n','\n',1),(1567,'Boeng Mealea','4','1','17','11','1','\n','0000-00-00 00:00:00','0000-00-00 00:00:00','\n','\n',1),(1568,'Kantuot','4','1','17','11','2','\n','0000-00-00 00:00:00','0000-00-00 00:00:00','\n','\n',1),(1569,'Khnang  Phnum','4','1','17','11','3','\n','0000-00-00 00:00:00','0000-00-00 00:00:00','\n','\n',1),(1570,'Svay Leu','4','1','17','11','4','\n','0000-00-00 00:00:00','0000-00-00 00:00:00','\n','\n',1),(1571,'Ta Siem','4','1','17','11','5','\n','0000-00-00 00:00:00','0000-00-00 00:00:00','\n','\n',1),(1572,'Prasat','4','1','17','12','1','\n','0000-00-00 00:00:00','0000-00-00 00:00:00','\n','\n',1),(1573,'Lvea Krang','4','1','17','12','2','\n','0000-00-00 00:00:00','0000-00-00 00:00:00','\n','\n',1),(1574,'Srae Nouy','4','1','17','12','3','\n','0000-00-00 00:00:00','0000-00-00 00:00:00','\n','\n',1),(1575,'Svay Sa','4','1','17','12','4','\n','0000-00-00 00:00:00','0000-00-00 00:00:00','\n','\n',1),(1576,'Varin','4','1','17','12','5','\n','0000-00-00 00:00:00','0000-00-00 00:00:00','\n','\n',1),(1577,'Sangkat Muoy','4','1','18','1','1','\n','0000-00-00 00:00:00','0000-00-00 00:00:00','\n','\n',1),(1578,'Sangkat Pir','4','1','18','1','2','\n','0000-00-00 00:00:00','0000-00-00 00:00:00','\n','\n',1),(1579,'Sangkat Bei','4','1','18','1','3','\n','0000-00-00 00:00:00','0000-00-00 00:00:00','\n','\n',1),(1580,'Sangkat Buon','4','1','18','1','4','\n','0000-00-00 00:00:00','0000-00-00 00:00:00','\n','\n',1),(1581,'Kaoh Rung','4','1','18','1','5','\n','0000-00-00 00:00:00','0000-00-00 00:00:00','\n','\n',1),(1582,'Andoung Thma','4','1','18','2','1','\n','0000-00-00 00:00:00','0000-00-00 00:00:00','\n','\n',1),(1583,'Boeng Ta Prum','4','1','18','2','2','\n','0000-00-00 00:00:00','0000-00-00 00:00:00','\n','\n',1),(1584,'Bet Trang','4','1','18','2','3','\n','0000-00-00 00:00:00','0000-00-00 00:00:00','\n','\n',1),(1585,'Cheung Kou','4','1','18','2','4','\n','0000-00-00 00:00:00','0000-00-00 00:00:00','\n','\n',1),(1586,'Ou Chrov','4','1','18','2','5','\n','0000-00-00 00:00:00','0000-00-00 00:00:00','\n','\n',1),(1587,'Ou Oknha Heng','4','1','18','2','6','\n','0000-00-00 00:00:00','0000-00-00 00:00:00','\n','\n',1),(1588,'Prey Nob','4','1','18','2','7','\n','0000-00-00 00:00:00','0000-00-00 00:00:00','\n','\n',1),(1589,'Ream','4','1','18','2','8','\n','0000-00-00 00:00:00','0000-00-00 00:00:00','\n','\n',1),(1590,'Sameakki','4','1','18','2','9','\n','0000-00-00 00:00:00','0000-00-00 00:00:00','\n','\n',1),(1591,'Samrong','4','1','18','2','10','\n','0000-00-00 00:00:00','0000-00-00 00:00:00','\n','\n',1),(1592,'Tuek Lak','4','1','18','2','11','\n','0000-00-00 00:00:00','0000-00-00 00:00:00','\n','\n',1),(1593,'Tuek Thla','4','1','18','2','12','\n','0000-00-00 00:00:00','0000-00-00 00:00:00','\n','\n',1),(1594,'Tuol Toetueng','4','1','18','2','13','\n','0000-00-00 00:00:00','0000-00-00 00:00:00','\n','\n',1),(1595,'Veal Renh','4','1','18','2','14','\n','0000-00-00 00:00:00','0000-00-00 00:00:00','\n','\n',1),(1596,'Kampenh','4','1','18','3','1','\n','0000-00-00 00:00:00','0000-00-00 00:00:00','\n','\n',1),(1597,'Ou Treh','4','1','18','3','2','\n','0000-00-00 00:00:00','0000-00-00 00:00:00','\n','\n',1),(1598,'Tumnob Rolok','4','1','18','3','3','\n','0000-00-00 00:00:00','0000-00-00 00:00:00','\n','\n',1),(1599,'Kampun','4','1','19','1','1','\n','0000-00-00 00:00:00','0000-00-00 00:00:00','\n','\n',1),(1600,'Kbal Romeas','4','1','19','1','2','\n','0000-00-00 00:00:00','0000-00-00 00:00:00','\n','\n',1),(1601,'Phluk','4','1','19','1','3','\n','0000-00-00 00:00:00','0000-00-00 00:00:00','\n','\n',1),(1602,'Samkhuoy','4','1','19','1','4','\n','0000-00-00 00:00:00','0000-00-00 00:00:00','\n','\n',1),(1603,'Sdau','4','1','19','1','5','\n','0000-00-00 00:00:00','0000-00-00 00:00:00','\n','\n',1),(1604,'Srae Kor','4','1','19','1','6','\n','0000-00-00 00:00:00','0000-00-00 00:00:00','\n','\n',1),(1605,'Ta Lat','4','1','19','1','7','\n','0000-00-00 00:00:00','0000-00-00 00:00:00','\n','\n',1),(1606,'Kaoh Preah','4','1','19','2','1','\n','0000-00-00 00:00:00','0000-00-00 00:00:00','\n','\n',1),(1607,'Kaoh Sampeay','4','1','19','2','2','\n','0000-00-00 00:00:00','0000-00-00 00:00:00','\n','\n',1),(1608,'Kaoh Sralay','4','1','19','2','3','\n','0000-00-00 00:00:00','0000-00-00 00:00:00','\n','\n',1),(1609,'Ou Mreah','4','1','19','2','4','\n','0000-00-00 00:00:00','0000-00-00 00:00:00','\n','\n',1),(1610,'Ou Ruessei Kandal','4','1','19','2','5','\n','0000-00-00 00:00:00','0000-00-00 00:00:00','\n','\n',1),(1611,'Siem Bouk','4','1','19','2','6','\n','0000-00-00 00:00:00','0000-00-00 00:00:00','\n','\n',1),(1612,'Srae Krasang','4','1','19','2','7','\n','0000-00-00 00:00:00','0000-00-00 00:00:00','\n','\n',1),(1613,'Preaek Meas','4','1','19','3','1','\n','0000-00-00 00:00:00','0000-00-00 00:00:00','\n','\n',1),(1614,'Sekong','4','1','19','3','2','\n','0000-00-00 00:00:00','0000-00-00 00:00:00','\n','\n',1),(1615,'Santepheap','4','1','19','3','3','\n','0000-00-00 00:00:00','0000-00-00 00:00:00','\n','\n',1),(1616,'Srae Sambour','4','1','19','3','4','\n','0000-00-00 00:00:00','0000-00-00 00:00:00','\n','\n',1),(1617,'Thma Kaev','4','1','19','3','5','\n','0000-00-00 00:00:00','0000-00-00 00:00:00','\n','\n',1),(1618,'Stueng Traeng','4','1','19','4','1','\n','0000-00-00 00:00:00','0000-00-00 00:00:00','\n','\n',1),(1619,'Srah Ruessei','4','1','19','4','2','\n','0000-00-00 00:00:00','0000-00-00 00:00:00','\n','\n',1),(1620,'Preah Bat','4','1','19','4','3','\n','0000-00-00 00:00:00','0000-00-00 00:00:00','\n','\n',1),(1621,'Sameakki','4','1','19','4','4','\n','0000-00-00 00:00:00','0000-00-00 00:00:00','\n','\n',1),(1622,'Anlong Phe','4','1','19','5','1','\n','0000-00-00 00:00:00','0000-00-00 00:00:00','\n','\n',1),(1623,'Chamkar Leu','4','1','19','5','2','\n','0000-00-00 00:00:00','0000-00-00 00:00:00','\n','\n',1),(1624,'Kang Cham','4','1','19','5','3','\n','0000-00-00 00:00:00','0000-00-00 00:00:00','\n','\n',1),(1625,'Kaoh Snaeng','4','1','19','5','4','\n','0000-00-00 00:00:00','0000-00-00 00:00:00','\n','\n',1),(1626,'Anlong Chrey','4','1','19','5','5','\n','0000-00-00 00:00:00','0000-00-00 00:00:00','\n','\n',1),(1627,'Ou Rey','4','1','19','5','6','\n','0000-00-00 00:00:00','0000-00-00 00:00:00','\n','\n',1),(1628,'Ou Svay','4','1','19','5','7','\n','0000-00-00 00:00:00','0000-00-00 00:00:00','\n','\n',1),(1629,'Preah Rumkel','4','1','19','5','8','\n','0000-00-00 00:00:00','0000-00-00 00:00:00','\n','\n',1),(1630,'Samang','4','1','19','5','9','\n','0000-00-00 00:00:00','0000-00-00 00:00:00','\n','\n',1),(1631,'Srae Ruessei','4','1','19','5','10','\n','0000-00-00 00:00:00','0000-00-00 00:00:00','\n','\n',1),(1632,'Thala Barivat','4','1','19','5','11','\n','0000-00-00 00:00:00','0000-00-00 00:00:00','\n','\n',1),(1633,'Bati','4','1','20','1','1','\n','0000-00-00 00:00:00','0000-00-00 00:00:00','\n','\n',1),(1634,'Bavet','4','1','20','1','2','\n','0000-00-00 00:00:00','0000-00-00 00:00:00','\n','\n',1),(1635,'Chantrea','4','1','20','1','3','\n','0000-00-00 00:00:00','0000-00-00 00:00:00','\n','\n',1),(1636,'Chres','4','1','20','1','4','\n','0000-00-00 00:00:00','0000-00-00 00:00:00','\n','\n',1),(1637,'Me Sa Thngak','4','1','20','1','5','\n','0000-00-00 00:00:00','0000-00-00 00:00:00','\n','\n',1),(1638,'Prasat','4','1','20','1','6','\n','0000-00-00 00:00:00','0000-00-00 00:00:00','\n','\n',1),(1639,'Prey Angkunh','4','1','20','1','7','\n','0000-00-00 00:00:00','0000-00-00 00:00:00','\n','\n',1),(1640,'Prey Kokir','4','1','20','1','8','\n','0000-00-00 00:00:00','0000-00-00 00:00:00','\n','\n',1),(1641,'Samraong','4','1','20','1','9','\n','0000-00-00 00:00:00','0000-00-00 00:00:00','\n','\n',1),(1642,'Tuol Sdei','4','1','20','1','10','\n','0000-00-00 00:00:00','0000-00-00 00:00:00','\n','\n',1),(1643,'Banteay Krang','4','1','20','2','1','\n','0000-00-00 00:00:00','0000-00-00 00:00:00','\n','\n',1),(1644,'Nhor','4','1','20','2','2','\n','0000-00-00 00:00:00','0000-00-00 00:00:00','\n','\n',1),(1645,'Ksetr','4','1','20','2','3','\n','0000-00-00 00:00:00','0000-00-00 00:00:00','\n','\n',1),(1646,'Preah Ponlea','4','1','20','2','4','\n','0000-00-00 00:00:00','0000-00-00 00:00:00','\n','\n',1),(1647,'Prey Thum','4','1','20','2','5','\n','0000-00-00 00:00:00','0000-00-00 00:00:00','\n','\n',1),(1648,'Reach Montir','4','1','20','2','6','\n','0000-00-00 00:00:00','0000-00-00 00:00:00','\n','\n',1),(1649,'Samlei','4','1','20','2','7','\n','0000-00-00 00:00:00','0000-00-00 00:00:00','\n','\n',1),(1650,'Samyaong','4','1','20','2','8','\n','0000-00-00 00:00:00','0000-00-00 00:00:00','\n','\n',1),(1651,'Svay Ta Yean','4','1','20','2','9','\n','0000-00-00 00:00:00','0000-00-00 00:00:00','\n','\n',1),(1652,'Svay Toea','4','1','20','2','10','\n','0000-00-00 00:00:00','0000-00-00 00:00:00','\n','\n',1),(1653,'Thmei','4','1','20','2','11','\n','0000-00-00 00:00:00','0000-00-00 00:00:00','\n','\n',1),(1654,'Tnaot','4','1','20','2','12','\n','0000-00-00 00:00:00','0000-00-00 00:00:00','\n','\n',1),(1655,'Bos Mon','4','1','20','3','1','\n','0000-00-00 00:00:00','0000-00-00 00:00:00','\n','\n',1),(1656,'Thmea','4','1','20','3','2','\n','0000-00-00 00:00:00','0000-00-00 00:00:00','\n','\n',1),(1657,'Chak','4','1','20','3','3','\n','0000-00-00 00:00:00','0000-00-00 00:00:00','\n','\n',1),(1658,'Chrung Popel','4','1','20','3','4','\n','0000-00-00 00:00:00','0000-00-00 00:00:00','\n','\n',1),(1659,'Kampong Ampil','4','1','20','3','5','\n','0000-00-00 00:00:00','0000-00-00 00:00:00','\n','\n',1),(1660,'Meun Chey','4','1','20','3','6','\n','0000-00-00 00:00:00','0000-00-00 00:00:00','\n','\n',1),(1661,'Pong Tuek','4','1','20','3','7','\n','0000-00-00 00:00:00','0000-00-00 00:00:00','\n','\n',1),(1662,'Sangkae','4','1','20','3','8','\n','0000-00-00 00:00:00','0000-00-00 00:00:00','\n','\n',1),(1663,'Svay Chek','4','1','20','3','9','\n','0000-00-00 00:00:00','0000-00-00 00:00:00','\n','\n',1),(1664,'Thnan Thnong','4','1','20','3','10','\n','0000-00-00 00:00:00','0000-00-00 00:00:00','\n','\n',1),(1665,'Ampil','4','1','20','4','1','\n','0000-00-00 00:00:00','0000-00-00 00:00:00','\n','\n',1),(1666,'Andoung Pou','4','1','20','4','2','\n','0000-00-00 00:00:00','0000-00-00 00:00:00','\n','\n',1),(1667,'Andoung Trabaek','4','1','20','4','3','\n','0000-00-00 00:00:00','0000-00-00 00:00:00','\n','\n',1),(1668,'Angk Prasrae','4','1','20','4','4','\n','0000-00-00 00:00:00','0000-00-00 00:00:00','\n','\n',1),(1669,'Chantrei','4','1','20','4','5','\n','0000-00-00 00:00:00','0000-00-00 00:00:00','\n','\n',1),(1670,'Chrey Thum','4','1','20','4','6','\n','0000-00-00 00:00:00','0000-00-00 00:00:00','\n','\n',1),(1671,'Doung','4','1','20','4','7','\n','0000-00-00 00:00:00','0000-00-00 00:00:00','\n','\n',1),(1672,'Kampong Trach','4','1','20','4','8','\n','0000-00-00 00:00:00','0000-00-00 00:00:00','\n','\n',1),(1673,'Kokir','4','1','20','4','9','\n','0000-00-00 00:00:00','0000-00-00 00:00:00','\n','\n',1),(1674,'Krasang','4','1','20','4','10','\n','0000-00-00 00:00:00','0000-00-00 00:00:00','\n','\n',1),(1675,'Mukh Da','4','1','20','4','11','\n','0000-00-00 00:00:00','0000-00-00 00:00:00','\n','\n',1),(1676,'Mream','4','1','20','4','12','\n','0000-00-00 00:00:00','0000-00-00 00:00:00','\n','\n',1),(1677,'Sambuor','4','1','20','4','13','\n','0000-00-00 00:00:00','0000-00-00 00:00:00','\n','\n',1),(1678,'Sambatt Mean Chey','4','1','20','4','14','\n','0000-00-00 00:00:00','0000-00-00 00:00:00','\n','\n',1),(1679,'Trapeng Sdau','4','1','20','4','15','\n','0000-00-00 00:00:00','0000-00-00 00:00:00','\n','\n',1),(1680,'Tros','4','1','20','4','16','\n','0000-00-00 00:00:00','0000-00-00 00:00:00','\n','\n',1),(1681,'Angk Ta Sou','4','1','20','5','1','\n','0000-00-00 00:00:00','0000-00-00 00:00:00','\n','\n',1),(1682,'Basak','4','1','20','5','2','\n','0000-00-00 00:00:00','0000-00-00 00:00:00','\n','\n',1),(1683,'Chambak','4','1','20','5','3','\n','0000-00-00 00:00:00','0000-00-00 00:00:00','\n','\n',1),(1684,'Chamlang','4','1','20','5','4','\n','0000-00-00 00:00:00','0000-00-00 00:00:00','\n','\n',1),(1685,'Ta Suos','4','1','20','5','5','\n','0000-00-00 00:00:00','0000-00-00 00:00:00','\n','\n',1),(1686,'Chek','4','1','20','5','6','\n','0000-00-00 00:00:00','0000-00-00 00:00:00','\n','\n',1),(1687,'Chheu Teal','4','1','20','5','7','\n','0000-00-00 00:00:00','0000-00-00 00:00:00','\n','\n',1),(1688,'Doun Sa','4','1','20','5','8','\n','0000-00-00 00:00:00','0000-00-00 00:00:00','\n','\n',1),(1689,'Kouk Pring','4','1','20','5','9','\n','0000-00-00 00:00:00','0000-00-00 00:00:00','\n','\n',1),(1690,'Kraol Kou','4','1','20','5','10','\n','0000-00-00 00:00:00','0000-00-00 00:00:00','\n','\n',1),(1691,'Kruos','4','1','20','5','11','\n','0000-00-00 00:00:00','0000-00-00 00:00:00','\n','\n',1),(1692,'Pouthi Reach','4','1','20','5','12','\n','0000-00-00 00:00:00','0000-00-00 00:00:00','\n','\n',1),(1693,'Svay Angk','4','1','20','5','13','\n','0000-00-00 00:00:00','0000-00-00 00:00:00','\n','\n',1),(1694,'Svay Chrum','4','1','20','5','14','\n','0000-00-00 00:00:00','0000-00-00 00:00:00','\n','\n',1),(1695,'Svay Thum','4','1','20','5','15','\n','0000-00-00 00:00:00','0000-00-00 00:00:00','\n','\n',1),(1696,'Svay Yea','4','1','20','5','16','\n','0000-00-00 00:00:00','0000-00-00 00:00:00','\n','\n',1),(1697,'Thlok','4','1','20','5','17','\n','0000-00-00 00:00:00','0000-00-00 00:00:00','\n','\n',1),(1698,'Svay Rieng','4','1','20','6','1','\n','0000-00-00 00:00:00','0000-00-00 00:00:00','\n','\n',1),(1699,'Prey Chhlak','4','1','20','6','2','\n','0000-00-00 00:00:00','0000-00-00 00:00:00','\n','\n',1),(1700,'Koy Tabaek','4','1','20','6','3','\n','0000-00-00 00:00:00','0000-00-00 00:00:00','\n','\n',1),(1701,'Pou Ta Hao','4','1','20','6','4','\n','0000-00-00 00:00:00','0000-00-00 00:00:00','\n','\n',1),(1702,'Chrak Mtes','4','1','20','7','1','\n','0000-00-00 00:00:00','0000-00-00 00:00:00','\n','\n',1),(1703,'Kokir Saom','4','1','20','7','2','\n','0000-00-00 00:00:00','0000-00-00 00:00:00','\n','\n',1),(1704,'Kandieng Reay','4','1','20','7','3','\n','0000-00-00 00:00:00','0000-00-00 00:00:00','\n','\n',1),(1705,'Monourom','4','1','20','7','4','\n','0000-00-00 00:00:00','0000-00-00 00:00:00','\n','\n',1),(1706,'Popeaek','4','1','20','7','5','\n','0000-00-00 00:00:00','0000-00-00 00:00:00','\n','\n',1),(1707,'Prey Ta Ei','4','1','20','7','6','\n','0000-00-00 00:00:00','0000-00-00 00:00:00','\n','\n',1),(1708,'Prasout','4','1','20','7','7','\n','0000-00-00 00:00:00','0000-00-00 00:00:00','\n','\n',1),(1709,'Romeang Thkaol','4','1','20','7','8','\n','0000-00-00 00:00:00','0000-00-00 00:00:00','\n','\n',1),(1710,'Sambuor','4','1','20','7','9','\n','0000-00-00 00:00:00','0000-00-00 00:00:00','\n','\n',1),(1711,'Sangkhoar','4','1','20','7','10','\n','0000-00-00 00:00:00','0000-00-00 00:00:00','\n','\n',1),(1712,'Svay Rompea','4','1','20','7','11','\n','0000-00-00 00:00:00','0000-00-00 00:00:00','\n','\n',1),(1713,'Angkor Borei','4','1','21','1','1','\n','0000-00-00 00:00:00','0000-00-00 00:00:00','\n','\n',1),(1714,'Ba Srae','4','1','21','1','2','\n','0000-00-00 00:00:00','0000-00-00 00:00:00','\n','\n',1),(1715,'Kouk Thlok','4','1','21','1','3','\n','0000-00-00 00:00:00','0000-00-00 00:00:00','\n','\n',1),(1716,'Ponley','4','1','21','1','4','\n','0000-00-00 00:00:00','0000-00-00 00:00:00','\n','\n',1),(1717,'Preaek Phtoul','4','1','21','1','5','\n','0000-00-00 00:00:00','0000-00-00 00:00:00','\n','\n',1),(1718,'Prey Phkoam','4','1','21','1','6','\n','0000-00-00 00:00:00','0000-00-00 00:00:00','\n','\n',1),(1719,'Chambak','4','1','21','2','1','\n','0000-00-00 00:00:00','0000-00-00 00:00:00','\n','\n',1),(1720,'Champei','4','1','21','2','2','\n','0000-00-00 00:00:00','0000-00-00 00:00:00','\n','\n',1),(1721,'Doung','4','1','21','2','3','\n','0000-00-00 00:00:00','0000-00-00 00:00:00','\n','\n',1),(1722,'Kandoeng','4','1','21','2','4','\n','0000-00-00 00:00:00','0000-00-00 00:00:00','\n','\n',1),(1723,'Komar Reachea','4','1','21','2','5','\n','0000-00-00 00:00:00','0000-00-00 00:00:00','\n','\n',1),(1724,'Krang Leav','4','1','21','2','6','\n','0000-00-00 00:00:00','0000-00-00 00:00:00','\n','\n',1),(1725,'Krang Thnong','4','1','21','2','7','\n','0000-00-00 00:00:00','0000-00-00 00:00:00','\n','\n',1),(1726,'Lumpong','4','1','21','2','8','\n','0000-00-00 00:00:00','0000-00-00 00:00:00','\n','\n',1),(1727,'Pea Ream','4','1','21','2','9','\n','0000-00-00 00:00:00','0000-00-00 00:00:00','\n','\n',1),(1728,'Pot Sar','4','1','21','2','10','\n','0000-00-00 00:00:00','0000-00-00 00:00:00','\n','\n',1),(1729,'Souphy','4','1','21','2','11','\n','0000-00-00 00:00:00','0000-00-00 00:00:00','\n','\n',1),(1730,'Tang Doung','4','1','21','2','12','\n','0000-00-00 00:00:00','0000-00-00 00:00:00','\n','\n',1),(1731,'Tnaot','4','1','21','2','13','\n','0000-00-00 00:00:00','0000-00-00 00:00:00','\n','\n',1),(1732,'Trapeang Krasang','4','1','21','2','14','\n','0000-00-00 00:00:00','0000-00-00 00:00:00','\n','\n',1),(1733,'Trapeang Sab','4','1','21','2','15','\n','0000-00-00 00:00:00','0000-00-00 00:00:00','\n','\n',1),(1734,'Bourei Cholsar','4','1','21','3','1','\n','0000-00-00 00:00:00','0000-00-00 00:00:00','\n','\n',1),(1735,'Chey Chouk','4','1','21','3','2','\n','0000-00-00 00:00:00','0000-00-00 00:00:00','\n','\n',1),(1736,'Doung Khpos','4','1','21','3','3','\n','0000-00-00 00:00:00','0000-00-00 00:00:00','\n','\n',1),(1737,'Kampong Krasang','4','1','21','3','4','\n','0000-00-00 00:00:00','0000-00-00 00:00:00','\n','\n',1),(1738,'Kouk Pou','4','1','21','3','5','\n','0000-00-00 00:00:00','0000-00-00 00:00:00','\n','\n',1),(1739,'Angk Prasat','4','1','21','4','1','\n','0000-00-00 00:00:00','0000-00-00 00:00:00','\n','\n',1),(1740,'Preah Bat Choan Chum','4','1','21','4','2','\n','0000-00-00 00:00:00','0000-00-00 00:00:00','\n','\n',1),(1741,'Kamnab','4','1','21','4','3','\n','0000-00-00 00:00:00','0000-00-00 00:00:00','\n','\n',1),(1742,'Kampeaeng','4','1','21','4','4','\n','0000-00-00 00:00:00','0000-00-00 00:00:00','\n','\n',1),(1743,'Kiri Chong Kaoh','4','1','21','4','5','\n','0000-00-00 00:00:00','0000-00-00 00:00:00','\n','\n',1),(1744,'Kouk Prech','4','1','21','4','6','\n','0000-00-00 00:00:00','0000-00-00 00:00:00','\n','\n',1),(1745,'Phnum Den','4','1','21','4','7','\n','0000-00-00 00:00:00','0000-00-00 00:00:00','\n','\n',1),(1746,'Prey Ampok','4','1','21','4','8','\n','0000-00-00 00:00:00','0000-00-00 00:00:00','\n','\n',1),(1747,'Prey Rumdeng','4','1','21','4','9','\n','0000-00-00 00:00:00','0000-00-00 00:00:00','\n','\n',1),(1748,'Ream Andaeuk','4','1','21','4','10','\n','0000-00-00 00:00:00','0000-00-00 00:00:00','\n','\n',1),(1749,'Saom','4','1','21','4','11','\n','0000-00-00 00:00:00','0000-00-00 00:00:00','\n','\n',1),(1750,'Ta Ou','4','1','21','4','12','\n','0000-00-00 00:00:00','0000-00-00 00:00:00','\n','\n',1),(1751,'Krapum Chhuk','4','1','21','5','1','\n','0000-00-00 00:00:00','0000-00-00 00:00:00','\n','\n',1),(1752,'Pech Sar','4','1','21','5','2','\n','0000-00-00 00:00:00','0000-00-00 00:00:00','\n','\n',1),(1753,'Prey Khla','4','1','21','5','3','\n','0000-00-00 00:00:00','0000-00-00 00:00:00','\n','\n',1),(1754,'Prey Yuthka','4','1','21','5','4','\n','0000-00-00 00:00:00','0000-00-00 00:00:00','\n','\n',1),(1755,'Romenh','4','1','21','5','5','\n','0000-00-00 00:00:00','0000-00-00 00:00:00','\n','\n',1),(1756,'Thlea Prachum','4','1','21','5','6','\n','0000-00-00 00:00:00','0000-00-00 00:00:00','\n','\n',1),(1757,'Angkanh','4','1','21','6','1','\n','0000-00-00 00:00:00','0000-00-00 00:00:00','\n','\n',1),(1758,'Ban Kam','4','1','21','6','2','\n','0000-00-00 00:00:00','0000-00-00 00:00:00','\n','\n',1),(1759,'Champa','4','1','21','6','3','\n','0000-00-00 00:00:00','0000-00-00 00:00:00','\n','\n',1),(1760,'Char','4','1','21','6','4','\n','0000-00-00 00:00:00','0000-00-00 00:00:00','\n','\n',1),(1761,'Kampeaeng','4','1','21','6','5','\n','0000-00-00 00:00:00','0000-00-00 00:00:00','\n','\n',1),(1762,'Kampong Reab','4','1','21','6','6','\n','0000-00-00 00:00:00','0000-00-00 00:00:00','\n','\n',1),(1763,'Kdanh','4','1','21','6','7','\n','0000-00-00 00:00:00','0000-00-00 00:00:00','\n','\n',1),(1764,'Pou Romchak','4','1','21','6','8','\n','0000-00-00 00:00:00','0000-00-00 00:00:00','\n','\n',1),(1765,'Prey Kabbas','4','1','21','6','9','\n','0000-00-00 00:00:00','0000-00-00 00:00:00','\n','\n',1),(1766,'Prey Lvea','4','1','21','6','10','\n','0000-00-00 00:00:00','0000-00-00 00:00:00','\n','\n',1),(1767,'Prey Phdau','4','1','21','6','11','\n','0000-00-00 00:00:00','0000-00-00 00:00:00','\n','\n',1),(1768,'Snao','4','1','21','6','12','\n','0000-00-00 00:00:00','0000-00-00 00:00:00','\n','\n',1),(1769,'Tang Yab','4','1','21','6','13','\n','0000-00-00 00:00:00','0000-00-00 00:00:00','\n','\n',1),(1770,'Boeng Tranh Khang Cheung','4','1','21','7','1','\n','0000-00-00 00:00:00','0000-00-00 00:00:00','\n','\n',1),(1771,'Boeng Tranh Khang Tboung','4','1','21','7','2','\n','0000-00-00 00:00:00','0000-00-00 00:00:00','\n','\n',1),(1772,'Cheung Kuon','4','1','21','7','3','\n','0000-00-00 00:00:00','0000-00-00 00:00:00','\n','\n',1),(1773,'Chumreah Pen','4','1','21','7','4','\n','0000-00-00 00:00:00','0000-00-00 00:00:00','\n','\n',1),(1774,'Khvav','4','1','21','7','5','\n','0000-00-00 00:00:00','0000-00-00 00:00:00','\n','\n',1),(1775,'Lumchang','4','1','21','7','6','\n','0000-00-00 00:00:00','0000-00-00 00:00:00','\n','\n',1),(1776,'Rovieng','4','1','21','7','7','\n','0000-00-00 00:00:00','0000-00-00 00:00:00','\n','\n',1),(1777,'Samraong','4','1','21','7','8','\n','0000-00-00 00:00:00','0000-00-00 00:00:00','\n','\n',1),(1778,'Soeng','4','1','21','7','9','\n','0000-00-00 00:00:00','0000-00-00 00:00:00','\n','\n',1),(1779,'Sla','4','1','21','7','10','\n','0000-00-00 00:00:00','0000-00-00 00:00:00','\n','\n',1),(1780,'Trea','4','1','21','7','11','\n','0000-00-00 00:00:00','0000-00-00 00:00:00','\n','\n',1),(1781,'Baray','4','1','21','8','1','\n','0000-00-00 00:00:00','0000-00-00 00:00:00','\n','\n',1),(1782,'Roka Knong','4','1','21','8','2','\n','0000-00-00 00:00:00','0000-00-00 00:00:00','\n','\n',1),(1783,'Roka Krau','4','1','21','8','3','\n','0000-00-00 00:00:00','0000-00-00 00:00:00','\n','\n',1),(1784,'Angk Ta Saom','4','1','21','9','1','\n','0000-00-00 00:00:00','0000-00-00 00:00:00','\n','\n',1),(1785,'Cheang Tong','4','1','21','9','2','\n','0000-00-00 00:00:00','0000-00-00 00:00:00','\n','\n',1),(1786,'Kus','4','1','21','9','3','\n','0000-00-00 00:00:00','0000-00-00 00:00:00','\n','\n',1),(1787,'Leay Bour','4','1','21','9','4','\n','0000-00-00 00:00:00','0000-00-00 00:00:00','\n','\n',1),(1788,'Nhaeng Nhang','4','1','21','9','5','\n','0000-00-00 00:00:00','0000-00-00 00:00:00','\n','\n',1),(1789,'Ou Saray','4','1','21','9','6','\n','0000-00-00 00:00:00','0000-00-00 00:00:00','\n','\n',1),(1790,'Trapeang Kranhung','4','1','21','9','7','\n','0000-00-00 00:00:00','0000-00-00 00:00:00','\n','\n',1),(1791,'Otdam Souriya','4','1','21','9','8','\n','0000-00-00 00:00:00','0000-00-00 00:00:00','\n','\n',1),(1792,'Popel','4','1','21','9','9','\n','0000-00-00 00:00:00','0000-00-00 00:00:00','\n','\n',1),(1793,'Samraong','4','1','21','9','10','\n','0000-00-00 00:00:00','0000-00-00 00:00:00','\n','\n',1),(1794,'Srae Ronoung','4','1','21','9','11','\n','0000-00-00 00:00:00','0000-00-00 00:00:00','\n','\n',1),(1795,'Ta Phem','4','1','21','9','12','\n','0000-00-00 00:00:00','0000-00-00 00:00:00','\n','\n',1),(1796,'Tram Kak','4','1','21','9','13','\n','0000-00-00 00:00:00','0000-00-00 00:00:00','\n','\n',1),(1797,'Trapeang Thum Khang Cheung','4','1','21','9','14','\n','0000-00-00 00:00:00','0000-00-00 00:00:00','\n','\n',1),(1798,'Trapeang Thum Khang Tboung','4','1','21','9','15','\n','0000-00-00 00:00:00','0000-00-00 00:00:00','\n','\n',1),(1799,'Angkanh','4','1','21','10','1','\n','0000-00-00 00:00:00','0000-00-00 00:00:00','\n','\n',1),(1800,'Angk Khnaor','4','1','21','10','2','\n','0000-00-00 00:00:00','0000-00-00 00:00:00','\n','\n',1),(1801,'Chi Khmar','4','1','21','10','3','\n','0000-00-00 00:00:00','0000-00-00 00:00:00','\n','\n',1),(1802,'Khvav','4','1','21','10','4','\n','0000-00-00 00:00:00','0000-00-00 00:00:00','\n','\n',1),(1803,'Prambei Mom','4','1','21','10','5','\n','0000-00-00 00:00:00','0000-00-00 00:00:00','\n','\n',1),(1804,'Angkeov','4','1','21','10','6','\n','0000-00-00 00:00:00','0000-00-00 00:00:00','\n','\n',1),(1805,'Prey Sloek','4','1','21','10','7','\n','0000-00-00 00:00:00','0000-00-00 00:00:00','\n','\n',1),(1806,'Roneam','4','1','21','10','8','\n','0000-00-00 00:00:00','0000-00-00 00:00:00','\n','\n',1),(1807,'Sambuor','4','1','21','10','9','\n','0000-00-00 00:00:00','0000-00-00 00:00:00','\n','\n',1),(1808,'Sanlung','4','1','21','10','10','\n','0000-00-00 00:00:00','0000-00-00 00:00:00','\n','\n',1),(1809,'Smaong','4','1','21','10','11','\n','0000-00-00 00:00:00','0000-00-00 00:00:00','\n','\n',1),(1810,'Srangae','4','1','21','10','12','\n','0000-00-00 00:00:00','0000-00-00 00:00:00','\n','\n',1),(1811,'Thlok','4','1','21','10','13','\n','0000-00-00 00:00:00','0000-00-00 00:00:00','\n','\n',1),(1812,'Tralach','4','1','21','10','14','\n','0000-00-00 00:00:00','0000-00-00 00:00:00','\n','\n',1),(1813,'Ampil','4','1','22','1','1','\n','0000-00-00 00:00:00','0000-00-00 00:00:00','\n','\n',1),(1814,'Beng','4','1','22','1','2','\n','0000-00-00 00:00:00','0000-00-00 00:00:00','\n','\n',1),(1815,'Kouk Khpos','4','1','22','1','3','\n','0000-00-00 00:00:00','0000-00-00 00:00:00','\n','\n',1),(1816,'Kouk Mon','4','1','22','1','4','\n','0000-00-00 00:00:00','0000-00-00 00:00:00','\n','\n',1),(1817,'Cheung Tien','4','1','22','2','1','\n','0000-00-00 00:00:00','0000-00-00 00:00:00','\n','\n',1),(1818,'Chong Kal','4','1','22','2','2','\n','0000-00-00 00:00:00','0000-00-00 00:00:00','\n','\n',1),(1819,'Krasang','4','1','22','2','3','\n','0000-00-00 00:00:00','0000-00-00 00:00:00','\n','\n',1),(1820,'Pongro','4','1','22','2','4','\n','0000-00-00 00:00:00','0000-00-00 00:00:00','\n','\n',1),(1821,'Bos Sbov','4','1','22','3','1','\n','0000-00-00 00:00:00','0000-00-00 00:00:00','\n','\n',1),(1822,'Koun Kreal','4','1','22','3','2','\n','0000-00-00 00:00:00','0000-00-00 00:00:00','\n','\n',1),(1823,'Samraong','4','1','22','3','3','\n','0000-00-00 00:00:00','0000-00-00 00:00:00','\n','\n',1),(1824,'Bansay Reak','4','1','22','3','4','\n','0000-00-00 00:00:00','0000-00-00 00:00:00','\n','\n',1),(1825,'Ou Smach','4','1','22','3','5','\n','0000-00-00 00:00:00','0000-00-00 00:00:00','\n','\n',1),(1826,'Anlong Veang','4','1','22','4','1','\n','0000-00-00 00:00:00','0000-00-00 00:00:00','\n','\n',1),(1827,'Phlat','4','1','22','4','2','\n','0000-00-00 00:00:00','0000-00-00 00:00:00','\n','\n',1),(1828,'Trapeang Prey','4','1','22','4','3','\n','0000-00-00 00:00:00','0000-00-00 00:00:00','\n','\n',1),(1829,'Lumtong','4','1','22','4','4','\n','0000-00-00 00:00:00','0000-00-00 00:00:00','\n','\n',1),(1830,'Trapeang Tav','4','1','22','4','5','\n','0000-00-00 00:00:00','0000-00-00 00:00:00','\n','\n',1),(1831,'Trapeang Prasat','4','1','22','5','1','\n','0000-00-00 00:00:00','0000-00-00 00:00:00','\n','\n',1),(1832,'Bak Anloung','4','1','22','5','2','\n','0000-00-00 00:00:00','0000-00-00 00:00:00','\n','\n',1),(1833,'Ou Svay','4','1','22','5','3','\n','0000-00-00 00:00:00','0000-00-00 00:00:00','\n','\n',1),(1834,'Preah Pralay','4','1','22','5','4','\n','0000-00-00 00:00:00','0000-00-00 00:00:00','\n','\n',1),(1835,'Phaov','4','1','22','5','5','\n','0000-00-00 00:00:00','0000-00-00 00:00:00','\n','\n',1),(1836,'Tumnob Dach','4','1','22','5','6','\n','0000-00-00 00:00:00','0000-00-00 00:00:00','\n','\n',1),(1837,'Angkaol','4','1','23','1','1','\n','0000-00-00 00:00:00','0000-00-00 00:00:00','\n','\n',1),(1838,'Or Krasar','4','1','23','1','2','\n','0000-00-00 00:00:00','0000-00-00 00:00:00','\n','\n',1),(1839,'Pong Tuek','4','1','23','1','3','\n','0000-00-00 00:00:00','0000-00-00 00:00:00','\n','\n',1),(1840,'Kaeb','4','1','23','2','1','\n','0000-00-00 00:00:00','0000-00-00 00:00:00','\n','\n',1),(1841,'Prey Thom','4','1','23','2','2','\n','0000-00-00 00:00:00','0000-00-00 00:00:00','\n','\n',1),(1842,'Pailin','4','1','24','1','1','\n','0000-00-00 00:00:00','0000-00-00 00:00:00','\n','\n',1),(1843,'Ou Ta Vao','4','1','24','1','2','\n','0000-00-00 00:00:00','0000-00-00 00:00:00','\n','\n',1),(1844,'Toul Lvea','4','1','24','1','3','\n','0000-00-00 00:00:00','0000-00-00 00:00:00','\n','\n',1),(1845,'Ba Yakha','4','1','24','1','4','\n','0000-00-00 00:00:00','0000-00-00 00:00:00','\n','\n',1),(1846,'Sala Krau','4','1','24','2','1','\n','0000-00-00 00:00:00','0000-00-00 00:00:00','\n','\n',1),(1847,'Stueng Trang','4','1','24','2','2','\n','0000-00-00 00:00:00','0000-00-00 00:00:00','\n','\n',1),(1848,'Stueng Kach','4','1','24','2','3','\n','0000-00-00 00:00:00','0000-00-00 00:00:00','\n','\n',1),(1849,'Ou Andoung','4','1','24','2','4','\n','0000-00-00 00:00:00','0000-00-00 00:00:00','\n','\n',1),(1850,'Chrang chomres 1','4','1','12','7','11','\n','0000-00-00 00:00:00','0000-00-00 00:00:00','\n','\n',1),(1851,'Chrang chomres 2','4','1','12','7','12','\n','0000-00-00 00:00:00','0000-00-00 00:00:00','\n','\n',1),(1853,'Chamka Samroung','4','1','2','2','16','\n','0000-00-00 00:00:00','0000-00-00 00:00:00','\n','\n',1),(1854,'Poi Pet','2','1','25','0','0','\n','0000-00-00 00:00:00','0000-00-00 00:00:00','\n','\n',1),(1855,'Balylay','3','1','25','1','0','\n','0000-00-00 00:00:00','0000-00-00 00:00:00','\n','\n',1),(1856,'Prey Pring','4','1','12','5','16','\n','0000-00-00 00:00:00','0000-00-00 00:00:00','\n','\n',1),(1857,'unspecified','1','242','0','0','0','\n','0000-00-00 00:00:00','0000-00-00 00:00:00','\n','\n',1),(1858,'Afghanistan','1','2','0','0','0','\n','0000-00-00 00:00:00','0000-00-00 00:00:00','\n','\n',1),(1859,'Aland Islands','1','3','0','0','0','\n','0000-00-00 00:00:00','0000-00-00 00:00:00','\n','\n',1),(1860,'Albania','1','4','0','0','0','\n','0000-00-00 00:00:00','0000-00-00 00:00:00','\n','\n',1),(1861,'Algeria','1','5','0','0','0','\n','0000-00-00 00:00:00','0000-00-00 00:00:00','\n','\n',1),(1862,'American Samoa','1','6','0','0','0','\n','0000-00-00 00:00:00','0000-00-00 00:00:00','\n','\n',1),(1863,'Andorra','1','7','0','0','0','\n','0000-00-00 00:00:00','0000-00-00 00:00:00','\n','\n',1),(1864,'Angola','1','8','0','0','0','\n','0000-00-00 00:00:00','0000-00-00 00:00:00','\n','\n',1),(1865,'Anguilla','1','9','0','0','0','\n','0000-00-00 00:00:00','0000-00-00 00:00:00','\n','\n',1),(1866,'Antarctica','1','10','0','0','0','\n','0000-00-00 00:00:00','0000-00-00 00:00:00','\n','\n',1),(1867,'Antigua and Barbuda','1','11','0','0','0','\n','0000-00-00 00:00:00','0000-00-00 00:00:00','\n','\n',1),(1868,'Argentina','1','12','0','0','0','\n','0000-00-00 00:00:00','0000-00-00 00:00:00','\n','\n',1),(1869,'Armenia','1','13','0','0','0','\n','0000-00-00 00:00:00','0000-00-00 00:00:00','\n','\n',1),(1870,'Aruba','1','14','0','0','0','\n','0000-00-00 00:00:00','0000-00-00 00:00:00','\n','\n',1),(1871,'Australia','1','15','0','0','0','\n','0000-00-00 00:00:00','0000-00-00 00:00:00','\n','\n',1),(1872,'Austria','1','16','0','0','0','\n','0000-00-00 00:00:00','0000-00-00 00:00:00','\n','\n',1),(1873,'Azerbaijan','1','17','0','0','0','\n','0000-00-00 00:00:00','0000-00-00 00:00:00','\n','\n',1),(1874,'Bahamas','1','18','0','0','0','\n','0000-00-00 00:00:00','0000-00-00 00:00:00','\n','\n',1),(1875,'Bahrain','1','19','0','0','0','\n','0000-00-00 00:00:00','0000-00-00 00:00:00','\n','\n',1),(1876,'Bangladesh','1','20','0','0','0','\n','0000-00-00 00:00:00','0000-00-00 00:00:00','\n','\n',1),(1877,'Barbados','1','21','0','0','0','\n','0000-00-00 00:00:00','0000-00-00 00:00:00','\n','\n',1),(1878,'Belarus','1','22','0','0','0','\n','0000-00-00 00:00:00','0000-00-00 00:00:00','\n','\n',1),(1879,'Belgium','1','23','0','0','0','\n','0000-00-00 00:00:00','0000-00-00 00:00:00','\n','\n',1),(1880,'Belize','1','24','0','0','0','\n','0000-00-00 00:00:00','0000-00-00 00:00:00','\n','\n',1),(1881,'Benin','1','25','0','0','0','\n','0000-00-00 00:00:00','0000-00-00 00:00:00','\n','\n',1),(1882,'Bermuda','1','26','0','0','0','\n','0000-00-00 00:00:00','0000-00-00 00:00:00','\n','\n',1),(1883,'Bhutan','1','27','0','0','0','\n','0000-00-00 00:00:00','0000-00-00 00:00:00','\n','\n',1),(1884,'Bolivia','1','28','0','0','0','\n','0000-00-00 00:00:00','0000-00-00 00:00:00','\n','\n',1),(1885,'Bosnia and Herzegovina','1','29','0','0','0','\n','0000-00-00 00:00:00','0000-00-00 00:00:00','\n','\n',1),(1886,'Botswana','1','30','0','0','0','\n','0000-00-00 00:00:00','0000-00-00 00:00:00','\n','\n',1),(1887,'Bouvet Island','1','31','0','0','0','\n','0000-00-00 00:00:00','0000-00-00 00:00:00','\n','\n',1),(1888,'Brazil','1','32','0','0','0','\n','0000-00-00 00:00:00','0000-00-00 00:00:00','\n','\n',1),(1889,'British Indian Ocean Territory','1','33','0','0','0','\n','0000-00-00 00:00:00','0000-00-00 00:00:00','\n','\n',1),(1890,'Brunei Darussalam','1','34','0','0','0','\n','0000-00-00 00:00:00','0000-00-00 00:00:00','\n','\n',1),(1891,'Bulgaria','1','35','0','0','0','\n','0000-00-00 00:00:00','0000-00-00 00:00:00','\n','\n',1),(1892,'Burkina Faso','1','36','0','0','0','\n','0000-00-00 00:00:00','0000-00-00 00:00:00','\n','\n',1),(1893,'Burundi','1','37','0','0','0','\n','0000-00-00 00:00:00','0000-00-00 00:00:00','\n','\n',1),(1894,'Cameroon','1','38','0','0','0','\n','0000-00-00 00:00:00','0000-00-00 00:00:00','\n','\n',1),(1895,'Canada','1','39','0','0','0','\n','0000-00-00 00:00:00','0000-00-00 00:00:00','\n','\n',1),(1896,'Cape Verde','1','40','0','0','0','\n','0000-00-00 00:00:00','0000-00-00 00:00:00','\n','\n',1),(1897,'Cayman Islands','1','41','0','0','0','\n','0000-00-00 00:00:00','0000-00-00 00:00:00','\n','\n',1),(1898,'Central African Republic','1','42','0','0','0','\n','0000-00-00 00:00:00','0000-00-00 00:00:00','\n','\n',1),(1899,'Chad','1','43','0','0','0','\n','0000-00-00 00:00:00','0000-00-00 00:00:00','\n','\n',1),(1900,'Chile','1','44','0','0','0','\n','0000-00-00 00:00:00','0000-00-00 00:00:00','\n','\n',1),(1901,'China','1','45','0','0','0','\n','0000-00-00 00:00:00','0000-00-00 00:00:00','\n','\n',1),(1902,'Christmas Island','1','46','0','0','0','\n','0000-00-00 00:00:00','0000-00-00 00:00:00','\n','\n',1),(1903,'Cocos (Keeling) Islands','1','47','0','0','0','\n','0000-00-00 00:00:00','0000-00-00 00:00:00','\n','\n',1),(1904,'Colombia','1','48','0','0','0','\n','0000-00-00 00:00:00','0000-00-00 00:00:00','\n','\n',1),(1905,'Comoros','1','49','0','0','0','\n','0000-00-00 00:00:00','0000-00-00 00:00:00','\n','\n',1),(1906,'Congo','1','50','0','0','0','\n','0000-00-00 00:00:00','0000-00-00 00:00:00','\n','\n',1),(1907,'Congo, The Democratic Republic of the','1','51','0','0','0','\n','0000-00-00 00:00:00','0000-00-00 00:00:00','\n','\n',1),(1908,'Cook Islands','1','52','0','0','0','\n','0000-00-00 00:00:00','0000-00-00 00:00:00','\n','\n',1),(1909,'Costa Rica','1','53','0','0','0','\n','0000-00-00 00:00:00','0000-00-00 00:00:00','\n','\n',1),(1910,'Cote D&#39;Ivoire','1','54','0','0','0','\n','0000-00-00 00:00:00','0000-00-00 00:00:00','\n','\n',1),(1911,'Croatia','1','55','0','0','0','\n','0000-00-00 00:00:00','0000-00-00 00:00:00','\n','\n',1),(1912,'Cuba','1','56','0','0','0','\n','0000-00-00 00:00:00','0000-00-00 00:00:00','\n','\n',1),(1913,'Cyprus','1','57','0','0','0','\n','0000-00-00 00:00:00','0000-00-00 00:00:00','\n','\n',1),(1914,'Czech Republic','1','58','0','0','0','\n','0000-00-00 00:00:00','0000-00-00 00:00:00','\n','\n',1),(1915,'Denmark','1','59','0','0','0','\n','0000-00-00 00:00:00','0000-00-00 00:00:00','\n','\n',1),(1916,'Djibouti','1','60','0','0','0','\n','0000-00-00 00:00:00','0000-00-00 00:00:00','\n','\n',1),(1917,'Dominica','1','61','0','0','0','\n','0000-00-00 00:00:00','0000-00-00 00:00:00','\n','\n',1),(1918,'Dominican Republic','1','62','0','0','0','\n','0000-00-00 00:00:00','0000-00-00 00:00:00','\n','\n',1),(1919,'Ecuador','1','63','0','0','0','\n','0000-00-00 00:00:00','0000-00-00 00:00:00','\n','\n',1),(1920,'Egypt','1','64','0','0','0','\n','0000-00-00 00:00:00','0000-00-00 00:00:00','\n','\n',1),(1921,'El Salvador','1','65','0','0','0','\n','0000-00-00 00:00:00','0000-00-00 00:00:00','\n','\n',1),(1922,'Equatorial Guinea','1','66','0','0','0','\n','0000-00-00 00:00:00','0000-00-00 00:00:00','\n','\n',1),(1923,'Eritrea','1','67','0','0','0','\n','0000-00-00 00:00:00','0000-00-00 00:00:00','\n','\n',1),(1924,'Estonia','1','68','0','0','0','\n','0000-00-00 00:00:00','0000-00-00 00:00:00','\n','\n',1),(1925,'Ethiopia','1','69','0','0','0','\n','0000-00-00 00:00:00','0000-00-00 00:00:00','\n','\n',1),(1926,'Falkland Islands (Malvinas)','1','70','0','0','0','\n','0000-00-00 00:00:00','0000-00-00 00:00:00','\n','\n',1),(1927,'Faroe Islands','1','71','0','0','0','\n','0000-00-00 00:00:00','0000-00-00 00:00:00','\n','\n',1),(1928,'Fiji','1','72','0','0','0','\n','0000-00-00 00:00:00','0000-00-00 00:00:00','\n','\n',1),(1929,'Finland','1','73','0','0','0','\n','0000-00-00 00:00:00','0000-00-00 00:00:00','\n','\n',1),(1930,'France','1','74','0','0','0','\n','0000-00-00 00:00:00','0000-00-00 00:00:00','\n','\n',1),(1931,'France, Metropolitan','1','75','0','0','0','\n','0000-00-00 00:00:00','0000-00-00 00:00:00','\n','\n',1),(1932,'French Guiana','1','76','0','0','0','\n','0000-00-00 00:00:00','0000-00-00 00:00:00','\n','\n',1),(1933,'French Polynesia','1','77','0','0','0','\n','0000-00-00 00:00:00','0000-00-00 00:00:00','\n','\n',1),(1934,'French Southern Territories','1','78','0','0','0','\n','0000-00-00 00:00:00','0000-00-00 00:00:00','\n','\n',1),(1935,'Gabon','1','79','0','0','0','\n','0000-00-00 00:00:00','0000-00-00 00:00:00','\n','\n',1),(1936,'Gambia','1','80','0','0','0','\n','0000-00-00 00:00:00','0000-00-00 00:00:00','\n','\n',1),(1937,'Georgia','1','81','0','0','0','\n','0000-00-00 00:00:00','0000-00-00 00:00:00','\n','\n',1),(1938,'Germany','1','82','0','0','0','\n','0000-00-00 00:00:00','0000-00-00 00:00:00','\n','\n',1),(1939,'Ghana','1','83','0','0','0','\n','0000-00-00 00:00:00','0000-00-00 00:00:00','\n','\n',1),(1940,'Gibraltar','1','84','0','0','0','\n','0000-00-00 00:00:00','0000-00-00 00:00:00','\n','\n',1),(1941,'Greece','1','85','0','0','0','\n','0000-00-00 00:00:00','0000-00-00 00:00:00','\n','\n',1),(1942,'Greenland','1','86','0','0','0','\n','0000-00-00 00:00:00','0000-00-00 00:00:00','\n','\n',1),(1943,'Grenada','1','87','0','0','0','\n','0000-00-00 00:00:00','0000-00-00 00:00:00','\n','\n',1),(1944,'Guadeloupe','1','88','0','0','0','\n','0000-00-00 00:00:00','0000-00-00 00:00:00','\n','\n',1),(1945,'Guam','1','89','0','0','0','\n','0000-00-00 00:00:00','0000-00-00 00:00:00','\n','\n',1),(1946,'Guatemala','1','90','0','0','0','\n','0000-00-00 00:00:00','0000-00-00 00:00:00','\n','\n',1),(1947,'Guinea','1','91','0','0','0','\n','0000-00-00 00:00:00','0000-00-00 00:00:00','\n','\n',1),(1948,'Guinea-Bissau','1','92','0','0','0','\n','0000-00-00 00:00:00','0000-00-00 00:00:00','\n','\n',1),(1949,'Guyana','1','93','0','0','0','\n','0000-00-00 00:00:00','0000-00-00 00:00:00','\n','\n',1),(1950,'Haiti','1','94','0','0','0','\n','0000-00-00 00:00:00','0000-00-00 00:00:00','\n','\n',1),(1951,'Heard Island and McDonald Islands','1','95','0','0','0','\n','0000-00-00 00:00:00','0000-00-00 00:00:00','\n','\n',1),(1952,'Holy See (Vatican City State)','1','96','0','0','0','\n','0000-00-00 00:00:00','0000-00-00 00:00:00','\n','\n',1),(1953,'Honduras','1','97','0','0','0','\n','0000-00-00 00:00:00','0000-00-00 00:00:00','\n','\n',1),(1954,'Hong Kong','1','98','0','0','0','\n','0000-00-00 00:00:00','0000-00-00 00:00:00','\n','\n',1),(1955,'Hungary','1','99','0','0','0','\n','0000-00-00 00:00:00','0000-00-00 00:00:00','\n','\n',1),(1956,'Iceland','1','100','0','0','0','\n','0000-00-00 00:00:00','0000-00-00 00:00:00','\n','\n',1),(1957,'India','1','101','0','0','0','\n','0000-00-00 00:00:00','0000-00-00 00:00:00','\n','\n',1),(1958,'Indonesia','1','102','0','0','0','\n','0000-00-00 00:00:00','0000-00-00 00:00:00','\n','\n',1),(1959,'Iran, Islamic Republic of','1','103','0','0','0','\n','0000-00-00 00:00:00','0000-00-00 00:00:00','\n','\n',1),(1960,'Iraq','1','104','0','0','0','\n','0000-00-00 00:00:00','0000-00-00 00:00:00','\n','\n',1),(1961,'Ireland','1','105','0','0','0','\n','0000-00-00 00:00:00','0000-00-00 00:00:00','\n','\n',1),(1962,'Israel','1','106','0','0','0','\n','0000-00-00 00:00:00','0000-00-00 00:00:00','\n','\n',1),(1963,'Italy','1','107','0','0','0','\n','0000-00-00 00:00:00','0000-00-00 00:00:00','\n','\n',1),(1964,'Jamaica','1','108','0','0','0','\n','0000-00-00 00:00:00','0000-00-00 00:00:00','\n','\n',1),(1965,'Japan','1','109','0','0','0','\n','0000-00-00 00:00:00','0000-00-00 00:00:00','\n','\n',1),(1966,'Jordan','1','110','0','0','0','\n','0000-00-00 00:00:00','0000-00-00 00:00:00','\n','\n',1),(1967,'Kazakhstan','1','111','0','0','0','\n','0000-00-00 00:00:00','0000-00-00 00:00:00','\n','\n',1),(1968,'Kenya','1','112','0','0','0','\n','0000-00-00 00:00:00','0000-00-00 00:00:00','\n','\n',1),(1969,'Kiribati','1','113','0','0','0','\n','0000-00-00 00:00:00','0000-00-00 00:00:00','\n','\n',1),(1970,'Korea, Democratic People&#39;s Republic of','1','114','0','0','0','\n','0000-00-00 00:00:00','0000-00-00 00:00:00','\n','\n',1),(1971,'Korea, Republic of','1','115','0','0','0','\n','0000-00-00 00:00:00','0000-00-00 00:00:00','\n','\n',1),(1972,'Kuwait','1','116','0','0','0','\n','0000-00-00 00:00:00','0000-00-00 00:00:00','\n','\n',1),(1973,'Kyrgyzstan','1','117','0','0','0','\n','0000-00-00 00:00:00','0000-00-00 00:00:00','\n','\n',1),(1974,'Lao People&#39;s Democratic Republic','1','118','0','0','0','\n','0000-00-00 00:00:00','0000-00-00 00:00:00','\n','\n',1),(1975,'Latvia','1','119','0','0','0','\n','0000-00-00 00:00:00','0000-00-00 00:00:00','\n','\n',1),(1976,'Lebanon','1','120','0','0','0','\n','0000-00-00 00:00:00','0000-00-00 00:00:00','\n','\n',1),(1977,'Lesotho','1','121','0','0','0','\n','0000-00-00 00:00:00','0000-00-00 00:00:00','\n','\n',1),(1978,'Liberia','1','122','0','0','0','\n','0000-00-00 00:00:00','0000-00-00 00:00:00','\n','\n',1),(1979,'Libyan Arab Jamahiriya','1','123','0','0','0','\n','0000-00-00 00:00:00','0000-00-00 00:00:00','\n','\n',1),(1980,'Liechtenstein','1','124','0','0','0','\n','0000-00-00 00:00:00','0000-00-00 00:00:00','\n','\n',1),(1981,'Lithuania','1','125','0','0','0','\n','0000-00-00 00:00:00','0000-00-00 00:00:00','\n','\n',1),(1982,'Luxembourg','1','126','0','0','0','\n','0000-00-00 00:00:00','0000-00-00 00:00:00','\n','\n',1),(1983,'Macao','1','127','0','0','0','\n','0000-00-00 00:00:00','0000-00-00 00:00:00','\n','\n',1),(1984,'Macedonia, the Former Yugoslav Republic of','1','128','0','0','0','\n','0000-00-00 00:00:00','0000-00-00 00:00:00','\n','\n',1),(1985,'Madagascar','1','129','0','0','0','\n','0000-00-00 00:00:00','0000-00-00 00:00:00','\n','\n',1),(1986,'Malawi','1','130','0','0','0','\n','0000-00-00 00:00:00','0000-00-00 00:00:00','\n','\n',1),(1987,'Malaysia','1','131','0','0','0','\n','0000-00-00 00:00:00','0000-00-00 00:00:00','\n','\n',1),(1988,'Maldives','1','132','0','0','0','\n','0000-00-00 00:00:00','0000-00-00 00:00:00','\n','\n',1),(1989,'Mali','1','133','0','0','0','\n','0000-00-00 00:00:00','0000-00-00 00:00:00','\n','\n',1),(1990,'Malta','1','134','0','0','0','\n','0000-00-00 00:00:00','0000-00-00 00:00:00','\n','\n',1),(1991,'Marshall Islands','1','135','0','0','0','\n','0000-00-00 00:00:00','0000-00-00 00:00:00','\n','\n',1),(1992,'Martinique','1','136','0','0','0','\n','0000-00-00 00:00:00','0000-00-00 00:00:00','\n','\n',1),(1993,'Mauritania','1','137','0','0','0','\n','0000-00-00 00:00:00','0000-00-00 00:00:00','\n','\n',1),(1994,'Mauritius','1','138','0','0','0','\n','0000-00-00 00:00:00','0000-00-00 00:00:00','\n','\n',1),(1995,'Mayotte','1','139','0','0','0','\n','0000-00-00 00:00:00','0000-00-00 00:00:00','\n','\n',1),(1996,'Mexico','1','140','0','0','0','\n','0000-00-00 00:00:00','0000-00-00 00:00:00','\n','\n',1),(1997,'Micronesia, Federated States of','1','141','0','0','0','\n','0000-00-00 00:00:00','0000-00-00 00:00:00','\n','\n',1),(1998,'Moldova, Republic of','1','142','0','0','0','\n','0000-00-00 00:00:00','0000-00-00 00:00:00','\n','\n',1),(1999,'Monaco','1','143','0','0','0','\n','0000-00-00 00:00:00','0000-00-00 00:00:00','\n','\n',1),(2000,'Mongolia','1','144','0','0','0','\n','0000-00-00 00:00:00','0000-00-00 00:00:00','\n','\n',1),(2001,'Montserrat','1','145','0','0','0','\n','0000-00-00 00:00:00','0000-00-00 00:00:00','\n','\n',1),(2002,'Morocco','1','146','0','0','0','\n','0000-00-00 00:00:00','0000-00-00 00:00:00','\n','\n',1),(2003,'Mozambique','1','147','0','0','0','\n','0000-00-00 00:00:00','0000-00-00 00:00:00','\n','\n',1),(2004,'Myanmar','1','148','0','0','0','\n','0000-00-00 00:00:00','0000-00-00 00:00:00','\n','\n',1),(2005,'Namibia','1','149','0','0','0','\n','0000-00-00 00:00:00','0000-00-00 00:00:00','\n','\n',1),(2006,'Nauru','1','150','0','0','0','\n','0000-00-00 00:00:00','0000-00-00 00:00:00','\n','\n',1),(2007,'Nepal','1','151','0','0','0','\n','0000-00-00 00:00:00','0000-00-00 00:00:00','\n','\n',1),(2008,'Netherlands','1','152','0','0','0','\n','0000-00-00 00:00:00','0000-00-00 00:00:00','\n','\n',1),(2009,'Netherlands Antilles','1','153','0','0','0','\n','0000-00-00 00:00:00','0000-00-00 00:00:00','\n','\n',1),(2010,'New Caledonia','1','154','0','0','0','\n','0000-00-00 00:00:00','0000-00-00 00:00:00','\n','\n',1),(2011,'New Zealand','1','155','0','0','0','\n','0000-00-00 00:00:00','0000-00-00 00:00:00','\n','\n',1),(2012,'Nicaragua','1','156','0','0','0','\n','0000-00-00 00:00:00','0000-00-00 00:00:00','\n','\n',1),(2013,'Niger','1','157','0','0','0','\n','0000-00-00 00:00:00','0000-00-00 00:00:00','\n','\n',1),(2014,'Nigeria','1','158','0','0','0','\n','0000-00-00 00:00:00','0000-00-00 00:00:00','\n','\n',1),(2015,'Niue','1','159','0','0','0','\n','0000-00-00 00:00:00','0000-00-00 00:00:00','\n','\n',1),(2016,'Norfolk Island','1','160','0','0','0','\n','0000-00-00 00:00:00','0000-00-00 00:00:00','\n','\n',1),(2017,'Northern Mariana Islands','1','161','0','0','0','\n','0000-00-00 00:00:00','0000-00-00 00:00:00','\n','\n',1),(2018,'Norway','1','162','0','0','0','\n','0000-00-00 00:00:00','0000-00-00 00:00:00','\n','\n',1),(2019,'Oman','1','163','0','0','0','\n','0000-00-00 00:00:00','0000-00-00 00:00:00','\n','\n',1),(2020,'Pakistan','1','164','0','0','0','\n','0000-00-00 00:00:00','0000-00-00 00:00:00','\n','\n',1),(2021,'Palau','1','165','0','0','0','\n','0000-00-00 00:00:00','0000-00-00 00:00:00','\n','\n',1),(2022,'Palestinian Territory, Occupied','1','166','0','0','0','\n','0000-00-00 00:00:00','0000-00-00 00:00:00','\n','\n',1),(2023,'Panama','1','167','0','0','0','\n','0000-00-00 00:00:00','0000-00-00 00:00:00','\n','\n',1),(2024,'Papua New Guinea','1','168','0','0','0','\n','0000-00-00 00:00:00','0000-00-00 00:00:00','\n','\n',1),(2025,'Paraguay','1','169','0','0','0','\n','0000-00-00 00:00:00','0000-00-00 00:00:00','\n','\n',1),(2026,'Peru','1','170','0','0','0','\n','0000-00-00 00:00:00','0000-00-00 00:00:00','\n','\n',1),(2027,'Philippines','1','171','0','0','0','\n','0000-00-00 00:00:00','0000-00-00 00:00:00','\n','\n',1),(2028,'Pitcairn','1','172','0','0','0','\n','0000-00-00 00:00:00','0000-00-00 00:00:00','\n','\n',1),(2029,'Poland','1','173','0','0','0','\n','0000-00-00 00:00:00','0000-00-00 00:00:00','\n','\n',1),(2030,'Portugal','1','174','0','0','0','\n','0000-00-00 00:00:00','0000-00-00 00:00:00','\n','\n',1),(2031,'Puerto Rico','1','175','0','0','0','\n','0000-00-00 00:00:00','0000-00-00 00:00:00','\n','\n',1),(2032,'Qatar','1','176','0','0','0','\n','0000-00-00 00:00:00','0000-00-00 00:00:00','\n','\n',1),(2033,'Reunion','1','177','0','0','0','\n','0000-00-00 00:00:00','0000-00-00 00:00:00','\n','\n',1),(2034,'Romania','1','178','0','0','0','\n','0000-00-00 00:00:00','0000-00-00 00:00:00','\n','\n',1),(2035,'Russian Federation','1','179','0','0','0','\n','0000-00-00 00:00:00','0000-00-00 00:00:00','\n','\n',1),(2036,'Rwanda','1','180','0','0','0','\n','0000-00-00 00:00:00','0000-00-00 00:00:00','\n','\n',1),(2037,'Saint Helena','1','181','0','0','0','\n','0000-00-00 00:00:00','0000-00-00 00:00:00','\n','\n',1),(2038,'Saint Kitts and Nevis','1','182','0','0','0','\n','0000-00-00 00:00:00','0000-00-00 00:00:00','\n','\n',1),(2039,'Saint Lucia','1','183','0','0','0','\n','0000-00-00 00:00:00','0000-00-00 00:00:00','\n','\n',1),(2040,'Saint Pierre and Miquelon','1','184','0','0','0','\n','0000-00-00 00:00:00','0000-00-00 00:00:00','\n','\n',1),(2041,'Saint Vincent and the Grenadines','1','185','0','0','0','\n','0000-00-00 00:00:00','0000-00-00 00:00:00','\n','\n',1),(2042,'Samoa','1','186','0','0','0','\n','0000-00-00 00:00:00','0000-00-00 00:00:00','\n','\n',1),(2043,'San Marino','1','187','0','0','0','\n','0000-00-00 00:00:00','0000-00-00 00:00:00','\n','\n',1),(2044,'Sao Tome and Principe','1','188','0','0','0','\n','0000-00-00 00:00:00','0000-00-00 00:00:00','\n','\n',1),(2045,'Saudi Arabia','1','189','0','0','0','\n','0000-00-00 00:00:00','0000-00-00 00:00:00','\n','\n',1),(2046,'Senegal','1','190','0','0','0','\n','0000-00-00 00:00:00','0000-00-00 00:00:00','\n','\n',1),(2047,'Serbia and Montenegro','1','191','0','0','0','\n','0000-00-00 00:00:00','0000-00-00 00:00:00','\n','\n',1),(2048,'Seychelles','1','192','0','0','0','\n','0000-00-00 00:00:00','0000-00-00 00:00:00','\n','\n',1),(2049,'Sierra Leone','1','193','0','0','0','\n','0000-00-00 00:00:00','0000-00-00 00:00:00','\n','\n',1),(2050,'Singapore','1','194','0','0','0','\n','0000-00-00 00:00:00','0000-00-00 00:00:00','\n','\n',1),(2051,'Slovakia','1','195','0','0','0','\n','0000-00-00 00:00:00','0000-00-00 00:00:00','\n','\n',1),(2052,'Slovenia','1','196','0','0','0','\n','0000-00-00 00:00:00','0000-00-00 00:00:00','\n','\n',1),(2053,'Solomon Islands','1','197','0','0','0','\n','0000-00-00 00:00:00','0000-00-00 00:00:00','\n','\n',1),(2054,'Somalia','1','198','0','0','0','\n','0000-00-00 00:00:00','0000-00-00 00:00:00','\n','\n',1),(2055,'South Africa','1','199','0','0','0','\n','0000-00-00 00:00:00','0000-00-00 00:00:00','\n','\n',1),(2056,'South Georgia and the South Sandwich Islands','1','200','0','0','0','\n','0000-00-00 00:00:00','0000-00-00 00:00:00','\n','\n',1),(2057,'Spain','1','201','0','0','0','\n','0000-00-00 00:00:00','0000-00-00 00:00:00','\n','\n',1),(2058,'Sri Lanka','1','202','0','0','0','\n','0000-00-00 00:00:00','0000-00-00 00:00:00','\n','\n',1),(2059,'Sudan','1','203','0','0','0','\n','0000-00-00 00:00:00','0000-00-00 00:00:00','\n','\n',1),(2060,'Suriname','1','204','0','0','0','\n','0000-00-00 00:00:00','0000-00-00 00:00:00','\n','\n',1),(2061,'Svalbard and Jan Mayen','1','205','0','0','0','\n','0000-00-00 00:00:00','0000-00-00 00:00:00','\n','\n',1),(2062,'Swaziland','1','206','0','0','0','\n','0000-00-00 00:00:00','0000-00-00 00:00:00','\n','\n',1),(2063,'Sweden','1','207','0','0','0','\n','0000-00-00 00:00:00','0000-00-00 00:00:00','\n','\n',1),(2064,'Switzerland','1','208','0','0','0','\n','0000-00-00 00:00:00','0000-00-00 00:00:00','\n','\n',1),(2065,'Syrian Arab Republic','1','209','0','0','0','\n','0000-00-00 00:00:00','0000-00-00 00:00:00','\n','\n',1),(2066,'Taiwan, Province of China','1','210','0','0','0','\n','0000-00-00 00:00:00','0000-00-00 00:00:00','\n','\n',1),(2067,'Tajikistan','1','211','0','0','0','\n','0000-00-00 00:00:00','0000-00-00 00:00:00','\n','\n',1),(2068,'Tanzania, United Republic of','1','212','0','0','0','\n','0000-00-00 00:00:00','0000-00-00 00:00:00','\n','\n',1),(2069,'Thailand','1','213','0','0','0','\n','0000-00-00 00:00:00','0000-00-00 00:00:00','\n','\n',1),(2070,'Timor-Leste','1','214','0','0','0','\n','0000-00-00 00:00:00','0000-00-00 00:00:00','\n','\n',1),(2071,'Togo','1','215','0','0','0','\n','0000-00-00 00:00:00','0000-00-00 00:00:00','\n','\n',1),(2072,'Tokelau','1','216','0','0','0','\n','0000-00-00 00:00:00','0000-00-00 00:00:00','\n','\n',1),(2073,'Tonga','1','217','0','0','0','\n','0000-00-00 00:00:00','0000-00-00 00:00:00','\n','\n',1),(2074,'Trinidad and Tobago','1','218','0','0','0','\n','0000-00-00 00:00:00','0000-00-00 00:00:00','\n','\n',1),(2075,'Tunisia','1','219','0','0','0','\n','0000-00-00 00:00:00','0000-00-00 00:00:00','\n','\n',1),(2076,'Turkey','1','220','0','0','0','\n','0000-00-00 00:00:00','0000-00-00 00:00:00','\n','\n',1),(2077,'Turkmenistan','1','221','0','0','0','\n','0000-00-00 00:00:00','0000-00-00 00:00:00','\n','\n',1),(2078,'Turks and Caicos Islands','1','222','0','0','0','\n','0000-00-00 00:00:00','0000-00-00 00:00:00','\n','\n',1),(2079,'Tuvalu','1','223','0','0','0','\n','0000-00-00 00:00:00','0000-00-00 00:00:00','\n','\n',1),(2080,'Uganda','1','224','0','0','0','\n','0000-00-00 00:00:00','0000-00-00 00:00:00','\n','\n',1),(2081,'Ukraine','1','225','0','0','0','\n','0000-00-00 00:00:00','0000-00-00 00:00:00','\n','\n',1),(2082,'United Arab Emirates','1','226','0','0','0','\n','0000-00-00 00:00:00','0000-00-00 00:00:00','\n','\n',1),(2083,'United Kingdom','1','227','0','0','0','\n','0000-00-00 00:00:00','0000-00-00 00:00:00','\n','\n',1),(2084,'United States','1','228','0','0','0','\n','0000-00-00 00:00:00','0000-00-00 00:00:00','\n','\n',1),(2085,'United States Minor Outlying Islands','1','229','0','0','0','\n','0000-00-00 00:00:00','0000-00-00 00:00:00','\n','\n',1),(2086,'Uruguay','1','230','0','0','0','\n','0000-00-00 00:00:00','0000-00-00 00:00:00','\n','\n',1),(2087,'Uzbekistan','1','231','0','0','0','\n','0000-00-00 00:00:00','0000-00-00 00:00:00','\n','\n',1),(2088,'Vanuatu','1','232','0','0','0','\n','0000-00-00 00:00:00','0000-00-00 00:00:00','\n','\n',1),(2089,'Venezuela','1','233','0','0','0','\n','0000-00-00 00:00:00','0000-00-00 00:00:00','\n','\n',1),(2090,'Vietnam','1','234','0','0','0','\n','0000-00-00 00:00:00','0000-00-00 00:00:00','\n','\n',1),(2091,'Virgin Islands, British','1','235','0','0','0','\n','0000-00-00 00:00:00','0000-00-00 00:00:00','\n','\n',1),(2092,'Virgin Islands, U.S.','1','236','0','0','0','\n','0000-00-00 00:00:00','0000-00-00 00:00:00','\n','\n',1),(2093,'Wallis and Futuna','1','237','0','0','0','\n','0000-00-00 00:00:00','0000-00-00 00:00:00','\n','\n',1),(2094,'Western Sahara','1','238','0','0','0','\n','0000-00-00 00:00:00','0000-00-00 00:00:00','\n','\n',1),(2095,'Yemen','1','239','0','0','0','\n','0000-00-00 00:00:00','0000-00-00 00:00:00','\n','\n',1),(2096,'Zambia','1','240','0','0','0','\n','0000-00-00 00:00:00','0000-00-00 00:00:00','\n','\n',1),(2097,'Zimbabwe','1','241','0','0','0','\n','0000-00-00 00:00:00','0000-00-00 00:00:00','\n','\n',1),(2098,'Sen Sok','3','1','12','8','0','\n','0000-00-00 00:00:00','0000-00-00 00:00:00','\n','\n',1),(2099,'Phnom Penh Thmey','4','1','12','8','17','\n','0000-00-00 00:00:00','0000-00-00 00:00:00','\n','\n',1),(2100,'Po Sen Chey','3','1','12','9','0','\n','0000-00-00 00:00:00','0000-00-00 00:00:00','\n','\n',1),(2101,'Phsa Kandal','3','1','25','0','0','\n','0000-00-00 00:00:00','0000-00-00 00:00:00','\n','\n',1),(2102,'Phsa Kandal','4','1','25','0','0','\n','0000-00-00 00:00:00','0000-00-00 00:00:00','\n','\n',1),(2103,'Mittakpheap','3','1','18','4','0','\n','0000-00-00 00:00:00','0000-00-00 00:00:00','\n','\n',1),(2104,'Ocha','4','1','2','2','17','\n','0000-00-00 00:00:00','0000-00-00 00:00:00','\n','\n',1),(2105,'Prek Mahatep','4','1','2','2','18','\n','0000-00-00 00:00:00','0000-00-00 00:00:00','\n','\n',1),(2106,'Prek Preahsdach','4','1','2','2','19','\n','0000-00-00 00:00:00','0000-00-00 00:00:00','\n','\n',1),(2107,'Svay Tong Khang Tboung','4','1','7','6','14','\n','0000-00-00 00:00:00','0000-00-00 00:00:00','\n','\n',1);
/*!40000 ALTER TABLE `locations` ENABLE KEYS */;
UNLOCK TABLES;

--
-- Table structure for table `menu_roles`
--

DROP TABLE IF EXISTS `menu_roles`;
/*!40101 SET @saved_cs_client     = @@character_set_client */;
/*!40101 SET character_set_client = utf8 */;
CREATE TABLE `menu_roles` (
  `id` int(11) NOT NULL AUTO_INCREMENT,
  `menu_id` int(11) DEFAULT NULL,
  `role_id` int(11) DEFAULT NULL,
  `descr` varchar(255) DEFAULT NULL,
  `created_at` timestamp NOT NULL DEFAULT CURRENT_TIMESTAMP,
  `modified_at` datetime DEFAULT NULL,
  `created_by` varchar(30) DEFAULT NULL,
  `modified_by` varchar(30) DEFAULT NULL,
  `active` tinyint(1) DEFAULT '1',
  PRIMARY KEY (`id`)
) ENGINE=InnoDB AUTO_INCREMENT=16 DEFAULT CHARSET=utf8;
/*!40101 SET character_set_client = @saved_cs_client */;

--
-- Dumping data for table `menu_roles`
--

LOCK TABLES `menu_roles` WRITE;
/*!40000 ALTER TABLE `menu_roles` DISABLE KEYS */;
INSERT INTO `menu_roles` VALUES (1,1,1,NULL,'2014-04-25 16:26:20',NULL,NULL,NULL,1),(2,2,1,NULL,'2014-04-25 16:26:20',NULL,NULL,NULL,1),(3,3,1,NULL,'2014-04-26 07:37:34',NULL,NULL,NULL,1),(4,4,1,NULL,'2014-04-26 09:37:16',NULL,NULL,NULL,1),(5,5,1,NULL,'2014-04-27 02:19:44',NULL,NULL,NULL,1),(6,6,1,NULL,'2014-04-28 04:54:48',NULL,NULL,NULL,1),(7,7,1,NULL,'2014-04-28 04:54:49',NULL,NULL,NULL,1),(8,8,1,NULL,'2014-04-28 06:25:42',NULL,NULL,NULL,1),(9,9,1,NULL,'2014-06-14 16:15:20',NULL,NULL,NULL,1),(10,10,1,NULL,'2014-07-05 16:15:25',NULL,NULL,NULL,1),(11,11,1,NULL,'2014-07-19 15:55:22',NULL,NULL,NULL,1),(12,12,1,NULL,'2014-07-19 15:55:22',NULL,NULL,NULL,1),(13,13,1,NULL,'2014-07-24 15:51:08',NULL,NULL,NULL,1),(14,14,1,NULL,'2014-07-26 14:57:53',NULL,NULL,NULL,1),(15,15,1,NULL,'2014-09-26 15:42:58',NULL,NULL,NULL,1);
/*!40000 ALTER TABLE `menu_roles` ENABLE KEYS */;
UNLOCK TABLES;

--
-- Table structure for table `menu_types`
--

DROP TABLE IF EXISTS `menu_types`;
/*!40101 SET @saved_cs_client     = @@character_set_client */;
/*!40101 SET character_set_client = utf8 */;
CREATE TABLE `menu_types` (
  `id` int(11) NOT NULL AUTO_INCREMENT,
  `name` varchar(50) NOT NULL,
  `descr` varchar(255) DEFAULT NULL,
  `created_at` timestamp NOT NULL DEFAULT CURRENT_TIMESTAMP,
  `modified_at` datetime DEFAULT NULL,
  `created_by` varchar(30) DEFAULT NULL,
  `modified_by` varchar(30) DEFAULT NULL,
  `active` tinyint(1) DEFAULT '1',
  PRIMARY KEY (`id`)
) ENGINE=InnoDB AUTO_INCREMENT=8 DEFAULT CHARSET=utf8;
/*!40101 SET character_set_client = @saved_cs_client */;

--
-- Dumping data for table `menu_types`
--

LOCK TABLES `menu_types` WRITE;
/*!40000 ALTER TABLE `menu_types` DISABLE KEYS */;
INSERT INTO `menu_types` VALUES (1,'HORIZONTAL_MENU','Horizontal menu type','2014-04-25 13:11:08',NULL,NULL,NULL,1),(2,'VERTICAL_MENU','Vertical menu type','2014-04-25 13:11:08',NULL,NULL,NULL,1),(3,'ACCORDION_MENU','Accordion menu type','2014-04-25 13:11:08',NULL,NULL,NULL,1),(4,'TAB_MENU','Tab menu type','2014-04-25 13:11:08',NULL,NULL,NULL,1),(5,'SUB_MENU','sub menu type','2014-04-25 13:11:08',NULL,NULL,NULL,1),(6,'SUB_HORIZONTAL_MENU','sub horizontal menu type','2014-04-25 13:11:08',NULL,NULL,NULL,1),(7,'SUB_HORIZONTAL_MENU_CHILD','sub horizontal menu child type','2014-04-25 13:11:08',NULL,NULL,NULL,1);
/*!40000 ALTER TABLE `menu_types` ENABLE KEYS */;
UNLOCK TABLES;

--
-- Table structure for table `menus`
--

DROP TABLE IF EXISTS `menus`;
/*!40101 SET @saved_cs_client     = @@character_set_client */;
/*!40101 SET character_set_client = utf8 */;
CREATE TABLE `menus` (
  `id` int(11) NOT NULL AUTO_INCREMENT,
  `parent_id` int(11) DEFAULT NULL,
  `name` varchar(50) NOT NULL,
  `descr` varchar(255) DEFAULT NULL,
  `icon_url` varchar(255) DEFAULT NULL,
  `url` varchar(255) DEFAULT NULL,
  `icon_url_data` blob,
  `tooltip` varchar(50) DEFAULT NULL,
  `order_num` int(11) DEFAULT '0',
  `menu_type_id` int(11) NOT NULL,
  `created_at` timestamp NOT NULL DEFAULT CURRENT_TIMESTAMP,
  `modified_at` datetime DEFAULT NULL,
  `created_by` varchar(30) DEFAULT NULL,
  `modified_by` varchar(30) DEFAULT NULL,
  `active` tinyint(1) DEFAULT '1',
  PRIMARY KEY (`id`)
) ENGINE=InnoDB AUTO_INCREMENT=16 DEFAULT CHARSET=utf8;
/*!40101 SET character_set_client = @saved_cs_client */;

--
-- Dumping data for table `menus`
--

LOCK TABLES `menus` WRITE;
/*!40000 ALTER TABLE `menus` DISABLE KEYS */;
INSERT INTO `menus` VALUES (1,0,'Setup','DefaultController',NULL,'/setup/',NULL,'Setup',2,1,'2014-04-25 14:32:48',NULL,NULL,NULL,1),(2,0,'Inventory Center','inventoryCenter',NULL,NULL,NULL,'Inventory Center',1,1,'2014-04-25 14:33:34',NULL,NULL,NULL,1),(3,0,'Dashboard','dashboard',NULL,'/dashboard/',NULL,'Dashboard',1,1,'2014-04-26 07:35:57',NULL,NULL,NULL,1),(4,2,'Managing Customer','CustomersController',NULL,'/inventorycenter/customers',NULL,'Managing Customer',0,6,'2014-04-26 07:36:47',NULL,NULL,NULL,1),(5,2,'Purcharse Order','po',NULL,NULL,NULL,'Purcharse Order',0,6,'2014-04-27 02:19:27',NULL,NULL,NULL,1),(6,4,'Customer Lists','index',NULL,'/setup/customers/',NULL,'Customer Lists',0,2,'2014-04-28 03:11:38',NULL,NULL,NULL,1),(7,4,'Customer Shipping','shipping',NULL,'/setup/customers/shipping/',NULL,'Customer Shipping',2,2,'2014-04-28 03:12:58',NULL,NULL,NULL,1),(8,4,'New Customer','create',NULL,'/setup/customers/create/',NULL,NULL,1,2,'2014-04-28 06:24:27',NULL,NULL,NULL,1),(9,2,'Managing Supplier','SupplierController',NULL,'/inventorycenter/supplier/',NULL,'Managin Supplier',1,6,'2014-06-14 16:15:05',NULL,NULL,NULL,1),(10,1,'Currencies','CurrencyController',NULL,'/setup/currency/',NULL,'Currencies',1,6,'2014-07-05 16:11:45',NULL,NULL,NULL,1),(11,1,'Categories','CategoryController',NULL,'/setup/category/',NULL,'Categories',1,6,'2014-07-14 13:09:05',NULL,NULL,NULL,1),(12,1,'Item Types','ItemTypeController',NULL,'/setup/itemType/',NULL,'Item Types',2,6,'2014-07-14 13:09:05',NULL,NULL,NULL,1),(13,1,'Item Unit','UnitController',NULL,'/setup/unit',NULL,'Item Unit',6,6,'2014-07-24 15:50:53',NULL,NULL,NULL,1),(14,1,'Item Size','SizeController',NULL,'/setup/size/',NULL,'Item Size',1,6,'2014-07-26 14:57:35',NULL,NULL,NULL,1),(15,1,'Item Code','ItemCodeController',NULL,'/setup/itemCode/',NULL,'Item Code',1,6,'2014-09-26 15:42:06',NULL,NULL,NULL,1);
/*!40000 ALTER TABLE `menus` ENABLE KEYS */;
UNLOCK TABLES;

--
-- Table structure for table `people`
--

DROP TABLE IF EXISTS `people`;
/*!40101 SET @saved_cs_client     = @@character_set_client */;
/*!40101 SET character_set_client = utf8 */;
CREATE TABLE `people` (
  `id` int(11) NOT NULL AUTO_INCREMENT,
  `prefix` varchar(30) DEFAULT NULL,
  `first_name` varchar(50) NOT NULL,
  `middle_name` varchar(50) DEFAULT NULL,
  `last_name` varchar(50) NOT NULL,
  `nick_name` varchar(30) DEFAULT NULL,
  `title` varchar(20) DEFAULT NULL,
  `pref_name` varchar(30) DEFAULT NULL,
  `gender` char(1) DEFAULT NULL,
  `position` varchar(30) DEFAULT NULL,
  `age` int(11) DEFAULT NULL,
  `date_of_birth` datetime DEFAULT NULL,
  `descr` varchar(255) DEFAULT NULL,
  `created_at` timestamp NOT NULL DEFAULT CURRENT_TIMESTAMP,
  `modified_at` datetime DEFAULT NULL,
  `created_by` varchar(30) DEFAULT NULL,
  `modified_by` varchar(30) DEFAULT NULL,
  `active` tinyint(1) DEFAULT '1',
  PRIMARY KEY (`id`)
) ENGINE=InnoDB AUTO_INCREMENT=5 DEFAULT CHARSET=utf8;
/*!40101 SET character_set_client = @saved_cs_client */;

--
-- Dumping data for table `people`
--

LOCK TABLES `people` WRITE;
/*!40000 ALTER TABLE `people` DISABLE KEYS */;
INSERT INTO `people` VALUES (1,NULL,'sith',NULL,'kong',NULL,NULL,NULL,'m',NULL,32,NULL,NULL,'2014-03-27 16:01:26',NULL,NULL,NULL,1),(2,NULL,'amber',NULL,'kong',NULL,NULL,NULL,'f',NULL,19,NULL,NULL,'2014-03-27 16:01:26',NULL,NULL,NULL,1),(3,NULL,'lama',NULL,'kong',NULL,NULL,NULL,'m',NULL,2,NULL,NULL,'2014-03-27 16:01:26',NULL,NULL,NULL,1),(4,NULL,'natasha',NULL,'kong',NULL,NULL,NULL,'f',NULL,1,NULL,NULL,'2014-03-27 16:01:26',NULL,NULL,NULL,1);
/*!40000 ALTER TABLE `people` ENABLE KEYS */;
UNLOCK TABLES;

--
-- Table structure for table `picture_types`
--

DROP TABLE IF EXISTS `picture_types`;
/*!40101 SET @saved_cs_client     = @@character_set_client */;
/*!40101 SET character_set_client = utf8 */;
CREATE TABLE `picture_types` (
  `id` int(11) NOT NULL AUTO_INCREMENT,
  `name` varchar(50) NOT NULL,
  `descr` varchar(255) DEFAULT NULL,
  `created_at` timestamp NOT NULL DEFAULT CURRENT_TIMESTAMP,
  `modified_at` datetime DEFAULT NULL,
  `created_by` varchar(30) DEFAULT NULL,
  `modified_by` varchar(30) DEFAULT NULL,
  `active` tinyint(1) DEFAULT '1',
  PRIMARY KEY (`id`)
) ENGINE=InnoDB AUTO_INCREMENT=6 DEFAULT CHARSET=utf8;
/*!40101 SET character_set_client = @saved_cs_client */;

--
-- Dumping data for table `picture_types`
--

LOCK TABLES `picture_types` WRITE;
/*!40000 ALTER TABLE `picture_types` DISABLE KEYS */;
INSERT INTO `picture_types` VALUES (1,'ICON','Icon','2014-04-20 03:56:35',NULL,NULL,NULL,1),(2,'PRODUCT','Product','2014-04-20 03:56:35',NULL,NULL,NULL,1),(3,'IT_COUPON','Coupon','2014-04-20 03:56:35',NULL,NULL,NULL,1),(4,'LOGO','Logo','2014-04-20 03:56:35',NULL,NULL,NULL,1),(5,'PICTURE_FOR_CUSTOMER','Picture for customer','2014-04-20 03:56:35',NULL,NULL,NULL,1);
/*!40000 ALTER TABLE `picture_types` ENABLE KEYS */;
UNLOCK TABLES;

--
-- Table structure for table `pictures`
--

DROP TABLE IF EXISTS `pictures`;
/*!40101 SET @saved_cs_client     = @@character_set_client */;
/*!40101 SET character_set_client = utf8 */;
CREATE TABLE `pictures` (
  `id` int(11) NOT NULL AUTO_INCREMENT,
  `name` varchar(50) DEFAULT NULL,
  `descr` varchar(255) DEFAULT NULL,
  `data` blob,
  `url` varchar(255) DEFAULT NULL,
  `size` int(11) DEFAULT NULL,
  `width` int(11) DEFAULT NULL,
  `height` int(11) DEFAULT NULL,
  `ratio` float DEFAULT NULL,
  `ext` varchar(10) DEFAULT NULL,
  `mime_type` varchar(20) DEFAULT NULL,
  `picture_type_id` int(11) NOT NULL,
  `created_at` timestamp NOT NULL DEFAULT CURRENT_TIMESTAMP,
  `modified_at` datetime DEFAULT NULL,
  `created_by` varchar(30) DEFAULT NULL,
  `modified_by` varchar(30) DEFAULT NULL,
  `active` tinyint(1) DEFAULT '1',
  PRIMARY KEY (`id`)
) ENGINE=InnoDB AUTO_INCREMENT=2 DEFAULT CHARSET=utf8;
/*!40101 SET character_set_client = @saved_cs_client */;

--
-- Dumping data for table `pictures`
--

LOCK TABLES `pictures` WRITE;
/*!40000 ALTER TABLE `pictures` DISABLE KEYS */;
INSERT INTO `pictures` VALUES (1,'4.jpg',NULL,'\0JFIF\0\0H\0H\0\0\0C\0\n\n\n\r\r\0C		\r\r\0|\0\0\0\0\0\0\0\0\0\0\0\0	\n\0\0\0\0}\0!1AQa\"q2#BR$3br	\n\Z%&\'()*456789:CDEFGHIJSTUVWXYZcdefghijstuvwxyz\0\0\0\0\0\0\0\0	\n\0\0\0w\0!1AQaq\"2B	#3Rbr\n$4%\Z&\'()*56789:CDEFGHIJSTUVWXYZcdefghijstuvwxyz\0\0\0?\0ɯ<1p\r\0n{\"E C6椁\Z	($B}h,a⁡>((\\a	3je-0=i;TUɗDE`h&(*hLlv7u;c4,j-1:t,j\Z%i1hNHb\rl[M)ؠ\0@I@sLc[0BR(Q@@\n\0(\0=(\ZAAҩ\0S\r\07@(\n	\n=((osTŦHb\rHАT1f-	`%\0\r\r=h(CLɦIR\0hi30@J\0\01R7 @\0C@!Hi4Xvi\0\ZO\0I9U4<\0xA,I:R@\0\0E@P!4qjT3\02ɤM!nj\r wS\ZJ\n\rs@E7m\01NqA!1hP@	@=1Lc\0֪CBRcS@6A@@h\0$PU \n`\0\0\0RP*R1(\04\r\r	M\0޹R~t1@\rL8\n(	*H\\`4\r\'PӰ!4hi4n.;\0S@f19J$GU\ZF4@3M$s@(\nwwb$Ӱ$5}xXpMHސ\rTELs֘bL\n\0y`0m\04\0b\n\0(\0bh(	$&sցG1j!M\r\rXcڀ\n\0(b\04qE)\0RbbB12֨bP\0{1\rjS\Zf\\PgN(y~tJ(8t!`hӰ4X=)aiӰ(n(\0␁S@TPgŠ+\0ҤViq8!1\0:P4%vw1sSEKh\rpsHp+@mj#=6P\0\0. n)c=\nmp\r\\PXh\0\0\Z\0J\0@BP0f	Q	sHu\0ڰ\n\0(\074\r\r<!@sAVbJ}h(\0\rҀ@ טx➔\0‵jb\n8°ffa74Z4\Z\nAӸ\nB(6\0E4,qH@ؠ1J°֦1(\0hOZ \0ژ<SB1N(h@Kiq}E\08/5\"o<SZcB₈Қ)\r<}=jo$:;asHxT`tިˋw9*qш!Ai+aujOm4X,>t#N<~)XD,6 #yN}g<,\0EKJ`>\0m\r#0\ZWJӺ#f;@4PP1(\0w\0#(0\n\nP\0x4z)!Hb\0J\nP1iic[2\0M\0\03^aB\0ACfXP\0gҀ@N)v(Py\0faҨ8L%XU@=(69A\"P0\"hHbb\r@41qJ(zbcҸ\n{:fKk)d!b?*u)&Ga|\"5s(Ϝ\ny \0cM#UN]MT8pP]9Գ\\g4\\<LDd\n+:=?kBRd0إ463S[44{o&{% ¼DFmYQK*źUs[Z,s{\Z)͉#mTڪ>Ioʞ\r[k11GdFeXF$	ŷ7rDAV2t)FLQF]i58\r(R<K!)*cXToAn6}/BGW>mЎRөdDPDarcUYA#d`>$fm9nld.-\Zt ?f\'i*P`F$qQWlQIq[6Z)tX+0]qC)=9y\0Cɦ4\0U`ҸVciw\ZVaSPP@4N0)֘%@&Ma҄aa \n\0(4S\Zjh\0Z\0\r\0tU8ja)1L\\![4h849	POZ(&&!4!`PRi@9h(P1hc(\Z\n:P #\n@\0\0SLL*I\0<:d=we5uHm] 3I0p$t:s\\;٘K$SMe_}ȋ˃	*Wﬀ\r6{-oI/g1DV-dݛhE3ar]\"IM7m{^;F#us/L|>(\0y\0ֆ%[W:Ε(>bHsҝ/qrfȣE&;Zbn{[G@ cXBUY?w4i\'WiBZ%^rNu`\0(`c$%`hlF,Y+M\nWvz8NDgS FDy3=˩\'GݗA[DӮg[x\"k_;LWa2F$c,vܑ5jqVȸiZ(<MvαY[qxb, ݚ(j<V_ԖRN%wM#5]-$Wdƚz@\rfHHn 8\r8bѪ\"wCɓEg*w]?̨I\\a<=q7e;:08W/JQNH|\Zko?ZҚN\0y⿁\Zm|D#Ky\0H-O9\Z\\b\Z(oݸMxfUm7FVgk<MJCo>:23ԩt8biIJ^&\\uOk<\0fBZw9p[2EfqM\0`\0P`i44j%1iR\ZMQhFB\Zi=h,(`	441Ҙ\"AjHUCR!GJnC\Z&1HCHhJLl91PhhP08\n\06v@ؠP!}\\	+mr)pRz\nWi\\.H),q2CGsIM-OSGK{{ۻÆAouR`>UB笎<L{-p/I]9T۸+h+h	IݚGf^$kTdQy&Ip$W\'=k+k\rFLS\\+1%ͻ,l+jBkZ7Er-_[H}><СA)f/ʀA0ͭU7Kk$-#̗[mD	KdರlZth$WVnugk`mw<R0`;#iP֏_2ܔm3aӵmzݒ͡i)O$ج*NԌ\n\Zۏ߹55//|ښ5A~3y\"6y; iC0Yuw)Qt˒5߻EܳG,[Kwxad-$G$?	O9ekr9ŶtԯfiϹ\'sHIǛ?.sj_յ9e(C6ZM۱o<I̓HKs],J5VRq-?Еn/ht\\iNOm@i-&)$w3$G\nL%5(jKZ53_ki{[%WM\"[{!>Ua<rX5n΃zvs{m5˪ڲ\0Ka9T-\"G5&~^}>OoTzpOD֛y4m#cDcuU}#9*$bM5]^zK\'%{zOi=͵Qe<XIQBݷ3ܚU]7P.z¤1`TNHGz{tk#3z#<PlI3A8(1@	@BHb0\n\0(\0S@#4inj\n\0C\07R\ZL.-\0H֘\n)+\0Lb\rb@fƆJ	4d*\nv9HWCqcp	nPH\0ZL\0qI\0ۚW\r拕pEĀQqv8JLth2+;QFKZWS<	<w8:\"2b~sCu=Z01ti&g$L*ѻTشh^kZcE..P$bDrX$8৆E;)aQZ(^\ZhN&m^U 68̧͑v>zw95=Sխ乥\01XSֵXbK#!9x!\\6H!`f=Q|%\Z%zx~olYZjWypC4\r)#i``n<S9EΊWS\Z<5[Rޟܳ&k;vvpʆ	FI*ĩ)Q	˖5n\ZԄ!Rq{KS>ÉcKYh2xɶA̽JFFS/k)gg9M5[,|C6ԧ<?Kn0MFiI)K(-&W<(7v#Tq*+>uөMͪqN\0_xpkZndi#vi#rIPh!z50aIԭ{\0	Uqt^H6N4O\rA´\Za,*#vva68uI5穭|=NUkwׅ[ogz-K_21*\0h>^@*@Va\"o-Wc8`UEYOkۦ[L%!ьLHf,\"攱Was8Jlїڢ5:\\/jq;|]s\ZLiRʟ	5<SkSZs_̷o}E\0+cٴ#+/ 1aIZ074y?q5&\rXF]5\rLj6TJ-.kI0@dI\00(YFK3SwRե\'{]LɄ\"IZ12+5\'%gÛfN-/.&D`4h\0AR\"<ӕRVWԭc/x~΍4w{\0--$m昍. l(0r\"w{z.#\n\\d=sQg{y+5dg 3y]	S|2iijjօ	\Z5H1Ҙ:Դ\0EP	@zP@\05(i\0(\0\"AL\n\0+<P<P!(h=i&êI\n\0(\0)+&K@wG4\r#!nGѪ)c1@\0P@\n4*R&;@&!j1vSb\0b3\']2-b5m7R󎆭+=N-m>n=z;VXKYGvEXrp\04zuUMu\'+,sq2<U>T#0;)(]nFҩ8ӧy?ׇ9I]Z;.WV-\"Ѵ2G(X{wcQy\\.K2ܘzJujzc\Z+}?͙~x=[D𫾿pVϘcC(A\'qVK\r(e-YSBRO]BUxundKKڄk󲸗IΠ(\'^iDGt8JVO)]yxGRu7	Y#`9kT.27,f_(֧Eoq҃m\0g.tEҫ8\Ze&c,Ye<Dԥ\nԕסRt+ɼirws.\"uAO:Ɗ2oVsKXzk\'v\0#NCѬ/-nt\Z;KUW\r[hFIA0ps%I\01QK՛6gPҳm5VgXBwb`\'Gl;MF)+s}H/u+n\Z|1<Wt;	\\PC6^tR~4*M+_.^!/q]J񿔬C:#I[8#oަWu\n4ܟ9c-kr˧[YO#3̭sYѲr#gdR5c\'Fzk;]uQm<GZeV+1_4Xm\0˧MGþҝt뼈mnFtRBQHmIJufK6;F\Z\\Qos7Ozh|YG:( (j\0-SNZ9hOKCi&{a6sٙtL]ZUlS(o5\0WV}ylB86rUdy<QRQ)J:_qDc*Gt\nYpnf_ %\n:K?\\+]v8O*+8, k&\r[ihdHńgH|TPpo۽Gu~5WNwTx*AsrHRoUIGH#$n7j%/SΩI9B5f0NaMh։qVFO5f@FMiI恋ր(zPXݼtF((\04T84\n\0	y2v!\0`c<P-P@);ip\'4\r;\r\'2Ph)\\wxDX9(Z@.E6p-\0+EiLA&RKw@z(\n1JPl\n\ZBf\nX\0I]ظu:g\n^ڪ޴v^$d*~\0w\0q=:87;J[H)ǧl@F.N+r°($BSrG:?Y//#H\'-͜\Z@ϖdQ!ϕ+\0_thwĚ>km.i/n#Wrcۅ`<7(\n<E[\0=,}:\\}Kko\r\0zڿ\"̵\\$pN R:+}\'*ӗugxkK\r}sY.IsgU\\+%<e9Ss结O/Rя\0io7r^Xk14~CQ233Kߦ\0!V\"xmR]:L/<iYI~rQ*\\#F0WyU\0$CL]L/T32JHF$PWDWg夙VO^ֱ]$:MȫvO\"BTm!2 kʾE{	5d7w5ٔ]hBʡ@j4jb.\\]QQ$3!)#8FLCS$14A{7\"+Y)fYgD1ܙDjw$VV,\"9nVe*mJе\"E$4l|\'佌c&%ܪ_63+=qo\Z\0k2--*ZNh`h!vY/Bx/n!`[x6b-\\Kkm4hMCIb]3Q,\'A.\"ԤKF\"!\0[\0)il˯>CV F&kCZC;h@gjYKi\0_}ȯmY\'75Mw4\r2+*P/vul!&Jc̎Fd\"I&b	*\rrURNSEf=OQEmWdhF4le%vJp]8ɓ{ݣ2IRaiqn0ofC]LSlkB>x\'ʮrm\nI6ڄn2ms\nV_1&v\'P&膬YKXu\r*:}o*9#d`8$\0Jkq6zNOGw1PP2)vCDL1V\"aZ\"`\0Z¨PPM@\04\n֪\0i\'4ƈ@ ր>@y0h4;)U\"c&zJr85Sqs@\rn\0\0P(%A79C\ZFi₇c\"	SB3V@3R@ɡ\\rj^?h_&1w;lkqd2}I Mv[ӄ;G_\rA){}?Ύ5B.fˏppޚs\rQ\\EiE͌6\"i4h쐡e}\\k^Y6uݑ{AHi_9#Z%#ZTcvJv=?^3K#KoBddRngZ^.OP~e_Gn!w1\rQ($=L[Xƹ#UAƒO;qvN_{~et?ЏZA<˵ԑRc3>S?\0g+֣*[v>zy}]DL2MqKFkxHwPUTK0\nIq7ǐ&Э4\ZT7̆Sl!NdE{0Uhq5\rfwka@%I[grP,&\" RXrz:1b\\v\rsy&nɣ{smoҳLAm#S-\0J1Or5H[_1N|k<8t\0Vt_{WA\'wFvttpˍLj.IB\nk{sk=۵ԑʭoh1d8o\ZI$*!y%hZZ=H־]0}/1ۊ~Q$ %sy߼);lUKB\\GDIm$^Z(a\"FeC\Z۪/q,lTo_^ôZ	ƶ$XggcO(K\ZV)&tX<ɠ$qn-+\'NⲊФڵ0_r٢	#eE2#!WBW)\"\Zi7:\ZxӢT p̉e!gR\n4$Yn{~h-sGKѴh4/JG4}dekX.r{W>c|E`ȶUf6O}\Z,sm+[Mi-	$s$Iv[2DE1j\Z|}?FHoy}mam^F#)7Z3BbGb)<o3F܊m\0Kh2/,Kp.!{vM:{~H%KH&\rD~?Vw3U6h%\"Ő45 o-XU8JڥkZf{CbaOż1g8,[\'c.ݐs澡-N?1Z\\5ee%;veNxT~\\պm3j.VRiqm,d\"MEnb\\sHΝO!˧j1L*T	Rʲ*2Umc#R%Hj*Ne\"29`\'@!a@\\CPpBb2yk\nabbS)E\0&\0<ph\0\'MPt@p(*AqzzUXv5,Db]BP!L\0k7ؤ*R$\"n4U\0p$)Ix ;c֤0FN@rA{[][]?HwC?ivӐ1Rb;Ҝ_Oɩ64;o2)fyH\r,C]-wx(t_jJXEahemx-\08,۴c{o\Zic\n\\24#;mm.blD\rP\\Vڷv\r;Z&f EJ$hh2Ȩ7ˈ(zJ0R[iy[K{kRXR|襆0߸hQS߭G\rSgu$2e\\\Zt6vr+-ԫ:lZm5mO*˶6:H	0Uc,ddϩV[kVeHK\"(3 \r<Y;VFb+/]\Z\ZdӫI;+bT\0\0!vI.BMDR*fܱ]J\ZRs.ďʳ<ǙD0F]F|BaeF}ďeQqLRvvxg	\'`z YZGhf\"E%rcmo6Xť7uRDIU*ͺEm2|g{lko[az+{ucb5pAcMܝMC[Ư<Y>,n\'hF\"BQ@`0qQ߲.бAAi4$Y&G,yD IM΂9EkߡcNu/*hwg2bR?A6vq|̭ 3\'m.NYe|\")mm\nq\n{ڊ\0~qK4z#`\r̖[vB\"r XDA\"(6\ng&k!E⻉Mr6oݺ -cy6DXشR\"!)Cߏ^wC{ٔ%ou\'OcyİDBƓ	,r<HLV}3o\Z#Z6C%P250cHDlXᰮpƽi.VϦ`\0t\0˘o) A}C.Pgl0T-n.Vliy㉞;Hf7Mq24X]*O-J7vmЌk\r-1N\ZeWC /$eyBFUE@8lF҂}QЦw8մaӷWdE#dfHVS$*5(3JRMLq.u#\0an.9\'<ed{G\"̌u,&H!q pNϙ6ӊq<8)q)\r0E\\5H\0c	(\0\ZzYUE@\r@ƑTm1Z7J\0<p)j4v+a(ڀS҂H҂M\04@3@h,(1M\r(`cA,xP!\n4rhbdT8}*X˃lڤc̊BIixHlӄ[FkO5EQmM$Ѩ9p\0\0Y9@&ԒJ#H:^Y$PiIhf[v_wG816:FlP$3<rHL8rI$_*H#\r;Bm53pZh\r;1Ko\"#\0B1u2$!rC[<~a\0w;3,o&vT`1N3U7۟\058}iA\0U	lD^n VNIOԫ{\n]EemHݹ!h7G\'nK%dRxBĆɵݬwIv\"\n&Y\\0+dbh	,YV~\\r[3]E1eKi)>`.A+L-B&Km$Fn%B#+FLKkctc\0N(JJlU\rg@фrB=ٚ)LʭkDخ~eCZ\'\\MM!Fm34tP,6W/\'Av`4D)ݣ`M.duyVk[e0<WvyfN\n)/G;^\nTn֏뺴^=Ţ}p4VRd+23d9Aӧtz,\\\\[NW:D?f^;6kMqysn0H	u^\n!J/-JF1R-Z˖O??2ǂ.`};{{6e2Ï%Xp\'$hiWOWI}^w%E\\Gis	Wt\"!}8eBElJZoo飄N;ݫϳ_3~t7pMs3O۽N6:-Lە%V\"To8,$ו}|吩NoTnskk̰H ?&Bj7\0JeTvE2\rJP4SXT+4qF$WXcȭؒΎ&4u8zs,In5-\'RL[Y007	V4S+4yW\r J)bmo/rg.=7\Z[jgɮ#KwE03{n#*uub.E77WZ>au\rΉ}_4~|rD+)GG(cYJki.ۦ?ʦ]U+Nvk5y5+o&ӥ[{H1MțZ_NXkGvwZ;aA[yf\"4R%`F\0huU&֧=Z2fGAq^k6Y&IK([\\H\'.}ow~]O̕Ft(=*Yz%l(dB3)]X	Y{_יRFetY1M{ʼUe1gk**e(~\"m.mK[A,136$\\yqP{rv1	1ixߏ~kZD2F\"ڧwY[\0uSQq՜!{S3FDEZeE\n}j\0GL⁍=h((\0hA!@	ڀj\ZzP4\"Z\0*\r=i:P11@^aMcrjB\0\0&\r!s@PZe!h TD@\rJ\n|h{Kځ\0bȸxLZ:$:ou|i6ܴ]\\(ϗH$N=\\UG~e%=].<#%LmC?#1ڤR3֔8֍GT\n%6%HuѱhjHn`Uq$QgV2[\"GcIsjg۹,܌`ɐW_SȻv4Zș[xU<iHIe`r0Vh\n\0$f{$fRddIdrs\Zkc闒)jFJM\"$9xXnr77\06ԟ\"-sm>FỺithVwVq)%YXܰᰁ<K.͖${)[Kkb(}Ď%SƘvǚ2sSI~?sZӏ2Zw\"Ta	dR弽U(B<^c4,;f7ݲ2U9_GuS*H՞;+;hQ!h4OE*2d	dK%U(AgRc\Ztݕe>mmRO\"eE͵ A١,n;Y~=jmjpϳyߌtk656&Nlᰰʩ3HǺdY]zqu\\\rx)8ek緯ΧUrw41`o*I ($g%e֒mJ& }ՕoT[{AXsgs,$vlr]6q\\RjwxyE\0]{k*k?<I}i.}usi#e[mȁH89lUSlLqN\rM薖۽fjwȞEJP#ɍcD	&^@\'5U_}K>OJ?Իۗs[i-:{^\\y&7\0#\\4UŻIj:bIMDm6B(bK%~pjO24HYPykLEԍt}4_iڲxytl<$\\\ZxϏTTdys*NZjwesj7PGo(\\6Vh0H*\nVJ[+_};}L]:\n\'}]mC\"x=IuU%ޤs`\"-.Nr\nVJZsN!$kod][A58 6,K.,?\0m?I&6juΚS^ӵu;.,{xY($?\nB	DnP?z>d5Jg7-\Z\ZFwHM;Ee;y~u-HmB[\0>72@e:\"75\0ϩ75$.7c-[]X$1ydct7+m5S#%(+І6ѭN7A$9[G*\"3@^Z%,<O,˴F7cSFE$̰_w1&dcY\n\\:3!r:56)G\ZVzSoi]RcU͕:ZhZXF @F+@̫8l\n>gwGoslZjaonIVGZuF\'v\033MQ~[ؤ̞hk#!U~B),l zȍtakGRĢ[KT0vPm|)cmyUm/4^.A=s\ZﺱOn0fezqR([UD9>Hč֨h5i\rP\r#\'4\03VXqJ\\h1R$Lda(J@І(U \ZƘjTOCk<%Qoa@!₄1fD4\08mbW,8t@cC\nw5T&&J&\0\n\0rz\r81P&8.{P𶈾 4VəOJ	v<ERW6MUG,4+%:>{4LK\n\"DP0Ͱ`ys 6Z=[)0sjЊ~dQ fvgN[TiioR4Vc8KGXVRp>]AFLL/eѾdo5_waE]\'vsGﲛweW+s)1i:sM_vJ2,oaZ[Ou;ty>b	9+Ƒ~O-q5fiˑ\nDF!ZuU띭6oUBm2xlȖGcK-L^/5Ek成_i{R)ԽOxkNSg;^9YU>LSĉcL`n8*ZTQt>\r(ku|zsȤᔋ[d-)%F,P6$璮\"}tZk=:8(ׄWh/t]7Ҽ1j\05yXݥ\njB2H8¹U.Ow\Zpk^42<Uދ}DQV=9\\F\"JѸT\"6G Q(\'ͫ\0a*=EO[޵{=ד[\Z䅒yFK[}uB\',\'RV~S~6|]jn巒1(_65Q.\Z%\\pdC%_ScU#Qnm6<Esam}u!fogyoIx&FTy\0zq%+䝖^m_Mu\rRRMs_K6Ax(cEcaVABsvW>VaS<wMt_!Z--2{vYpJ\'\\8˖KSMN-|~[oMs$V\\o@y>[\nwYԩ^QU`iB兜Ge-\0ku?ڵqΡr\0f[?Bvnz0+CҎOQO|j𴺝s0Kɭ62dh$IlP#EL	?wo_MF8MW%jy煬	oXSr>n6P$+$/v)ƥZ\nmoj%̵zzG<jëk{kqip#DB#H&		n9Q\\sJ=U_V\'(}zvmyFCߥEb{Z!$0E1\nDfI6Ue\0۴QI=\n/o{ڥ,ź=k>Ԭ\Z\Z	ԤM!wCAB۪OvcB\Zc[k7nmQ:NS>G٢H\nu\nU2ҧ8J2|gQ*UZz<ڼjz>U_j\"\nvJQaM]]u6Ts]>\0`?uf\n[coċ\0R]y 0\\!RϘ.aᶗz!b)Xj;$ky-TLA}2Ul:Xezz\'(iկy1<YeqI;$^tͣ7+{ qz;\rOF\ZKtqW*2Hms;JuuIaya&m0Q3QȀ]n3՝\nU#úX;K=$\ZkK|tTS}%~7P>dޕe5h\'ûVzj:}>96e$LNkf4R\n&TG,USL^i76wP${TYϙ#97A!0Ys%.zՉ./)hVе$64eK)d!\0[׿1C<o?˭wGx\ZnWPۘѢUF#9:g=k9]JJڣe-Q&j*\nӸ\\i\\\ZU\\w\Z¨.3n\r;w1LBh)@\0ɠ!@ƞHnՔ(<PG^IWhwF*B@	Q@-BbW@! v\0b*X{R$;!Ah@	qIq!; Ӹ!bRv*Y(zJZOIvoJi֐<jAۓ0hsg+h4\rYSjwFj~%{smn+ $F6CN.Ksi\r:tRsQ:N6\'*7vެjqkZ^Kwo!ԞVvȹ]iXq2\rfԶg#ZWwfO\"pљؚ+r[e~逺k\r42k6v34s\\@y&Im1eP:LʮΊ4gYpL[K3ZFid¥LY~Z~딶,&0?nXh\Z~yjǛam vKida7B0xkםh6jkq\0_l/oG{q*;?\nmB]]\0r)F1*N\Z]PFh/K|{Zݞ^#rFy7\nvhlЦ	F)TJ[UXq8ԱzI._ɾ jz~d^vDb96.Wj(J>%;YaTK;KG_?[|QoQRGG̼#9t8Q\'浟oSy5iAor6.{Y4e ֒>T+39$ťK\nn\"q|Os[CkYa}?MӀiBD$\">HZ69!\'U0+ݳ:x*ќMuw?xOԤ4iề@9XJI,Cdr\0*:P`*)r]ȵI-j8c,b*ۜrdf4\nA *Y:%\rv*\rҥ	){vv\nm^b0ƳYYv)YU^˨\0K{\Z:Xr˯mz򾽋^u\rhMXZ@,WkPɵRKWNݢ*X)R_^t\Z/juuq1rp`L7(W>dNJF*cS^Ѧ#y|§s.i5oefԿƿg-7tW,ddfKelSU@\0Iq88G_	ת|*.1\'q#}*71H`L91^Aݹ,TaR3k.j\\vI\nLebPTg\'p˘B4En\03Ja:=3LռW-tNIK+:C-9͎PR;J:^r{y+_/Jroc5\nsn\'keFI\"gicUp*Q>別|=ᴲe}BX@rmMFXHjgfp*%Uԋc\ZtR/:æ@m-L\n7(nB{p`hIkﶾ^S{_v׽\n&[jl#*0K3pw_>\\RDeo-B5-im:i_8\r s\\xL-LLXF^tbkB7J^\'\0\Zk\ZG$iZjacR.dE\'vӸgMzNg	_u<U!מ|O[Io	xIe<$,dD7BF0<]NNiEԿ<7*W#i5emֳ[ۦd<i#%p\0ƪr}eR)+?-{ur-$/|9umH\"@XPN@\0ԥ(\0[Ϲ]~K{Ky<uYd\n\"w|YW_45Qj_9e~\'Fc|dxCLNƚ~}0ew08Y6\0\05tié2=h	i%=\rf <vȧk/p	g5ϯʭ>1!uiZkҝ#ɈUts+01A#vS05Wj1PPhqioj\Z)1ց fq@yG!Uam2j^:\'qW@=(\Z\n!{&\n0E+\0aXwXLP0	SIФHif〠75-1Z$yJ8Mǵ\\RmFAu>Ҽ]kmZ-ľUŜiS\Z`>&~l\\Mu%wNX%\0:jKqjys!aO\0nU2xN+=RguIms(Iu@Z+:7b*p2I\0wsMxyx\\YX-*yW|7!2*f\0si{CX_^GyT:mb2A-svX8cہsTzLpiqhZ\r׬G$6ʊ\0U\0^m\\LU(\0|׶n,%f-%1/䤒\Z$PU5(@@*xvw뵏UD]~[론s/7o	{iw+2o62%r*RYu=&+=_wnv2/jb[gkK[etDQ1\\t\0`\0:aKR۩RI7JFk|?jf^פ48lM,\"h\"VFĘ׌)|[\0(VTnf\rkNM{xn%棯^j7ȭ\n*ȳ\'`@wo@}Mm\0|~%NxMn࿇:>WN@vg`H\nuĥN	ax*KV]N~Ө\Z2/E;).J<NC%l2cـ-泎0\"\0\rz}ՌpO5o6Xơ>sngg5wg(6FUu{T99XվM/阺?_nL%ն/(K\\\0RUw0nE:˖oST%8|*ww:Wë64aD?goc\"*Y-J%.zswN^XJQ|:$/xNO\n[SҬeÕͶ`<r	FEG.-ƤtSx5=ww|J]\0ߙrޮ{^LZ(WH!+\rk<\\C\Z4$潼_\\xwWY|WXh..ZP\0*0助wnUEM(.nt|ue3\'!\\|AuʲiS;ۢ\036(ҍ\0;~[ׂ>-R_,ܙb|1nX>Vch?01T\nI;o-ޅ!Y\"Kidu\"\'\\0Co(>5b1q+Gt>M߮zSi~}mcsZ^-\\#JVHZ-o +\09iԩB.Q\0M\Z8WHOg!Ь.u)%[ht-YvUX\0AP\"u8f+Ԝ;[V߽LE,.fvs\0-<Z Kb\ZċqnX1Ðͱdh\\WS[\0#b{(_ywЩiiڭx^K٘M[m	H$f0<@)<JKaۻo<m	ZhIy~_ƒk:į%`m̑88+HX+H<fom)W8TzX]+_:Q+C(\0B(\0p}]\ZJe>vGR;Z{炼9ᴛW\\O:C4W(ZܑˍbO9UJC,J޾Nߞ|qXIm#8.SLj͆epX(ɫENӥ+=(cݫ%/u/-5;s\Z¥Zfl%`yU$$+BJZ7]$pIG+h|>o\ZhCOO--7\\T:I8umx8wKϩVrt~F\'tY.n&>d[E\\\Z\0~6EGHUV\\g0/.g蚥0Iߔ#e`jY7=Oː%uQoj[FkfPc}J\'T	.|.fLsm֖>|AeZj6EpӋ˯-dI_IetyEE&AIsnxZ^%XT pA{\Z̨V*l+A2UUqT4 8=4iPxj`#\"	T4ހM0qH+<\r((a@\\(\0B&(pQ@m\0	hE\0@b@\\pC&b,;mMćrlkm	5K{V\\!PAmf[,@ǩd\\	z/=z7<5k([Y$s\n)2aβ82ݲPFbk^=}M|#fEm!8RɀJѾF\r\\ZLegEC25r*0朝v#ݗhkv6o	x,+Xw˱e%A#Ȼ|8ʲϠͻZW:؝R\r,[bގl\r)jg;+\0ßUG[e5M<S⮧am\'-#$\\H`S.ӱWFR\0i\rs^*3ަ+i}]X%35ɧ!;\"d+\"Mz\nj~Kx\n+:*)\0jݟoV|7kV_ۀݥ~ew)*Pm~թ5\ru-X|=:vzo|Tn5/PQŻ\"D\Z,BylŊ JÆ{	NN^[+/xYmbӡKXk(h?|<(Bg\0\\.J}w-j<<,oZ;|uަw\"_;OrXgsʗ,65ܪw>+߉,ʽrIwv~q$5tr6ۏ>X]3_B㣍Wt8}_e\Z\\f@1(8\Z$J12J_]KN9KBT$>s\'TǊ<I>LZ+oyr:}v8s/~n1*Brkg۹n(%է/|BJu9c6oQb]%\'dnMh<Q2<3G!W`FuW ?#!Ҕ)t)VjZ~]?Śĺƽ\Z+Ǧi?dĤo8C8ۗ\rX:ԩϞmkxƔw5}|г~i6?w#\rDTwߵjl#yu,owa٪{eݻ캚6Rxĸ\"ޛcBA*©UcmgW1=ۢK7~3N	;pL(fvFYBsu>fR ןEdڕHmsúzImm=&lIl_-eYPTnumb>L%JI\'.ڷ[Wj*tڝZ[ys0XfUd.r\0Vg v*tM5t)J).Vi$_jOx~5HQ角cU\\225R<ʕ\'/}]5B~2hntx\"H\0bErR5:X(-y_VU$H-^履OxDǈFQ4XbB+mPXoBJd#͓4}u\Z~:Y/O<RDd\nddP)CA+4sR˩9MJ\0@^.[\'h׺g5{wVo併k9S0!aE*e`B07ԯJusF_鿯|s66wF>S*pέ z\0d~.U#jQJ?;U_v\0)lKkF,׬%\Z3B 8]kM`Ռz>c?}Judٝ7x^@\ZWkSN݅o4m$SYghqx^$Z|ca^\'-^n?\r&Z\'wcy=EBcHwc0j*߲ӷ1^%B^[ymgLҾP7ڍuh,<Iy*g!l̪IM-c}3\n5!\n<4]l~WsY4u\0EyeA4M\'zu{\0\r-|4/cQۯ{<YV}yYZj18KIe*O}:~ԃ_Cqjȫ<f$uA˨Uan~Flk2;,L}\'>`cěׁ5II>]_\'9hزh\ZіVku`CXI7e+?D820EFhQqZ\"Vf\ZF(\rP6M\r\rP\0v*,I\0\0s@\0\0P@\0(\0\0I\0Ld*Hl=iz@(p\0PJ<\n>QWk$&kN\Z/\n\Z~ڤ`}	K[\rnn[JB2 \"5d$WHч;}T)(F-yz;%QB 	ݸ=QoVxmSί.h\'RY.RS增!B2%F@mGr	MVuX]ܵõΝsmI<%b!Rۊ>\rm\'tZSp#|~&kߋyhOݺΪzAzg!y}a4;>%)K\0<\0ǚYx~Sv+pȑ:H2y$e$^e9??5J+F;ɍ/v#\0P342HLdԠJUK3NZGFy4eajM/ʨwAhUK\0qqU)pzk<eYaoOl,.5,.m$[4D/%p~csSN彺g=VMm5KW\\r\\k\Z엒> Z(ʤ2[|F\"Bdb4\'&xV~kNWLt>q\"1p\r	la#v\0I<jvM\0W9ӧɯ\'|	w.:圮eޫ!ڛf\\*B@)g8zP)-zv\0>>IZIJrV\0#:-R[hE\")UfH~~I\0bNz[\\UJ$x~MsZ$5m̱ \'Rb\0;K7`~MK_q\\<T/\0i^(俴OQlqJJF14wp\\&ҩwz|i֩ft쿣ha#_L?yFFd;F\"EgIaTwyW]%cu-=VCwb/\02X[>`x\ZY=Gguo˭KiQ^׵龛Y}7R[i$OH efc2Tǀ\0u]SJE<-)A	NMև8%ͩp-\075NĪQƤ7nry 4*Ы.egbaRQ$nOD[?Vtk\0\Z_JeHԟ>deY36T6WVk7\0;[P\0gj}^Fmx<-=j[YPUw27H1;U8+\ZWM_gVO;Qig],>4AcMfb[}F5eѹI61\rnIV {50Xzm|\nx*%׮=ďxSյ[\rEk:TSc\0)yo#>q\\5ZTZ讗W\'*Wa]9t^[xo[摌XZQ<f3$\Z=^.׹86V[cϵf_ubKd,i\n\"fXW\ZzV_S%\Zt5hY=c+{]uV:O뛫C[~Ѳ/ݯ3󗈀$])j+)m\02JqD7kS-.ܡ՚)]Z\'ј=0L|nHeXt^^\nxM{gN̛ϖ0I7lq\n.ƴ<59ըdӵݿZ,\0kzO-<s	7ZiTH>V1͘IaQEl:0U0ɿ]#u\0Wg xKp\\1Hܰ\nX	{W^RgnQJ./u\\+^ķ5}5Ȗ)UIYYCW#nxMзS]l\04U_\ZvcM֯sloKs)i1Ym%r|yBN˷٫]pTlޚ>~&gZa8hl$\r:t)˖rU^?3:aR<׫ӥ;Mm=״ipFm\\a2 ;@Hߌf\nXy¼~\nd&yTdT\'ve{}K+iϝnxa\Zy`v@3%2ף,[\0_#a!9[_VʱBk\"U#ě\\9`77\\z7\0iJ\\o2,3GX8*όn\0lM_ߟ I[$Ii+ævYR9GHUN~\\1ya~6*\0PpZgC#qT jU)8\r#440U(\r\06LGDzWyCq@\0\0\0@]\r\0ɠ\0@\r<T%^{\0\0q@Т9jDHB<-Eq@Q |;ӭ//u!&ŵs(ebI>VtO<G>ڥH!+J&ڠD;P۷#n{zTudȯ/tndAX!k7\0ā(57m}QV۲*@\\\\j3Cu Zui\Z|ۂh1q%<]esOe:{uY{V33޴dMh$\r\Z+\rfrIKzB^Ϯ2zڛ$\r$,lMG.܇vF7n|մaO:MY%m<SKaFuw:,Ff\r)acg!|2c3^*J1uRc֕ZʋܓSgda6_$9h\0J<ؖH[ݵ\"<:?՜>XGKoS\\qQJM]?.buNK$gFS~3;.|訲|s*kض37sƤl9v>[n^{9d-!~e,1WU<,䜛hu1\'g+=Okru;ɠt	q+jG3K,6g6qzKۯcOIYϫk\0&P< ,{)ܻ\\3ڵJS{˧uaJ^Ewznq=We6\r.]mGy+Yi2JByrsیpl-\ZRkSq]J=7th4χEZX\0%Vp-rpeh(!\\c<eV>ZqO=\Z3xx(х~!/K7^:3\\X\"]2F\ncdR!F:).Zq#g7ynO{%΁[Sv#\0įc2W!e,K*ϰ\\^g<Ti߷}bǟn\ZM֞J_(ƇgKSR{gEMʧf9kV]6o6,%VOEj6<+\r;ทF}4fDlC33C0F\\քGS̭:|MZmbA~-RCظHiClx73&\nד:QKNW.U^[^l^vy\\Wx䈙\ZRD`^EE[ӥ\0-=z9toxujN/~ֵ&\0k^Dd\'&eUhN/wN+ATjZ>-JVygk_ֶsOگYt\0:ݺC)j_-a%6\0q_ixy^Tcv|&U$l~ǥ?l. ˕Q%΂s@2AXld|+`x1YF6I<$yT}7/`Qm#M㿇\Z=n,8CeTYep~h*q:O߳2\'Fњ/멱>[Sпon|;y[b$(c7\r\"fF^xϬBcz}.J$J7cƾ_NeMʷX21Vگ(}^:*kW\\lסm_޳`[Zȩ-XHB` 婵8J+k;eMrY]44׼A|U;xD7|i,JPk|ݙ/TI7\Z^=w2;a	{m\0=_ak^+ž/;\"h\"Ӌ\\Ix#\0*d\n	hCE:\'FoOguj6:_cMH-%j	# n^&OS=(ʦ\Z\nZomw\'o}zvqIof}[j%.2/<$}$|O-\\,wv*kI׻z\r`׬cӥ!D:26H|o$l|2j}>NRtzX\0i=֗5\\5UQk觇eFb+Z9+Is|Gy;4\nZ17#9e\0<F	֍4z4],g4鴝+ndՐK=BGFpBbI#qM(VXH*іg5A\0}GJ}l*UJ]WJY$Elby*ѓKTrban<]Oy\0	&IPcw\n0Nf `$cMO\'U9Sy⯗s54n-6*\079\nxk}Y^g-zs\rۮjR:ّy\0/\nphRx$F*eӶ%j݈$?5Rh^@$`玕WK(pMQt\\[^ڴE<U1@1T\0FEh(oz P1\0(*Oz(?\0&3@1@(phE\0-\n4\n	B\0zK`hlEC% H2K)\";E,TIaiZ̒WZ57R,0.22sڻ?rnpT%Zn\rޱYYYa+ypm28زLFBsV&,f\rN;/CW>vn\ZKr#`Dk.@I5RsMzwdCby,`JL\'SU	sߛMin_giuO^N\Z֋yv\'6\\$h+#!gf: a)uo/ӱYyٻ;>Tޝi46kk\'[{u\0%ĉ 7$ֶRl?O|j\07foH.fr13c(Ea*q\"\0W:aM$LZ$ׯ}_6^/=YX[筌D>MݒwIRg猞mG>^7n---ܙa	O2ww*6GT:G-h]=L->oxoDnc7ZEly\\n\0nLĜ\"OLWT\n5\'8ɫ7.Ǖ<Bno?IxNk/5J>l9 ŵ7\0?dUEsXv:[5Y]f<=dB%v\'y5OH=O>vkz:j^XͧM/R9uSS@UGk\"?4R:]4-%~ާv	\ZWt}Qš]<oK}~Ԭp,;!\'R\0NOSWDk^Qewpگc_S\Zfy#2Ah\0ősl0S-v#3F+wIctD-#Y9\nŐǣmA\'EwKRw<x5($7\Zu\\mCarC.~0v\\ujPVVwWwМ-ZuK~>6$\0m%,ͼ+S2H\nuTiSןoՍԄ#)TVv]Wyχ\0n\0ZK02.&dhJ9Fqd=M!ӼwIc}\0uZ\\f?\'\Z-+d\n͆V8XNv6ASSU+Wz\ne\'ך~~I9gJ}H<HGONͩ՜/F;>vqکlWDz$$şMF\\^$*m%6*C1{ʛ~Rm]Y٫k~_^}\nv	&n|}m-qyqub}8FF2;19}bOM>buS=Wvwŏ_<ABV7QbOCpdHUs\'E80ɻ_K¼):mm_ឤ<.\rsLeuyDuyUmTk\\q1,R^lqNOO_`#f,\'VV{4JNрP9YPcfPĕW0KYAFͩB*ۗ%W~7/|U>\"\riipGb&12an,e:<-ˉQݜJr]_8=qG0X0GXd2`g6(Nkڳx-^nXڵ1Xj76Z5r,N\\p	Z\'8Sn׮3wMgѮl%dk$I$)C@1y+9sBk-ǒK#>;Fx{^5VE{Q\0~J+ {\ZNs\\8wdM\r7D͞5ܚ߆5Iml\"A$un$d`s|ڒ\"<`㬺^gI,=>J\\m[=zaojbQb!>[>L `v} H+)%]Yɨoo~__i/0:$%8v/F0al0BOu_?#lR=KnGMm%Ђ{.y\'+J_6|^z	N7[߃le[VMZ⺶Ŭ^\0Bu\"_i>:6fcCO6<%ߙ^=Լw0R9FEo.GfA$c\0s*	2\0\0F?(`Uc̖u{%ǾTƛiўoG-ZGpɿihUw)a$Tg4_4+%\"G0\nd`ŲU&׳}/Im}Ks8]f1oE9*7%\\^jv⃚lxH3VDGh#~R)\rT1\0\00\06@&\ZC\ZF((6h+<ˡ)@u@uC\04\0@Y@=EI,Q֐$!1U4DP>`1@q>cn,-3m@lkI^i#m滽E[,7LLFҠ\rz=|Gq=>[{,)ԟj.g;*F7m\03Iԕ쯟MN#nd\\Tr	7Jg<jU\'o[vY9ƂH)7I\'rMpa8!qW4bNj\0C[c2y%gashՕ)(GKIy_Nt]>wޏY\0nYy&S\"ވxyA{E.YMȾ7Eī|`vd(_ylN\'9*tۙJ8J%+ޟjk+4$TKݬKAC7drNo$J[T6K};\r[:7wI\Z1_*L>XF?xw)#k<׾[֧ӗrM-Kv>j%,fpg̋%r\r vRT3>X>+2ZF-7OBJY}E>|}(.\'ʪ2_i<*3h{//7yNiV.3mSQk;hH:+%!r6i$Ǌڌ9`m߬j[8}Zn/<eoDqcǤ\\ݶb<:D;\\\0:<Ƿٵrdzƅ?{}=ջ|ߊ:ߍEn[\0\08AxRLn>&o\0|?Դ^0#W%+#&0U.If\0cR_F5eﴟKO[2HxmT\'ej9\n۴\0pO˓T҂v^Gmy,=HҎW~;[[ohZI_19c]5i9|[u\\t)z_kwGlO\n1KӯaF0|jyuq*Y=6!`JٜHl	drOJE$3s<`}\0\n-q_sWM׵-\n;6PAZÞ0xUO=s\ZW:)שESvgS>{| >fH0ÑwupKNv=fU9y*%/6{\0_·6,m$v%\"ݛz$	$>c*\0\0#eӓ{Zt{\\t+Z|_t=-o$rGqo\r2HX\\@pa7&\"XXҏ-\r4K_j)TOwZ[?ֆO[KW}R[E\\Fbc+\nr۳\\)G%Gm.<FM\0#ƭ~FCE\0:[Q<2U|\n	Gj_-5u%\0<)`j/~κט\Z.0J7BR);\n**bB`7$3^^OM/_Cؤ-)Q@v`ۥt8ٰq0|lg\0fJW뮊\06ĉWW>eDb#~BĮK*\0UچkN5Ӧq|tg}wj79Q>ѥ\Z{$aӯm i$Ǚ&bxc]e=yf^el/#WMm|5?\ZbW;oSn[+篫VaI]J5<WQF]Σ^߇>!GirDݶ]8\",FX`իAЅ=R:9\ZT*Iolu\'|]P{f$-Sp	+3Ѹ14pg4ú5k*po[Tns%nt[R;in{G\\LG).ɽ	<n\0psSG\ZE-u=اKgӡRxOgl0	Wԭufb\")&jt8CY-W|=IzKYy&ỷཹXo&{iokjcdhh#vrOkJRݯ|>gAՍZi}~}O349`Ԯ,{..4$IW+rn@AE\",qȲ7إ\n;\n3S\03qZ4EoD˳l1f1>ޢ;je+=VM7Pb[y\Z\'H=;v&ZGAJ#nCU4w(i@	@\r<\06\r=hCB*\0րvyg!4Ʒl1!t&H2\r~tI\0m PR(ځ1ݪQ#i1HdQPH(3jVupON洎қg:\"LV57G3j`@H2OשfF׼K{L/+O\Zl	7#inI&+յ7ߡ%r+IaՍN#,,25Dl2DGqpC`2Ŀr-s儬SYsp$8gd%Y~K,C,vƛq]|[*ܯ-{]fEpYDa9S͇rv\0y\'=(nt8xŅVv_+4SIw˥YMnymoTY9u2eN^Jr۷_?]}jS_DM:m..-4QͶHwJLgv]YH#ߩZ3+z>D:XIS_~&WOxϨ6яE!k+Q\\v#劼^˾r>G/WEi%5{:yڶo5X$P:7Ytb\'9,x>\rak\'\0\0y{A)/?SOR{;)4څKgjRO%IBW#3\'+R/~+SNQэ5v^$4!,]ca˫)y%GbFF*^~=CΆ\"krN\0RxCs7nuAY$V+d^k2\\]ZW*Ť8̣p8ҽJpQ\\+Ti\03J-+ n~rDoO,3\06ghsR6o\0+Ӽ+`KWV0O-cp02ɂMTJy\0<fZT0ڵkt\0O}$M$˷|̅R{t8iF)Zn-RXj6l%YI\0֪j\"b!grntZ_&<;fi?5uǵ&FמzWq2;\ndozLkeoSҨ4wEL\'Gq418[iF[@?.J%x;>\\4ѱYLIAx!e)9Y5%ORVw}|}Οw.ɤdvm\"Y`bwr8fleYC\"y%M=WܧUe\'_ÿvw:et.9;{{5?>\0=<J2~xX~M뤬}qm{WT\Zޡ]cTe=L[ d$}C/rX*˳&0ZtMMZfuk{\ZG(UZy>i2Y%C4Vbik}8lK݌-S@xfQvO\'[=yRBkĻ&b\\rQkͮk^#S|iknf>*ᴣv+/u9gլ4Ԏk{MB5\'}`ev²npBQM}Q$I׋϶>F}o8thm u;Z1\nĠc\07WnUrdw>wjЭBm7t|E.biV-5#ᗄF6Ś\nqEZhKy^Rv5|</Um:;)ωDEy+1)*W\"dሕ\\Uh>KzԨSKp}~ٕAM2ZūۥD#&BRijB~#ZJw=jvwR?5+{R?xGJWmQj2|G;a[s`GX+t()ߗIۢcʝYIY>gcrk;D_[ڣF6⳸r[8Z4i+.+\0J^+V;ѢQ72ߏ4=L@Q;~	U*-?=t2{n\"VbdSᕶn>Z8-}Y$B (b*Mrq汛1%~1!k2srX6%z{nסH.*u)XU\'zH46VP޴\0f1:S\0E^Yj;\rLbb\01@\0n\r%)12J@\n\0vPEluIqAcWLJ͡g5$xڍ̊]9;+jJF4Ykt7Mv\\܇\"IGUr,9P\\\0\0\"	\Z=,9}<wr	(wu|*FFǏ`}\"sorηOi*g6Q{wJdIhd;c	F%i/S_S+5{ZJ^\r5\rj<G2B!eXhܳCUbiӌ\r9t~gfuu[{.H<Gii{yR+r-&5C\ro5#12ʌ.H \0&)-]ݱꥋTeeuk5}jndy h_k3i.U`T䌝+˫^*Frڷ|sZ;IVLm?gF-$Qsl`FA(W<˧EKhP\0ywvsZ[ۓie\nbHf0\0!O#V6\0>5KHiYl4RW{tc6K]9\'jN\nrxeO݋4RT$Kϣ9#:EiR\\Wn쌤d@~\'RU*~]9קN\\\0;%ҟQj`G,Fr#V8	\Z\0Sь)%Fj^sxr-VAQ[ܤOC0FogXbj1z-9Tgß\r,4|p9QwA݇_1PA(6ojʆY\0g<\n**^G|Ag6-Ԭ \'?`6ѵD(Z*ҏ<՛+MAqwK|A_%m\\.@1FE%>i;Ɍ2c?خ<2`}u\n=\\1]fiWdwm0VT$t!QP\\R&9vtH*ޅl||m(K^iO	%xZ)y̿ĥ]GuF6z4_	aP\'Ap}C3\\4)K]eXKyrͅf.=R!:\0Grs!8&9=0=xj\';|+xԧM9ەO<r-CS\']o4M#gqx9#^G\Z%%NU=jztۭCºeo vL{SSVz>5v7YO&ɑleAV1-g%\03鰸զ_z5-:\rFZYږݣ\rn\Zb+Y\Z71ؚ1åVNDޚi\0~E	\'	Rw9)|O]xwQ𖠑E-<7*T)+\Zt}{B)|kOU:5]?) ۝oᧉiNtգ/.Њ`܈ye#f5CMio=B\Z*	jm6}tx½ZiZo$VfT1Lqoރvdx$klA{Ng7/%^Yæk_ً\Zw\rr3NzkxM#D(:3Ĭ\0ծ[Ks{	9#,I;YW%aSBe\0]|F\Zt(m{}\03.ksIfTJF*\\RUTF`rsbN1Qjڜ,T*Ӟl	uo7_Li\reI\'۷*0^.n8Jￓo(9E{EONVymro%H{#f9Lg%+ΛJvzk>JUjnZ\0^$&{K4ԣ&e[xNFBB^ZGߢkiR\\ƻik<mivnI.ndoӋH_ii)ǡڵٕTR]?Su{\\1SC5!X+GV98#UGcba1Vsqs-P$|gLA9\0]e$ӭnh#B櫍BUK:\03nVU{8g1zcD2tQdFALցijh\04\0cB\Zhb\Z`4\0JJy6ĠA@\0!`Fh@.:\0:cEI \r\0:@!PPT <+J=(⠂EZVO[Iur-ai:(-R\0tS|-xRkR[%f)yvWl	$mm=*|ֹi{4z˶axr+ŲmNKuy[\0!\\d\0PwNuʟ}i.W\'uJ-3څ9/mȌx:|RyB*܋eiVڊWL\r+@cwkhg,E1 I\n\n۰GQF<	UK^4	{ӧȶD%:K{y\'[[a\\\r#dP~(4մ~[tGng#j.-4Ev;Gٔ&~v&1N4VSpU%^KOOKZ.CΓ[BL䠌I*H$cGԅ$gGFuj3|)so\Z\\-ƳyrQ`DUzmoa)-m\0>\r<T}}t^]/Lf{XU_#`@pYPr~URs&H:{:P^O6f&k]!oZw`,F@xY6<:73!iWo2xkQ\ZŴ;yphoI\Z?ഘ 6m$_i1ȼ#עkF2~\\nXyr	bgg*!쨽eFtN:\'6+)5\"	Ƨpy0ew̜V+Rk+z\r.GHxD?s|8*Cuzcؐ\\n!\r)ʲC $TOcKWf!ѝ|u;{{Ņc`#\"\0$\\qbV.\Za .m_FP 32soc7\0ج>]~u>^&xr.Cд@jVѥݳ%Y7\n}Ausv&+ ZXv1ʒi$v3Tr-5{nRO-{kƏ\n1sʕ,{N:bYX0NhEJD%>dG;c#xuQdqi9m\nkKfen!+(V8V^94k\r4ϳ$yw2d|A\0܌o|$h@ێAA)Ox{y1\nv`3-\r{F)|}G8n{$Y_㈼kM$Fٶ@;z)!\'y3촎}6	u7ۿ\riޙw\r\"G,ʒZ`Èe\'b$+\0UMy.dMm/:&Rv\Z&kmkxJ^-J\'DR%\\4.щ#%	׍RUt{=~]6S0-w˧4\0\ZՅ0($imocuv]b]6zO\rMq}5<-7^iJ+Y9Kȴ/.\Zw6(cIgtw%rwbAӒWRnRk.qRlZu|\'H2ɨZUg7W+\"\'*p~gfwUXb*+9ֻ^ߊ<C~Ghֶ֗vzG-u:b(#Lc\n_UxZbSXrwH<m-VH~gD9bg\r9D9,j%ߙtOvUwi|*ǆ4C$\ZH\\0+#ƪ2}Fl0!5;ukyv\ZZ[w\"7=zYn$w$\"IWgiPM?F.m\Zp{{7ΞO[Bh̫\"b?ݤ1D#$˖sF^ªRݥlҗ\ry>ҒK#\"֒aM,@+ ݯşᦆ+u5vA-/u3m%tan\02$kK՘-vL4-HXl\n4d\\T\0\0WDc7us̤3ڤi@Ú\"	h	Zl1sLLP[@\r֨bP\0zPj:,O\"Mk\n\0(\0E\0ũ\0#5@&LwR!@V\Z`\"(!av10hå\0=*= xv=_,G-oS\n0b:<!kIG~n9M27=:B9n$ml^h{tV55ۈo!xf`EkϽqL+}ا\'g0^z1]kT҃N=tv\r	Z\\Mbo˅cw2~n;W(-c#1cU)k4ZD/~T)ȶvP̘ߟq4BVWv}\nf}6Kb]n\rYĭ-oZ:簁)(ƎqVUak^T\'mݣot\05U4{XguIP̡0.	ԃ*qp	H֧4w[X x+IKܡc1#LjPsްu{&[3/o\ZSo-omg\ZX5KB;͐K<f~X	\Zu5\\ݿ?QVx;u5Vڜɣ1Ӯ\Z;]JTJ)灓q^V>NSIGE~;N\Zkֺ<K8Rhep&(j\0)C./Drbks\\lt}]5a4Ka#44q$B$Yd 88NźEꎬ&T*]{ￓӋ7?u˨kom\"/2\0@@\0 %:q|5%+Ӎ_OmD{X6	_<!83٣>\ZA\"V,NI;9A,`AW&1:\r3Q=9H90\"V.$c.lj~eɹ FUXy..xܯ^	)$1:#u<`Z_&{u\nZ[,iه={5Qq|7h&Yb8wI#(r9G֦漦ݷጮN\0Q$-==p\r4]\"=.rrNqզG*LoR9 DKG] 3\0ҹ\\#Cа\nԡ鞼ldx=$%[\">֖M3\'û{eFHO\0sP(qZx\02-$js`)q{F-|\Z%.d qjԬL#2gTt6rI6T\0;T3	sEE\Z;ˣow2ukrYvUٵ>O,=ZO`ߞOnhWm_Okv|;<Hϲԭ4>kɕpW\0$	b)W⟽;ls)*k{nMǚ7Ęֱago.)uKFvkyC;/ȔbݜEy8L/MUtzTq]JǎL֡>!xSt:{:iK۷8) g}F\n2*V>WN\'8E^GC~neEwg\nNcnW?^K.,VXYhc.i;Ȗ9`,0tkv9\n0!U5یNZ^<CW/_/x?qx@ҵki S/;>Vm$(l56	[r]^=o/6}vTVnֽ-޻>V.Йf@/Yڙ-\n̝v4U%c:j4%whZ^el4x\'ΧK^=nYdmA$.XJ!Ւd̻T].[M4Aq>E<Q:40-+:&8\0GU):^z.Q$ƗEir@,ܖ[̕F\\=Om7FrEhѬLEe^kqAxbnpb8딺&sr>m7Ee$SJH.s\")N$%}!\r=4z\"\n\ZV$(\02ө\\kv8ڲ9@C hey@7?Z`%\05E@\r0CץP\0(@20Ġ@ŠCA恎hJ!4\nIĕ$Y\Zz\0?\'ւG\0*Dc\",z\n\'8*H\'k NZY0=\0:Fw^,uKӞm:\\˒8%H\'Y1-Jtﮟk(GrS\0	A|b>l8v&HeTRRi_\ra<yx:fQ<I+TwQb	t|xi^Zkt\0SŬE\ZE$^F.aFצʫAdf*T^kC\ZrRNM+\Z¶]2`EE ;k{~:`-EwM۰\n8lWR!zq[GO?e)宝wm=cLxĳ$BY$k$-\n0@H$j{)hm?``[|\09uK\0A4O4wYd(fE\0ʁ\nna\n<pekܿ-]KOƷ?K\0uq5Ƭ!&Hl-4,\0!OǗUjof{\ZoY:I\\[s1<k\0\rJ9V?(@7\rFFrO&ʏqu\0?f;_]Y}I\"Yo3Q\'.xU\0L)SrF&I:Ѿj]\0<!ZE-iV\r,fN$qMnij)՜r~oŭw>_>i[22.TuarzԹS\r?DػF}1ѕqj\ZGii2Dcj:\Z|\rnxтxE5!3BI$xwC!ˬ$^1׃RhR+3qNrWҖrC!<<{m]|4G$`)ju#@NP(_Tc2~7|So{\r_KaѶc.)dFO-ie$l\"r펼})6R<[ĸ	!g\"c:WS<g0Hdvd1\0=3ϭRf\\[K1FjjV39\"\rf+/pI9*J7$cw~cY7w\Zu /\"ɿ(7fo/miM|_8L3jz\0_[VWAyu0e|QwT{f	fcOE\0QUVܺ_6=oÞiDw5؏jfx\0erQ[rgXEGu|Ίt0l쮶\0\0\ni>-~iRdHrHתȢErb5K}c0&ݓ}O@|1c]fw,eT!f\'eS|&)UM=Ǝ5)t|Oxu+\rew6I4\'H|Qٹd\r+$;X{:}?&8j*sQhZh5OjX<Z,</1[ݶc2.*-Jߙ2հ[{fi<\rH&+3_ZHLBHp*uVIW7Ev+T$\rH v2\\fNI\\1F\\|j\0lFX9ʊ{mek7bnoUg\Z(.#[vF&B!Lp\0Fzg.iT>]ﺴY\n,[OHJm%X6Гbd57S6\rcHXS%˷o$Hykə^;Swc}ވZ$Df\\˩qJQri;l57)\"Z+ZԴGUPG\Z6\"樠hQȠc1V;Wy(0huC?c4&0}P(:P\0?)\0s@\0xZ\0^11*㊑E\0(a֤L9b7<|[)*wKm&ѾZ~gCxoHwReb\\I/^EV*%C\re*K_{F73tsmݕ	dik*J \\ \',6*=B+?mOZ[G|:k{x;\\D.7FBct?m:\ZR47}%f5:}#uC.[IIsê٦&؍Dv(6ߑk(M|\n0E%E̟Z.\rS^+n/+q>er8zTbUN[Ko烂Wo߄<6+6cQXͶLpJ3K9FVqUؼiyV,4e4ia)*D@Kz+TciX\rJV_f={\0;&{Ӭe0r+o+!J!|T{k5N47_V~!x=f{tx6W;vW9I=@N:>=?<筘=:GӿȣV%+$kC0v\":2t8ԣj1IҚkZ}@JDi-4+0u$$j\naNkFJ2R6YS(9F1]{ׂ4[=.TLGcNL\nFX4e?ȃϷd5uwO3\0b@*\\*gKb\"\0\0s\Z_Sr3dҩ1\ZqGpOִ.=z; oJwgw	|gBAs@cxjXciv~{vƷ2+H)\0?Ƥ})8ecTH;W?\n4 \n\\*oc7|B^ٮI+1<D~\\gvP.:q[ZjsԆ=/^5S%oN	vzHFGVusGc^n*־=\r^t[m/m=J5K}.k\'i,[xp~3ꔕZt䝛[Xh㆜Nz[y]j\nǥ\\!IEo$qРór@SXRQ%ew[Ni5՗%/.}jGEmgF5i\"X7Q#hVKopiz1Vg\n\'>pswfmt=˩WdcW=$Ptl~	C\Zmr}6^h\0-LX]YO͔Q)qŎ e.TZw]-hz|n?4\0L~\"X4;ݡA=^Bd+3DS+v`	FURӦ\0?q\0i\ZW1wwZiWvwacU*fW&kBM=+ӯ(vZn5~5{cpi}e\rw+HʑέiggT)5kX{\n\rYГ+-m.e||\"\0gBU%IM-Y\Z\\v\0{<{ktcȡ\\Jy?*v9vѻDQ\\mVo\"M^\\w*U*)wG4ơ_[,QZs;Q2\n&QW,`I5/U}h㚓\'ԊANEw3TF@#43zh6h\0P@g@zWya\r\04\n\nu\'4&Pc2GThhbjI:\0\01@Z$u,w4&q\0,X0?Dw`1Tך44BI|1k7IPB\06 k\'%Mwk56\"𘖒}9ox^.,f3@r%#\r\0;`	(*x҄N,D`¬\ZW|1jgt-0)\n.c$:\Zʶ76\0v65^n~6\ZkYI妟x%E-<#W E\\VZR\\Y/j:dkKGtuRׂl<AͨKUdU66@9:=k֣W{=N_Uk̵;Z֡\'hȒL22F^#\nA \'h<fkiaaz7;p:XϿ54^+Kxe91r>0c-U-O?3ѲWy\ZexKKDM)Pã^e~{|1U>Aٽ\06n$v-Sᑢq\nqr+IT~_Q8mm/]Gk\05gJ]#Piz16x<Q $q졌єZj<Nإ\'$\'~Yhlh(\"\0o\\z7vfCҴ,G@H?Zl(4UU@rp=95eN@>h4:4)bu*7mx\"1Y\ZP3h4gbx\'6XHl\'=]!Ni8\'ZhL]HV#ϽGBF{}\0xdu8T&fXV;wT3D#[В823n\\tX|GrA:e϶RH◄Z?3+CmG2-OWaIMm6Fro#ʐAy8Jn]jjqOJ[іUdRDsrOF1\Zk}I*?q>*fgSF.mo2YY<̃H$`pjc_<UZX/R:{kV\\XIClk*F~00`q׿vL-E\ZPgN*GotMθ5dP.b2Ku2F_kVV/>.T}J)FG/ִ/\rx-*]>QgOVp\Zw(߮\npaR}lJ%yz<%jT)^Vl_5]3σ\r\rH݈DYo)`%]nwE;X\r٥{vM<FTQs׵y\ZmhQփNbh(KI24b([|\0C]X\n*P4;<e*TO]~oNO_4}ʢi4M[yJUራx}uzw|%ahחWu}~_i`<a|L[{&7ʨOIWrd(=y#*Uc__c(,FQW}{+w<gSэ]*pޢ<%Cv$7q_kJ*.V}朙Ilx`f!cE-bntUqݚoS,ٳ#2%1W<9ѺCG]FaX =AҸF^VUdL+Bȏh)<\Z4\0\rzP1@&94J7;0:E.1G4Pw-\01\0\08P!Rh@1;p\"*Ա1Rb*BRvSpֆ65֡.!vI#21(\rcR=6#GW>\0D s\ZpTxA\'Ljۗc>Gnm\0&G\'m{>GnV[6j>W#:{)Udե}Ζ\'JqO<M>,=w.a*S<}4_+,NRv\rբKե\'f4\0 zq/fj?3Xb^Sgu<O\r)dUW1	~#PǞ\0+FӃTzRNɵF{m鵽]f\'sr#8gb\nr7tW>J-N|L׮|=l5y;fq$-$+ 2\rь$>#\rYϛV_(IlY>\Z\"կZ}]D&Qq#<|dy+8mN:#2.M[yWwwZ׬h\\[4rLsF(*p>q%ѯ\n^=ʘ2eUnz_èo5/	V8 I%P1\0(a$~oWTK~դ|@:QctC%Md٬Q(.I`U8ޓw.;&X\"jLɣF.kTIz>ڭ#&Qj1©&SK\0F9elcH\"9H	Re$g1Lfz<k&j\'P>Մަ>n1ܒ{7ǚrvRvjZcBÖD}KG/#A8tm@\ZA00n*mw0%4#M\r<A:(].eP\nFc|=ysn.ku%\r^]-γ\Z:Η5B跖6\\:wfxn%oJn9!^@\"լ;O_q^	OvD-jVrp\n	!J\"ֆl:Mn|_E% cU5\'\rFI\0S^\nY30ʼY+_y9񮙬higg2)m$Q<-EV*Ć]k9{j~K%N1%u+&\rg ҭ\ZFVlC+	Q{uk:&-]43[ţhZ>SkxfRE0K\r+\"Ơ݃1*g/2nIғ*t^>u-g̌-@a$`$YOZ~KO#)F.eO-W_6\"L%@c Nv$y^_WBaYny{I%l^Mͻb^;]y=5bxSGz4-#YP)0BF#\0i-YW8\0۵y#y<x*;jCs%iDL*1Єc4Fj7JA6kU!LAW:#Ҽ&)9q)Jд~1@$Z`H\094P1@ɤR&;KaX=*^dT	4;[dJ!9vqsumx<#ʵlcŬnڵI]§sĄU/uJ鯟׾GiҔu/oE?£E!7(_ H)q$d_qҫ+z\0]_Ŷ\ZDCq\"]Xfߌ9GO\\2z(TWa\\sZnR4ӥO5	O]xp[aKU_Bseg:}Uwh`F%,˲E/<^*Nזh{ԡ$AK$Sn3J,Uw.+i7QGbqVJ\0NǵiS]Mz?>J\r_\"k)-mgAǥ}O	Jke_s\\v.coMӹj\Z$O\rʳ@UxPQxHU2rx?i[GU0^=__{b80\"1\n8Ps99uԫ&SWOkτDpDT\0N}̔z0@Y\\rGO cҡts;qWe$n9R;j\r6%u޴LHֶ8kfi۰к}+D`<0鞵KFKCÏ\nX	(8֨VBDE-ޑ0)e$s bfmOcڳe%[ܧ4<[	ݳ JH>\"ᦴ)S[E3h>5N-a#HTv A?U56Uv>ѼLuW3Ci+LaH2Pdgf$R_ùM_=⏡ץN=o}^\'Sj\Z-Bm|hB7I¾Ʈ\rB5jF|]<~+:`6cVÏ^x[}JU54Id^b]a3s\0<:cZBP&QrF95k}GGͿ5fSn(W2<c190XM:s^zocR=ZW\0z?sEwg[ZR\".9h@W|0úʬM\r՝wJNֿ#q*/zWW3ącIC+(\0!v0g\0zXW֩u꿯>;Eѵt?o<WqkYc҆rW,E9G˖\no(G|#WFPWs؇MwM2	~p\".܀efa\0s^f\Z0kծV\0/\n]9I]}7|@ \'1D	]\06g*<1\\9\\90ڏ2l|d:ĒǏ1$\'̅bҸ }32kcm-`U$[5c4[*b_9oQUTl?v3[\\$uCLJUI8U`+˖7W14\0x*aV9r4qP1P\0&9{\0f7&0\0(1w\0iO\nWW;R@&\0:\0PP&R@3YnJސ=IT2	\0uVt[;X$#\0\r6er1[2kaWXzpRWj:ͿVDYդi|bcN@0!^2qB?WGyhaP06BIm7B\nL%a/41q5R[ۈde\'\r;Gʋyszr.jo\0~ڤ2,cIm!\n6\rTFFJ+gB18m<Y\0\ZVGETVUI^w<imzz,}m3S+[ݑ$ƛ\Z0B:dVUPgykMw=Sm!mu{Hp23\0*З13$Я>uʙe\\eֿgZ爘]A,6Y\n!y~ae= )R8im=_o[ϭ]jrK^b*:ܽz++;-1vj/sDȟW)#AlԃBdtiIm!1V*68\"fѩbL.\rh\"ɖjCV$rNOA609bB989q8&q574Q!yǷj#D$|[5\rܮRe%c.w+v#y}ʱ%Źzfϕ:LK.ި98:\08˩QoaIDʠNUG]ʢ> :wٙ.b%\"2d\r#H8>UL;tI=w_RBvZ2k:=n!\nYBK`\0,pN3TjFv%?zlY\ZZ\0S}?L5\na$G*vʳ)tGtV7:A{?mZ%Jюɷr=\"G7b#2rvÖ5a*_sTk\'N\ZEh[~Ox^{i4rEKv҆9pģI!?{!10Bw~;whUhW_v׶9oB)tkh7}\0/V\\v\'z2R[޿;19VZEYo}M^\\-ݍsooq2;*`bnj\0k;Ư2=}?ݭi8믒a[Q{|ƞs!TXcP	nT&EaѦn|O-VݾK:yuyu.ʍ¦\'亀A2N<TuMؖF<ﭟhxD\Z7;n .>h0>lWasu?%U-6vh8647DɈ\"ea n\0kթVK:د-t[,TxUр;y׎\nԽ~G0b#~S@DE=*it!b\"\ZER\05XA㊑\0\0p\Z¨Á@@(\0h`x`(\0R1@\n(HcD޳d؝EMd*Y$R3|Fm<;,:L1B@Bs+zqudsrR9)-c/<ey.p3-A2PBߛ\n2׆\Z],=Ld*˦Pu(S6E$%mT\0n.yJ߲\0Hѣx_OF_T.1A[\"/M`:FH\n1?JjiT{MakVBϲډ2]a%QqqQ7j<D_>}ϊ7\0Ch[QI\"/42c\0K*2/kVf?T&O3\r<KjӢ.n.g2-\"љ۞W>*<EgRj:~o0j gX2(`|ZqϮEV%mMMψ7\\Khڬ`c@P\'p	ǃ9Rv_άqpJQ\\/_;{\"XТF+RF\'ˈzb:NpFEM|Eeҝ7m	ޞ7,\rdIjFZtƤb	F)5f\r򪹛D6zqUs7Q/j7JW[?i`ݷ<u\rg8J[;,vy08X,vzUsQM~e=c{0\'̪88#Ri\n|_X^\n0\'ֻ G+-[IA4Phm\r9ެ:jkN<Fpuy\rKP0%R@!+l0UQp3~sIqwkt}uz[織!:sڿUV~~蓽/R۶)rXn2\r\njI};Vy,?!㼼-8\rN<>dܮ+/r*J)i\0Oyݛ_mu\r\0x+P\rKk{K.%gi;0Mx<]	uOK%w\0g9RT;߷;K<OyRb\Z9$Ya,|\\dq/!ʕuד}~_tۍi[OxͼG,v^,ltkC$QݖI0	90qUJiW4߁G\nT6zk܌]W\\vFjڔqo%b\\eID\n5\'\0s\rk_&F\\^F2%ԥs)\n\nڳp{_9Z.Zi7.ZRB/eFy8I Z,Nq6}7GmlI<	\r,r|kiYclq>4Yi q%E1?|cqJ\\cg%+ZlSh$cUm;0Pb	(F4\0\0L\0FjL\r^y 8t[\0!j\0(@@@\n\r\0.(5 0\r\0(֡:D	ҥIMɭHK\'SG)&w7VT|j8\"@UdF**W*K\0~^qW<gԽe֞滞k:Umg1<nΩ,\r9 S9z#ǯJ̫c{\rmo5G,r!^@\r dV3v*ѭs濫Vyw$g&d}L|!U|*@[CՆ5mwW^:KQ3y|App1O\'\"8a($Kj*f6={DҢG4Ӌ渎) +\0|~Nyc1\r-/iլM#PMҭmwlLTfFBH)q[+RIk}pXj)e~[s|M=0bokjV8W*:@1]P(zb\Zy5|Rb2Q^H<W;5mpMx\"ق*ԃ\ns|S,qM\rִB5;֫`4` Ո!dU&CL&Ц~?\0~9\'Ґ#\rAdg \0-;pH8Y1g\\vVRcJ%ݞ湞C֬eaGjB\0	K(\'!-G\\Ok-w쀝<6\\esʪFX۴vu}{/\\poN*Q2hTJsU<E\Z|˯E1ѫRVVuxMM#zSvEco<q1QU\\s \r\\ԥ-˹:j/(\0Fh4{;C@b[W$*#2%Qŷ]9y/c:zav\'=Ro^\r+餓_Ejp\"LG*$B&n	PA\0N-{{{엗-|e^gQ9uZݾ~.k4i-ƚtk̌@$dm4a@Q)YxՒ$\0u5w&ۓּxֺp?ڶV2;$0PD2P;u>]ћ/qb0ւHk.Z_3+;]f>TYOCii4@Ȃ̡1`˃\nqUh}&^&8QIz~D[4fgWJ%N%*|m-ʌnW6R־n=NJuW{?hk)mƳ@.ѤG|;	9\r?.1ɯo$t>/=+-rƒBHn\0ʃϿVVQak_֞`ѫSc+9¨+wG41\"chEXnqTh\0\04@*I/jLԉA#[=*Bf5	Ҁ(hGJ\0?PT9E\0-&ץHɒ\"tdQbl=[M+t}\\)j0 I2,=\0qr9;E5GMeWW&\\-턋30XʏQ؀A zTjFQ3\rZ\"M|-1&ԯ#I@UAad}u(́MՕJVt(_WR\\23}G\0%.K֒՘f8y?u~\'cѶ\rKVH66xIVVYA<ԑ[Wv;yy`*Z&LEV%{m濶Ӛ\'Vv.sYjc?7;3\"\nZOs4MzM\'f<7዇\0\ZD		%*;vLUW*y/|RXj\nkx?D[[8S\0\0]%Ϛ_skPvkF#Ӽ36ch\'C{Ddi|vs\nLڲb$;sfiA9@iv&#)5hɢE|ՐCղ}\'=F8~)eT0)p\\e\"3]ķAX;3.PnyԤsjzsyo\r.NC1q[%a)j~|aĚ.\"2T5MFm8A^V:QF#ƚɵApDY&(UN2^}lyS,gri0Mwiwmk\rC*(fUg\\de~fvyqxS勲v~_G\rFo+&oKuo}v\rjvg[dYE	ڐĮI	3%4ep߽%tZtߺ?|\Zt=BT57&(fiS)$`1MN	!OϯOFiRS͖$Wkn>\":n\r2f30IU\\ùuRҮQZr\ZW͵[t\rKk{ueҥXcPRm2<|]l<诫Nmv)V\\z5[_Xӭm`ooM]/2&`e2gZҍI]MFOsPX\\Cr6E6[­&<VĢg(6\'$&\n1}mwsר95ſy/Sw⏇Ƴ=G-=.sjJǿQ}}&-xЋsեʵHv▇B}h>i{c$^Q	\0=v3*i\'Q{쿯~};zq62v hp|7}yijx_ChV4J`!\01B\Z\ZP\0ib	ۮ\r&68\ZD($c\ZhHc\00)\0\0Ҁ\r@\0(RJ\0*XzP8b\ZY:KEIJ&EUPݺ]0%%\\U (ۏsX5}ޡG&fp3ߜ+W\r>Q}9]sVBֱm#r!8^;\'xn1+	IOcF>Ζ\0u?յ(:Di\"_?0`&/JKMi۹ɨEyriR6#pUwB+b=cT\\[CU	Vt9ޘmi(kuX$pXտ#s:br漉>#\\u\rMF2Otj2,[\0?6`p]SY/>1kh[u=E@2k\r\0;F;ڕ(KI٪\"cUb6w,Zcf˃V\'#n>0Mj4aZ\ZGҵQ(4`(\\m8\09CCJ\ZGE\09z+P\ZS#CE\\*sY;䌐zfЮPp\'qb 7~y.[`.`uaAVs/y3qtӗCOkMd\n=HGA%K+שV+gc}5g좽3<tXd]&\rd\ZE)u\0}tg*U[}Pe_NծnK;x7Jlo,-NKG*׏J_Ws馛^:o&}\"}r0(k%}uMV1f3ɉ̺ξj.fl#0$5<Bɵѽy]nK/ЃX߈Zwc66ΩYcG lU(Lع!\0ڝZYʭ$:&bpT14aJkY_5}gW{gKv6d~Rޤp>ڇ-gUZ=4{]h<R46y\"HYeE/EU\0?v7vUiVpRlUe\Zuk(ZOt$Y[Y#lgaqz*S1oR_9ҩ)n_.\0T/~v~Ꝋ\";\r0zYsL+.&ޏok\\;9EPrKmۖOk+|[#SEWĲƳs$+6D\0q?\n,Dyfdcs)S@DF*@!YC\0hL#\0CPqhc3@=((mv(JlLQRHɠ֓å 4\0b+C$Z^iɣ,j^MANʶԱ98`=P8Yt)Nkϧxs݅t\rYМ0a3v^$\"s,N>rPz_N5ܛE-<\ZtiD&ӗs4\rp\"G\"BC?:2(ǮkRQ(; k~mdB,cl	vI\"ZJU%z^o#ݡ/Sn)yu)5F\rI]0;pAj*Z3Od2k?C-H*dddUS,6^VJ)	qzWSY1mtR8;.\'hfcӮLkSÃQG58aX1qVO1mn$b~UJoo8@k6tu*Re&\\S)b<s֋3J~([bE9&L!ޝhdZMܚ**mrnTpU(g\\(\0tp9p9QˠLH=REƥaCH\\bkRi#69j\r`<fv\Zd\n#mrՏ_/N[;hmKOߔ+[>cP7dx1taRkE}4f뭎R|S^{oxCA<T[gݲvfH \r\"̎Fഎ?ѯKu=jxb]鮞I_WMKy}+G1/%$&M=C\n>x;^?Tzt5gk$KǺV?_0Դ7]][u1c?VLTee}z30|nq<A\r,VմbrC98w%8i{<CZzu[}5E	&`6\Z\nbE[f݋e׌pJؽGԹ*0^׫\0۴9_bOn\'vE*	\0Kנ)VݤcT9?7s¶XvsysH\'/QkJWk_EyP*VznݎW\rw1lsڮW>OCA$DU1H0B\0\'16Ƒ@\0%\0lt\\G(4\0h$(7PW&é q1ޤ:c\r&&IQp^ (!QIE+**I\0y,I$U$, ry?\Z.RHݻ?\'4670i\\.O)rAcqt~Iԗg{u^0~BfJIE~Egf}\0r^E$!]*T=?c\'gگFpږ$ZΟnZ)?`e_@ yUUN\nlcB|՞_CKȋGHmPQLۛGIAUg44\"t%ʱF\0bBՀ\0g&xI{EVd}YЋ3Qnam<x;~c^qURwWWWR5RvK&Rfr/=VIP2g5YXHq\0JzJ}BS@9%N}2|z\'s~+ϐi`tںS	FV|\'4)Ӣʌu\'\nqﹱ37)ugxK\nEg#c8M܎H\'Aҟ*{=KH\"y	0ѴjIgudgS^ip&W=H8=kNT5RENM.U3XGsQfne6u4Y2=yb$sJh/ɠWBo>Q(!P+%<U\0;p\0}M`G(q=43 \0U(JVЫ=F5vG;8CY]qT9\'Ϟo%^d(H&yeV\\sԾ)u+[Y/k)lͭ\"\'?ZS:{9AE>dhhڔwPH4yaұ:-3i_FbGB@E\'e-GrJ17K6w}W^GB:nɭ}>\03\'}Res-j;<ˮydna$JVx\\{UFvW>W\n~6|%9#k1,W)}H=OL~\'SAМ1-\Z:ZVm!c;5Ο\rıѓ#FFxC7bJRNmgl}{rEnWx\0I<+[Bg}h9C*L 8Va?ߩ\npқzG_鰴0Yf7!K5}3k(^%Kk>J0o9iXFKvDX^Uy>F\0z8VIVGT9zmk.C֖єy!Wg\'qPJтkӭ8ҍ[ӹ3Tmv)t$F=HS5iZ#Ljx5Hc\r0j04LSC\ZE0\ZE@\ZyPn,8\ZaM\0/NJ+\0BX\\s@l9W<7)\\Av&xKp9h (euFq8:ԫGF`4F*@Hl4az\"w.{g\ZPo3+a):~m٪w\Z_TZIYr	\nAt\'ACJrU+E.#ľxa19\ng\\cd*TyVxؼJZ{اXF,T+yN\0Lp.0r;uIE<Dl\'\Z(^I-XU~`S\r㑁ZNj\n9%zs^&	6Ѭr,J 783IUӒ6\ZR7}\rOzlðbס!ySM88lHc޼maIWrHSjmP9[L-m5tQʚׁ_D}eF7:\rÑZ-~)i\r422\\7g#\0ݢR+$mgS.TnӷwEWǽldE#Zfbv!܁8@n:MltC~2>*5:0TsV-;luBIVu`$Yuܴ/##9ҕˋ,G:8M\Z=Jh6O+&ZdM1~&;7GXi=jKCNqt$W\Z*1*	A\08Jd{_a\\vД\0ɺAgN@FkdE^(XBBF\"II!sƷR{2F<\rMY,º*Y˃! 3P\'S^CxU\">#Ե)Xl[b.}+XFI\\3 Liu<Nm%IBL_J\\?0WZ.D*!!(;Td<zc;KFBM+ͤ^r 3-ʧGǘ@$<jF}?:uyVۧ~\Z\rƝsg9,vVQk;w4ET20Zki{ת<J*8x>;zG־*РԖi%X*]C9F}mz',NULL,257121,NULL,NULL,NULL,'jpg','image/jpeg',5,'2014-04-28 06:30:04',NULL,NULL,NULL,1);
/*!40000 ALTER TABLE `pictures` ENABLE KEYS */;
UNLOCK TABLES;

--
-- Table structure for table `province_states`
--

DROP TABLE IF EXISTS `province_states`;
/*!40101 SET @saved_cs_client     = @@character_set_client */;
/*!40101 SET character_set_client = utf8 */;
CREATE TABLE `province_states` (
  `id` int(11) NOT NULL AUTO_INCREMENT,
  `name` varchar(50) NOT NULL,
  `descr` varchar(255) DEFAULT NULL,
  `country_id` int(11) NOT NULL,
  `created_at` timestamp NOT NULL DEFAULT CURRENT_TIMESTAMP,
  `modified_at` datetime DEFAULT NULL,
  `created_by` varchar(30) DEFAULT NULL,
  `modified_by` varchar(30) DEFAULT NULL,
  `active` tinyint(1) DEFAULT '1',
  PRIMARY KEY (`id`)
) ENGINE=InnoDB AUTO_INCREMENT=26 DEFAULT CHARSET=utf8;
/*!40101 SET character_set_client = @saved_cs_client */;

--
-- Dumping data for table `province_states`
--

LOCK TABLES `province_states` WRITE;
/*!40000 ALTER TABLE `province_states` DISABLE KEYS */;
INSERT INTO `province_states` VALUES (1,'PP',' 	Phnom Penh Municipality',1,'2014-03-29 14:16:09',NULL,NULL,NULL,1),(2,'Banteay Meanchey','Banteay Meanchey',1,'2014-03-29 14:16:09',NULL,NULL,NULL,1),(3,'Battambang','Battambang',1,'2014-03-29 14:16:09',NULL,NULL,NULL,1),(4,'Kampong Cham','Kampong Cham',1,'2014-03-29 14:21:59',NULL,NULL,NULL,1),(5,'Kampong Chhnang','Kampong Chhnang',1,'2014-03-29 14:21:59',NULL,NULL,NULL,1),(6,'Kampong Speu','Kampong Speu',1,'2014-03-29 14:21:59',NULL,NULL,NULL,1),(7,'Kampong Thom','Kampong Thom',1,'2014-03-29 14:21:59',NULL,NULL,NULL,1),(8,'Kampot','Kampot',1,'2014-03-29 14:21:59',NULL,NULL,NULL,1),(9,'Kandal ','Kandal ',1,'2014-03-29 14:21:59',NULL,NULL,NULL,1),(10,'Koh Kong ','Koh Kong ',1,'2014-03-29 14:21:59',NULL,NULL,NULL,1),(11,'Kep','Kep',1,'2014-03-29 14:21:59',NULL,NULL,NULL,1),(12,'Kratié','Kratié',1,'2014-03-29 14:21:59',NULL,NULL,NULL,1),(13,'Mondulkiri','Mondulkiri',1,'2014-03-29 14:21:59',NULL,NULL,NULL,1),(14,'Oddar Meanchey','Oddar Meanchey',1,'2014-03-29 14:21:59',NULL,NULL,NULL,1),(15,'Pailin','Pailin',1,'2014-03-29 14:21:59',NULL,NULL,NULL,1),(16,'Preah Sihanouk','Preah Sihanouk',1,'2014-03-29 14:21:59',NULL,NULL,NULL,1),(17,'Preah Vihear ','Preah Vihear ',1,'2014-03-29 14:21:59',NULL,NULL,NULL,1),(18,'Pursat','Pursat',1,'2014-03-29 14:21:59',NULL,NULL,NULL,1),(19,'Prey Veng','Prey Veng',1,'2014-03-29 14:21:59',NULL,NULL,NULL,1),(20,'Ratanakiri','Ratanakiri',1,'2014-03-29 14:21:59',NULL,NULL,NULL,1),(21,'Siem Reap','Siem Reap',1,'2014-03-29 14:21:59',NULL,NULL,NULL,1),(22,'Stung Treng ','Stung Treng ',1,'2014-03-29 14:21:59',NULL,NULL,NULL,1),(23,'Svay Rieng ','Svay Rieng ',1,'2014-03-29 14:21:59',NULL,NULL,NULL,1),(24,'Takéo','Takéo',1,'2014-03-29 14:21:59',NULL,NULL,NULL,1),(25,'Tbong Khmum','Tbong Khmum',1,'2014-03-29 14:21:59',NULL,NULL,NULL,1);
/*!40000 ALTER TABLE `province_states` ENABLE KEYS */;
UNLOCK TABLES;

--
-- Table structure for table `roles`
--

DROP TABLE IF EXISTS `roles`;
/*!40101 SET @saved_cs_client     = @@character_set_client */;
/*!40101 SET character_set_client = utf8 */;
CREATE TABLE `roles` (
  `id` int(11) NOT NULL AUTO_INCREMENT,
  `name` varchar(50) NOT NULL,
  `descr` varchar(255) DEFAULT NULL,
  `created_at` timestamp NOT NULL DEFAULT CURRENT_TIMESTAMP,
  `modified_at` datetime DEFAULT NULL,
  `created_by` varchar(30) DEFAULT NULL,
  `modified_by` varchar(30) DEFAULT NULL,
  `active` tinyint(1) DEFAULT '1',
  PRIMARY KEY (`id`)
) ENGINE=InnoDB AUTO_INCREMENT=14 DEFAULT CHARSET=utf8;
/*!40101 SET character_set_client = @saved_cs_client */;

--
-- Dumping data for table `roles`
--

LOCK TABLES `roles` WRITE;
/*!40000 ALTER TABLE `roles` DISABLE KEYS */;
INSERT INTO `roles` VALUES (1,'R_ADMIN','Administrator','2014-03-27 16:01:26',NULL,NULL,NULL,1),(2,'R_CUSTOMER','Customer','2014-03-27 16:01:26',NULL,NULL,NULL,1),(3,'R_MERCHANT','Merchant','2014-03-27 16:01:26',NULL,NULL,NULL,1),(4,'R_COMPANY','Corporation and Company','2014-03-27 16:01:26',NULL,NULL,NULL,1),(5,'R_EMPLOYEE','Employee','2014-03-27 16:01:26',NULL,NULL,NULL,1),(6,'R_CONTRACTOR','Contractor','2014-03-27 16:01:26',NULL,NULL,NULL,1),(7,'R_SALE_REP','Sale Representative','2014-03-27 16:01:26',NULL,NULL,NULL,1),(8,'R_MARKETING_AGENT','Marketing Agent','2014-03-27 16:01:26',NULL,NULL,NULL,1),(9,'R_CS_REP','Customer Service Representative','2014-03-27 16:01:27',NULL,NULL,NULL,1),(10,'R_TECH_ENGINEER','Technical Engineer','2014-03-27 16:01:27',NULL,NULL,NULL,1),(11,'R_BA','Business Analyst','2014-03-27 16:01:27',NULL,NULL,NULL,1),(12,'R_PRJ_MGR','Project Manager','2014-03-27 16:01:27',NULL,NULL,NULL,1),(13,'R_SE','Software Engineer','2014-03-27 16:01:27',NULL,NULL,NULL,1);
/*!40000 ALTER TABLE `roles` ENABLE KEYS */;
UNLOCK TABLES;

--
-- Table structure for table `suppliers`
--

DROP TABLE IF EXISTS `suppliers`;
/*!40101 SET @saved_cs_client     = @@character_set_client */;
/*!40101 SET character_set_client = utf8 */;
CREATE TABLE `suppliers` (
  `id` int(11) NOT NULL AUTO_INCREMENT,
  `name` varchar(30) DEFAULT NULL,
  `code` varchar(50) NOT NULL,
  `contact` varchar(30) DEFAULT NULL,
  `address1` varchar(120) DEFAULT NULL,
  `address2` varchar(120) NOT NULL,
  `city` varchar(30) DEFAULT NULL,
  `state_province_id` int(11) DEFAULT NULL,
  `country_id` int(11) DEFAULT NULL,
  `postal_code` varchar(45) DEFAULT NULL,
  `account_number` varchar(45) DEFAULT NULL,
  `phone` varchar(45) DEFAULT NULL,
  `fax` datetime DEFAULT NULL,
  `email` varchar(255) DEFAULT NULL,
  `website` varchar(255) DEFAULT NULL,
  `min_order_amount` int(11) DEFAULT NULL,
  `created_at` timestamp NOT NULL DEFAULT CURRENT_TIMESTAMP,
  `modified_at` datetime DEFAULT NULL,
  `created_by` varchar(30) NOT NULL,
  `modified_by` varchar(30) DEFAULT NULL,
  `active` tinyint(1) DEFAULT '1',
  `note` varchar(45) DEFAULT NULL,
  PRIMARY KEY (`id`,`created_by`)
) ENGINE=InnoDB AUTO_INCREMENT=6 DEFAULT CHARSET=utf8;
/*!40101 SET character_set_client = @saved_cs_client */;

--
-- Dumping data for table `suppliers`
--

LOCK TABLES `suppliers` WRITE;
/*!40000 ALTER TABLE `suppliers` DISABLE KEYS */;
INSERT INTO `suppliers` VALUES (1,'engeunge','w','1','w','w','11',1,1,'11','1212','0','0000-00-00 00:00:00','111','11',NULL,'2014-07-04 17:20:18','2014-07-05 23:37:39','',NULL,0,NULL),(2,'engeunge','00979','1','ewe','w','11',1,1,'11','1212','(092) 302-605','0000-00-00 00:00:00','111','11',NULL,'2014-07-04 18:11:42','2014-07-05 21:33:35','',NULL,1,NULL),(3,'engeunge','00979','1','ewe','w','11',1,1,'11','1212','(092) 302-605','0000-00-00 00:00:00','111','11',NULL,'2014-07-04 18:11:54','2014-07-05 21:13:03','',NULL,1,NULL),(4,'engeunge','00979','Eng ','kompon Chhang','kompng chhange','Kkompong chhange',1,1,'11','SU-020200','(092) 302-605','0000-00-00 00:00:00','111','11',NULL,'2014-07-04 18:12:52','2014-07-05 21:05:38','',NULL,1,NULL),(5,'dsdfds','3242','2','2','2','2',2,2,'2','2','(222) 222-2222','0000-00-00 00:00:00','2222','2222',NULL,'2014-07-05 16:45:36',NULL,'',NULL,1,'22222');
/*!40000 ALTER TABLE `suppliers` ENABLE KEYS */;
UNLOCK TABLES;

--
-- Table structure for table `tbl_migration`
--

DROP TABLE IF EXISTS `tbl_migration`;
/*!40101 SET @saved_cs_client     = @@character_set_client */;
/*!40101 SET character_set_client = utf8 */;
CREATE TABLE `tbl_migration` (
  `version` varchar(255) NOT NULL,
  `apply_time` int(11) DEFAULT NULL,
  PRIMARY KEY (`version`)
) ENGINE=InnoDB DEFAULT CHARSET=utf8;
/*!40101 SET character_set_client = @saved_cs_client */;

--
-- Dumping data for table `tbl_migration`
--

LOCK TABLES `tbl_migration` WRITE;
/*!40000 ALTER TABLE `tbl_migration` DISABLE KEYS */;
INSERT INTO `tbl_migration` VALUES ('m121103_133830_create_people',1395936086),('m121103_135251_create_users',1395936086),('m121103_141403_create_roles',1395936087),('m121103_141708_create_user_roles',1395936087),('m140328_135242_create_customer_types',1396016242),('m140328_135256_create_customers',1396016243),('m140328_151047_create_countries',1396021177),('m140328_151101_create_province_states',1396021177),('m140328_151114_create_title',1396021177),('m140328_151133_create_communes',1396021177),('m140328_151141_create_districts',1396021177),('m140329_150250_create_locations',1396106934),('m140419_162409_add_customers',1398434535),('m140420_034536_create_picture_type',1397966195),('m140420_034545_create_pictures',1397966195),('m140424_155356_create_menus',1398572597),('m140424_155639_create_menu_types',1398572597),('m140425_013231_create_menu_types',1398431468),('m140425_013722_create_menus',1398431468),('m140425_140034_creat_menu_roles',1398434535),('m140426_092448_create_customer_shipping',1398572597),('m140529_102102_alter_customer_shipping',1402204740),('m140614_130349_create_suppliers',1402761953),('m140630_083235_create_currecy',1404580079),('m140713_155928_create_categories',1405267895),('m140713_161526_create_item_types',1405268396),('m140721_175500_item_unit_groups',1405268397),('m140721_175509_item_unit_details',1405268398),('m140721_175520_item_size_groups',1405268399),('m140721_175540_item_size_details',1405268400),('m140929_145223_create_item_codes',1412004182);
/*!40000 ALTER TABLE `tbl_migration` ENABLE KEYS */;
UNLOCK TABLES;

--
-- Table structure for table `titles`
--

DROP TABLE IF EXISTS `titles`;
/*!40101 SET @saved_cs_client     = @@character_set_client */;
/*!40101 SET character_set_client = utf8 */;
CREATE TABLE `titles` (
  `id` int(11) NOT NULL AUTO_INCREMENT,
  `name` varchar(50) NOT NULL,
  `descr` varchar(255) DEFAULT NULL,
  `created_at` timestamp NOT NULL DEFAULT CURRENT_TIMESTAMP,
  `modified_at` datetime DEFAULT NULL,
  `created_by` varchar(30) DEFAULT NULL,
  `modified_by` varchar(30) DEFAULT NULL,
  `active` tinyint(1) DEFAULT '1',
  PRIMARY KEY (`id`)
) ENGINE=InnoDB AUTO_INCREMENT=6 DEFAULT CHARSET=utf8;
/*!40101 SET character_set_client = @saved_cs_client */;

--
-- Dumping data for table `titles`
--

LOCK TABLES `titles` WRITE;
/*!40000 ALTER TABLE `titles` DISABLE KEYS */;
INSERT INTO `titles` VALUES (1,'Mr','Adult male','2014-04-03 16:21:03',NULL,NULL,NULL,1),(2,'Mrs','Adult females','2014-04-03 16:21:03',NULL,NULL,NULL,1),(3,'Ms','Adult females','2014-04-03 16:21:03',NULL,NULL,NULL,1),(4,'Miss','Formal title for unmarried females or for female children','2014-04-03 16:21:03',NULL,NULL,NULL,1),(5,'Master','For male children','2014-04-03 16:21:03',NULL,NULL,NULL,1);
/*!40000 ALTER TABLE `titles` ENABLE KEYS */;
UNLOCK TABLES;

--
-- Table structure for table `user_roles`
--

DROP TABLE IF EXISTS `user_roles`;
/*!40101 SET @saved_cs_client     = @@character_set_client */;
/*!40101 SET character_set_client = utf8 */;
CREATE TABLE `user_roles` (
  `id` int(11) NOT NULL AUTO_INCREMENT,
  `user_id` int(11) NOT NULL,
  `role_id` int(11) NOT NULL,
  `created_at` timestamp NOT NULL DEFAULT CURRENT_TIMESTAMP,
  `modified_at` datetime DEFAULT NULL,
  `created_by` varchar(30) DEFAULT NULL,
  `modified_by` varchar(30) DEFAULT NULL,
  `active` tinyint(1) DEFAULT '1',
  PRIMARY KEY (`id`)
) ENGINE=InnoDB AUTO_INCREMENT=9 DEFAULT CHARSET=utf8;
/*!40101 SET character_set_client = @saved_cs_client */;

--
-- Dumping data for table `user_roles`
--

LOCK TABLES `user_roles` WRITE;
/*!40000 ALTER TABLE `user_roles` DISABLE KEYS */;
INSERT INTO `user_roles` VALUES (1,1,1,'2014-03-27 16:01:27',NULL,NULL,NULL,1),(2,2,2,'2014-03-27 16:01:27',NULL,NULL,NULL,1),(3,3,3,'2014-03-27 16:01:27',NULL,NULL,NULL,1),(4,4,4,'2014-03-27 16:01:27',NULL,NULL,NULL,1),(5,1,2,'2014-03-27 16:01:27',NULL,NULL,NULL,1),(6,2,3,'2014-03-27 16:01:27',NULL,NULL,NULL,1),(7,3,4,'2014-03-27 16:01:27',NULL,NULL,NULL,1),(8,4,5,'2014-03-27 16:01:27',NULL,NULL,NULL,1);
/*!40000 ALTER TABLE `user_roles` ENABLE KEYS */;
UNLOCK TABLES;

--
-- Table structure for table `users`
--

DROP TABLE IF EXISTS `users`;
/*!40101 SET @saved_cs_client     = @@character_set_client */;
/*!40101 SET character_set_client = utf8 */;
CREATE TABLE `users` (
  `id` int(11) NOT NULL AUTO_INCREMENT,
  `email` varchar(30) NOT NULL,
  `username` varchar(255) DEFAULT NULL,
  `passwd` varchar(255) NOT NULL,
  `salted_passwd` varchar(255) DEFAULT NULL,
  `locked` tinyint(1) DEFAULT '0',
  `locked_at` datetime DEFAULT NULL,
  `validated` tinyint(1) DEFAULT '0',
  `failed_attempt` int(11) DEFAULT '0',
  `failed_attempt_at` datetime DEFAULT NULL,
  `person_id` int(11) NOT NULL,
  `validation_code` varchar(255) NOT NULL,
  `request_reset_at` datetime DEFAULT NULL,
  `expired` tinyint(1) DEFAULT '0',
  `expired_at` datetime DEFAULT NULL,
  `reset_count` int(11) DEFAULT '0',
  `reset_at` datetime DEFAULT NULL,
  `last_login_at` datetime DEFAULT NULL,
  `recovery_code` varchar(255) DEFAULT NULL,
  `created_at` timestamp NOT NULL DEFAULT CURRENT_TIMESTAMP,
  `modified_at` datetime DEFAULT NULL,
  `created_by` varchar(30) DEFAULT NULL,
  `modified_by` varchar(30) DEFAULT NULL,
  `active` tinyint(1) DEFAULT '1',
  `descr` varchar(255) DEFAULT NULL,
  `guid` varchar(255) NOT NULL,
  PRIMARY KEY (`id`)
) ENGINE=InnoDB AUTO_INCREMENT=5 DEFAULT CHARSET=utf8;
/*!40101 SET character_set_client = @saved_cs_client */;

--
-- Dumping data for table `users`
--

LOCK TABLES `users` WRITE;
/*!40000 ALTER TABLE `users` DISABLE KEYS */;
INSERT INTO `users` VALUES (1,'engeung@gmail.com','engeung','5228ef99f5e71f01b33d2023c016ff9f',NULL,0,NULL,1,0,'2014-07-19 23:00:28',1,'53344b5685b96',NULL,0,NULL,0,NULL,'2014-11-17 20:06:46',NULL,'2014-03-27 16:01:26',NULL,NULL,NULL,1,NULL,'53344b5685ba0'),(2,'amberkong@gmail.com','amberkong','5228ef99f5e71f01b33d2023c016ff9f',NULL,0,NULL,1,0,NULL,2,'53344b568c7a5',NULL,0,NULL,0,NULL,NULL,NULL,'2014-03-27 16:01:26',NULL,NULL,NULL,1,NULL,'53344b568c7b2'),(3,'lamakong@gmail.com','lamakong','5228ef99f5e71f01b33d2023c016ff9f',NULL,0,NULL,1,0,NULL,3,'53344b56933b9',NULL,0,NULL,0,NULL,NULL,NULL,'2014-03-27 16:01:26',NULL,NULL,NULL,1,NULL,'53344b56933c3'),(4,'natashakong@gmail.com','natashakong','5228ef99f5e71f01b33d2023c016ff9f',NULL,0,NULL,1,0,NULL,4,'53344b569a158',NULL,0,NULL,0,NULL,NULL,NULL,'2014-03-27 16:01:26',NULL,NULL,NULL,1,NULL,'53344b569a167');
/*!40000 ALTER TABLE `users` ENABLE KEYS */;
UNLOCK TABLES;

--
-- Table structure for table `yii_sessions`
--

DROP TABLE IF EXISTS `yii_sessions`;
/*!40101 SET @saved_cs_client     = @@character_set_client */;
/*!40101 SET character_set_client = utf8 */;
CREATE TABLE `yii_sessions` (
  `id` char(32) NOT NULL,
  `expire` int(11) DEFAULT NULL,
  `data` longblob,
  PRIMARY KEY (`id`)
) ENGINE=InnoDB DEFAULT CHARSET=utf8;
/*!40101 SET character_set_client = @saved_cs_client */;

--
-- Dumping data for table `yii_sessions`
--

LOCK TABLES `yii_sessions` WRITE;
/*!40000 ALTER TABLE `yii_sessions` DISABLE KEYS */;
INSERT INTO `yii_sessions` VALUES ('1d4eu9pqs0dd79nutvp0hsr9f6',1416161369,'flag|i:1;first_name|s:4:\"Sith\";last_name|s:4:\"Kong\";full_name|s:9:\"Sith Kong\";is_authenticated|b:1;guid|s:13:\"53344b5685ba0\";roles|s:4:\"1, 2\";'),('ogpstjgh0mossjp0opeaio7ai5',1416242842,''),('s20f4rjlsn4g9prjnrpbi5cj73',1416110755,'');
/*!40000 ALTER TABLE `yii_sessions` ENABLE KEYS */;
UNLOCK TABLES;
/*!40103 SET TIME_ZONE=@OLD_TIME_ZONE */;

/*!40101 SET SQL_MODE=@OLD_SQL_MODE */;
/*!40014 SET FOREIGN_KEY_CHECKS=@OLD_FOREIGN_KEY_CHECKS */;
/*!40014 SET UNIQUE_CHECKS=@OLD_UNIQUE_CHECKS */;
/*!40101 SET CHARACTER_SET_CLIENT=@OLD_CHARACTER_SET_CLIENT */;
/*!40101 SET CHARACTER_SET_RESULTS=@OLD_CHARACTER_SET_RESULTS */;
/*!40101 SET COLLATION_CONNECTION=@OLD_COLLATION_CONNECTION */;
/*!40111 SET SQL_NOTES=@OLD_SQL_NOTES */;

-- Dump completed on 2014-11-18 23:33:52
